ID	SMILES	compound_name	DT50_count	DT50_gmean	DT50_log_median	DT50_log_gmean	DT50_log_spread	DT50_log_std	DT50_log_bayesian_mean	DT50_log_bayesian_std	DT50_log_bayesian_mean_std	canonical_SMILES	cropped_canonical_SMILES	cropped_canonical_SMILES_no_stereo	pathway_name	compound_id	node_depth	acidity_std	CEC_log_std	OC_log_std	biomass_log_std	temperature_std	logDT50_mean	logDT50_std
1	ClC=CCCl	1,3-Dichloropropene	6	17.104550332586445	14.100000000000001	1.2331116613539739	0.4476879819655173	0.1760635729164567	1.23	0.32	0.14	ClC=CCCl	ClC=CCCl	ClC=CCCl	1,3-Dichloropropene	https://envipath.org/package/5882df9c-dae1-4d80-a40e-db4724271456/compound/cac57bca-a6b8-407a-915f-8eb1fb46661a/structure/6901fa22-a039-46d1-816f-5c9d8fee2da2	0	0.7781745019952503	0.1642450262808888		0.07451876063356085	3.72677996249965	1.23	0.14
2	OCC=CCl	3-Chloroallyl alcohol	10	0.30280113630722716	0.4	-0.5188424994129406	0.7781512503836436	0.29789824502943796	-0.55	0.41	0.14	OCC=CCl	OCC=CCl	OCC=CCl	1,3-Dichloropropene	https://envipath.org/package/5882df9c-dae1-4d80-a40e-db4724271456/compound/0bdb6cba-f7a9-4375-a0fb-b38eeef122d3/structure/b799ae3f-29f1-471f-8b55-10d39532425e	1	0.7828793010419934	0.1558410930772787		0.016893101477109096	3.0	-0.55	0.14
3	O=C([O-])C=CCl	3-Chloroacrylic acid	10	6.157492906094701	8.2	0.7894039201707914	1.6320232147054057	0.5027105195098202	0.79	0.52	0.17	O=C([O-])C=CCl	O=C([O-])C=CCl	O=C([O-])C=CCl	1,3-Dichloropropene	https://envipath.org/package/5882df9c-dae1-4d80-a40e-db4724271456/compound/2f6e4dee-68b4-4c8f-b465-e2591f3a37a6/structure/f9cc45cd-767f-48e6-b10a-7d975dd5abf3	2	0.7828793010419934	0.1558410930772787		0.01002724157737002	3.0	0.79	0.17
4	NC(=O)Cc1cccc2ccccc12	1-naphthylacetamide	6	0.36928111115087126	0.4	-0.432642906085127	1.419894584560088	0.421683623026113	-0.42	0.48	0.22	NC(=O)Cc1cccc2ccccc12	NC(=O)Cc1cccc2ccccc12	NC(=O)Cc1cccc2ccccc12	1-naphthylacetamide	https://envipath.org/package/5882df9c-dae1-4d80-a40e-db4724271456/compound/1f07634f-4c6e-4736-af3c-056f147f94c7/structure/7913d066-2daa-4d3b-9f1d-452571fb79f3	0	0.8518297299865089	0.20900236808650977		0.02792900086028097	0.0	-0.42	0.22
5	O=C(O)c1cccc2ccccc12	1-naphthoic acid (M2)	12	1.6898062802071518	1.2	0.2278369198448516	1.1153934187020695	0.42198537361879507	-0.87	0.43	1.02	O=C(O)c1cccc2ccccc12	O=C(O)c1cccc2ccccc12	O=C(O)c1cccc2ccccc12	1-naphthylacetamide	https://envipath.org/package/5882df9c-dae1-4d80-a40e-db4724271456/compound/1bb450ac-b75a-4a43-b43c-a4d1e11f61c3/structure/0cc9c9a6-7743-4756-ae4e-50e9a831e447	2	0.6169121133156291	0.17859300495523792		0.02184761862386748	0.0	-0.87	1.02
6	O=C(O)Cc1cccc2ccccc12	2-(1-naphtyl)acetic acid (M1)	10	3.2585352636649008	2.8200000000000003	0.5130224252647807	1.5610231394398717	0.43648795304302357	0.52	0.45	0.15	O=C(O)Cc1cccc2ccccc12	O=C(O)Cc1cccc2ccccc12	O=C(O)Cc1cccc2ccccc12	1-naphthylacetamide	https://envipath.org/package/5882df9c-dae1-4d80-a40e-db4724271456/compound/c8dd8052-1273-4d54-8848-1edc13bedb21/structure/84ebf8d3-5c09-457d-9ea9-88e5898a238c	1	0.546517154351078	0.21331309274469396		0.0	1.5	0.52	0.15
7	O=C(O)COc1ccc(Cl)cc1Cl	2,4-D	43	6.3262372552456085	7.0	0.8011454753937726	1.8798479403044146	0.4294565897922914	0.6	0.59	0.18	O=C(O)COc1ccc(Cl)cc1Cl	O=C(O)COc1ccc(Cl)cc1Cl	O=C(O)COc1ccc(Cl)cc1Cl	2,4-D	https://envipath.org/package/5882df9c-dae1-4d80-a40e-db4724271456/compound/a441e53a-6e7b-45fc-851c-b7c93cd1f4a1/structure/384e53de-7f1b-4cf6-bcaf-8d2a6e3784c3	0	0.7991680368412561	0.23723899586761849			3.608114985695439	0.6	0.18
8	Oc1ccc(Cl)cc1Cl	2,4-Dichlorophenol	4	2.245992420508117	3.777	0.3514082863256818	1.4614720741597682	0.5678486859496136	0.37	0.59	0.33	Oc1ccc(Cl)cc1Cl	Oc1ccc(Cl)cc1Cl	Oc1ccc(Cl)cc1Cl	2,4-DB	https://envipath.org/package/5882df9c-dae1-4d80-a40e-db4724271456/compound/ec701df9-090a-48ba-a5f3-43e947ecebe7/structure/96e61292-fa9c-49f3-9c76-f09a0e62ca74	3	0.8874119674649424	0.24094804000748685			0.0	0.37	0.33
9	O=C(O)CCCOc1ccc(Cl)cc1Cl	2,4-DB	5	2.5232813756934416	1.893	0.4019656821851858	1.4445524099062257	0.5000853873725288	0.43	0.54	0.26	O=C(O)CCCOc1ccc(Cl)cc1Cl	O=C(O)CCCOc1ccc(Cl)cc1Cl	O=C(O)CCCOc1ccc(Cl)cc1Cl	2,4-DB	https://envipath.org/package/5882df9c-dae1-4d80-a40e-db4724271456/compound/1a567571-d6aa-4f3e-849f-6c2be79b077e/structure/ff51abea-e07d-4088-8753-1bdc40aa5d09	0	0.8138795979750323	0.2912000281627246			2.0	0.43	0.26
10	O=C(O)COc1ccc2ccccc2c1	2-naphthyloxyacetic acid	28	31.318890579733775	35.985	1.4958063694895651	1.6424886483835706	0.40857877950156596	1.5	0.42	0.08	O=C(O)COc1ccc2ccccc2c1	O=C(O)COc1ccc2ccccc2c1	O=C(O)COc1ccc2ccccc2c1	2-naphthyloxyacetic acid	https://envipath.org/package/5882df9c-dae1-4d80-a40e-db4724271456/compound/a7714bce-6f0e-47fb-8cab-fab3dc7a6005/structure/41e11b49-eb9b-42ba-942b-f4758f3ce4ed	0	0.964764695854563	0.15850754089546756			5.24890659167824	1.5	0.08
11	c1ccc(CNc2[nH]cnc3ncnc2-3)cc1	6-Benzyladenine	6	2.048614896521323	1.15	0.31146032636867504	0.9030899869919435	0.39910316889688646	0.2	0.59	0.28	c1ccc(CNc2[nH]cnc3ncnc2-3)cc1	c1ccc(CNc2[nH]cnc3ncnc2-3)cc1	c1ccc(CNc2[nH]cnc3ncnc2-3)cc1	6-Benzyladenine	https://envipath.org/package/5882df9c-dae1-4d80-a40e-db4724271456/compound/a6803b7c-6b27-42e5-b34e-a0a696a2b9f7/structure/ea240b1a-2084-440f-8549-305436ffccc2	0	1.1190273554396346	0.20862022455551546			3.299831645537222	0.2	0.28
12	Oc1cccc2cccnc12	8-hydroxyquinoline	5	1.9075475054662794	7.5	0.2804753624093359	2.035667830220236	0.8622050540294908	0.19	0.97	0.48	Oc1cccc2cccnc12	Oc1cccc2cccnc12	Oc1cccc2cccnc12	8-hydroxyquinoline	https://envipath.org/package/5882df9c-dae1-4d80-a40e-db4724271456/compound/60ca6b06-b65b-4a56-8982-33ec92a11d51/structure/9cb03246-e1b2-4e02-9a47-871760140fca	0	0.271293199325011	0.049734422682652275			4.0	0.19	0.48
13	CCCCCCCCCCCCC1=C(OC(C)=O)C(=O)c2ccccc2C1=O	Acequinocyl	7	2.0269822613807	2.1	0.3068499480920283	0.4057653461839941	0.12198916753426446	0.31	0.3	0.12	CCCCCCCCCCCCC1=C(OC(C)=O)C(=O)c2ccccc2C1=O	CCCCCCCCCCCCC1=C(OC(C)=O)C(=O)c2ccccc2C1=O	CCCCCCCCCCCCC1=C(OC(C)=O)C(=O)c2ccccc2C1=O	Acequinocyl	https://envipath.org/package/5882df9c-dae1-4d80-a40e-db4724271456/compound/dbda1459-9825-414b-956d-e6d90f85d341/structure/5b9eb677-509f-4840-9a41-eb43a6eacb35	0	0.9093617407336883	0.23980521817137657			3.4992710611188254	0.31	0.12
14	CCCCCCCCCCCCC(=O)C(=O)c1ccccc1C(=O)O	AKM 18	1	3.5	3.5	0.5440680443502757	0.0	0.0	0.6	0.47	0.58	CCCCCCCCCCCCC(=O)C(=O)c1ccccc1C(=O)O	CCCCCCCCCCCCC(=O)C(=O)c1ccccc1C(=O)O	CCCCCCCCCCCCC(=O)C(=O)c1ccccc1C(=O)O	Acequinocyl	https://envipath.org/package/5882df9c-dae1-4d80-a40e-db4724271456/compound/a5ad0fb3-16b5-49f5-a915-11c740fc2958/structure/54548a04-e2c5-4d96-af82-ac7640d3e3ac	2	0.0	0.0			0.0	0.6	0.58
15	CCCCCCCCCCCCC1=C(O)C(=O)c2ccccc2C1=O	R1	6	8.808171256071315	10.45	0.9448857499741089	1.3891660843645324	0.4656265299693528	0.95	0.5	0.23	CCCCCCCCCCCCC1=C(O)C(=O)c2ccccc2C1=O	CCCCCCCCCCCCC1=C(O)C(=O)c2ccccc2C1=O	CCCCCCCCCCCCC1=C(O)C(=O)c2ccccc2C1=O	Acequinocyl	https://envipath.org/package/5882df9c-dae1-4d80-a40e-db4724271456/compound/67586ccd-992b-487c-9a95-af29c8dd6535/structure/c0563cfb-5a61-4eff-b56a-2cce9af57d5e	1	0.7588368291888138	0.21624201422735528			0.0	0.95	0.23
16	CC(=N)N(C)Cc1ccc(Cl)nc1	IM-1-5	5	438.99285447561664	420.0	2.642457451251083	0.317788344854828	0.10762362638688731	2.62	0.32	0.16	CC(=N)N(C)Cc1ccc(Cl)nc1	CC(=N)N(C)Cc1ccc(Cl)nc1	CC(=N)N(C)Cc1ccc(Cl)nc1	Acetamiprid	https://envipath.org/package/5882df9c-dae1-4d80-a40e-db4724271456/compound/4b67e1a0-106e-4991-8b6e-d6e077688d0d/structure/5f08fd82-61c5-49f4-95bf-fbdd1db504cc	1	0.31874754901018443	0.32475274299277257			0.0	2.62	0.16
17	CC(=NC(N)=O)N(C)Cc1ccc(Cl)nc1	IM-1-2	4	0.8717797887081347	1.75	-0.05959320385960435	1.2787536009528289	0.5437983789105075	-0.08	0.69	0.4	CC(=NC(N)=O)N(C)Cc1ccc(Cl)nc1	CC(=NC(N)=O)N(C)Cc1ccc(Cl)nc1	CC(=NC(N)=O)N(C)Cc1ccc(Cl)nc1	Acetamiprid	https://envipath.org/package/5882df9c-dae1-4d80-a40e-db4724271456/compound/2708a273-85f4-4c59-8c5a-d9cd2f4d74ff/structure/fa7dfd58-3ffc-48b8-b444-fcd2db9bfcb0	1	0.14999999999999983	0.0			0.0	-0.08	0.4
18	O=C(O)c1ccc(Cl)nc1	6-chloronicotinic-acid	7	2.6904971622736555	2.7	0.42983253832284257	0.6020599913279623	0.18305142653747736	0.43	0.31	0.13	O=C(O)c1ccc(Cl)nc1	O=C(O)c1ccc(Cl)nc1	O=C(O)c1ccc(Cl)nc1	Acetamiprid	https://envipath.org/package/5882df9c-dae1-4d80-a40e-db4724271456/compound/60f274c6-4950-49bf-8d80-a79bedf11a17/structure/4a08592e-16f3-4c54-a0f1-5c93384cea21	3	0.3958973274443147	0.38641612517790486			0.0	0.43	0.13
19	CC(=NC#N)N(C)Cc1ccc(Cl)nc1	Acetamiprid	8	1.862067977971697	1.25	0.26999553159650996	0.9945371042984978	0.3448699447786488	0.27	0.4	0.15	CC(=NC#N)N(C)Cc1ccc(Cl)nc1	CC(=NC#N)N(C)Cc1ccc(Cl)nc1	CC(=NC#N)N(C)Cc1ccc(Cl)nc1	Acetamiprid	https://envipath.org/package/5882df9c-dae1-4d80-a40e-db4724271456/compound/286b18f0-c4c5-4b6b-9e66-f22ddb5cc020/structure/efba0c0b-8913-4a78-8375-cbb4d5b49abf	0	0.6571719714047458	0.3317284062403507			3.307189138830738	0.27	0.15
20	CNCc1ccc(Cl)nc1	IM-1-4	8	19.081053664295183	25.200000000000003	1.2806023529652717	1.8717759243235415	0.7925748435517989	1.3	0.79	0.3	CNCc1ccc(Cl)nc1	CNCc1ccc(Cl)nc1	CNCc1ccc(Cl)nc1	Acetamiprid	https://envipath.org/package/5882df9c-dae1-4d80-a40e-db4724271456/compound/da542916-453e-4db6-8430-12a7c4787731/structure/4c1060ad-7286-44e5-a6b9-6234a4b3c57a	2	0.6571719714047458	0.3317284062403507			3.307189138830738	1.3	0.3
21	CC(=O)O	Acetic acid	2	0.6	0.6	-0.2218487496163564	0.0	0.0	-1.24	0.47	0.97	CC(=O)O	CC(=O)O	CC(=O)O	Acetic acid	https://envipath.org/package/5882df9c-dae1-4d80-a40e-db4724271456/compound/5e4989fc-13d3-45d4-ad57-3be380a9d3c0/structure/001ae332-266b-42f3-9737-3e1c793221dc	0	0.44999999999999973				0.0	-1.24	0.97
22	CCOCN(C(=O)CS(=O)(=O)O)c1c(C)cccc1CC	t-sulfonic acid  (7)	3	75.75103201983613	89.0	1.8793885539725859	0.65174777551707	0.27063991237440604	1.89	0.42	0.29	CCOCN(C(=O)CS(=O)(=O)O)c1c(C)cccc1CC	CCOCN(C(=O)CS(=O)(=O)O)c1c(C)cccc1CC	CCOCN(C(=O)CS(=O)(=O)O)c1c(C)cccc1CC	Acetochlor	https://envipath.org/package/5882df9c-dae1-4d80-a40e-db4724271456/compound/a42e1393-d7c9-482b-b6d2-6d5cd0e68d82/structure/ca4c9de3-fefa-443a-8ccb-66b21deb5d3a	4	0.8339997335464533	0.2989762238128564			0.0	1.89	0.29
23	CCOCN(C(=O)CCl)c1c(C)cccc1CC	Acetochlor	51	9.361121957412399	10.0	0.9713279033013763	2.1962946451439684	0.33690277291583154	0.97	0.34	0.05	CCOCN(C(=O)CCl)c1c(C)cccc1CC	CCOCN(C(=O)CCl)c1c(C)cccc1CC	CCOCN(C(=O)CCl)c1c(C)cccc1CC	Acetochlor	https://envipath.org/package/5882df9c-dae1-4d80-a40e-db4724271456/compound/159946c6-229c-4254-82af-56c986511c9e/structure/c104a977-2e6a-4c83-8206-ebef5f400e67	0	0.9300666642773515	0.2761893341853936			1.582934559033259	0.97	0.05
24	CCOCN(C(=O)C(=O)O)c1c(C)cccc1CC	t-oxanilic acid (2)	3	38.91896388570882	30.0	1.5901612698103695	0.9411800366000831	0.3924610376265937	1.57	0.48	0.32	CCOCN(C(=O)C(=O)O)c1c(C)cccc1CC	CCOCN(C(=O)C(=O)O)c1c(C)cccc1CC	CCOCN(C(=O)C(=O)O)c1c(C)cccc1CC	Acetochlor	https://envipath.org/package/5882df9c-dae1-4d80-a40e-db4724271456/compound/162c37d6-57c9-4350-a918-c548f1d5e374/structure/76a9c654-8539-4714-9fbf-2add589b996a	2	0.8339997335464533	0.2989762238128564			0.0	1.57	0.32
25	CCOCN(C(C)=O)c1c(C)cccc1CC	N-(ethoxymethyl)-N-(2-ethyl-6-methylphenyl)acetamide (6)	3	40.73314695727592	33.0	1.6099479640605603	0.30102999566398103	0.1388642026250641	1.63	0.36	0.25	CCOCN(C(C)=O)c1c(C)cccc1CC	CCOCN(C(C)=O)c1c(C)cccc1CC	CCOCN(C(C)=O)c1c(C)cccc1CC	Acetochlor	https://envipath.org/package/5882df9c-dae1-4d80-a40e-db4724271456/compound/24ada201-f7e2-468e-a99f-d2dcad580fe4/structure/85416337-6a0c-44b7-a4db-d0aee355c51b	1	0.7245381670799377	0.179230047953724			0.0	1.63	0.25
26	CCc1cccc(C)c1NC(=O)CS(=O)(=O)O	s-sulfonic acid (13)	3	53.20289029277973	54.5	1.7259352263572427	0.4699663238319256	0.19200549489432145	1.72	0.39	0.26	CCc1cccc(C)c1NC(=O)CS(=O)(=O)O	CCc1cccc(C)c1NC(=O)CS(=O)(=O)O	CCc1cccc(C)c1NC(=O)CS(=O)(=O)O	Acetochlor	https://envipath.org/package/5882df9c-dae1-4d80-a40e-db4724271456/compound/e6ca9677-8771-41ba-b002-3c54402b1ce5/structure/80520c20-f560-4463-a390-90c495f1e179	5	0.8339997335464535	0.01636192240431178			0.0	1.72	0.26
27	CCOCN(C(=O)CS(=O)CC(=O)O)c1c(C)cccc1CC	t-sulfinyl acetic acid (3)	3	91.76752901551633	92.0	1.9626890378024786	0.1741567592784814	0.07110344438183337	1.94	0.36	0.24	CCOCN(C(=O)CS(=O)CC(=O)O)c1c(C)cccc1CC	CCOCN(C(=O)CS(=O)CC(=O)O)c1c(C)cccc1CC	CCOCN(C(=O)CS(=O)CC(=O)O)c1c(C)cccc1CC	Acetochlor	https://envipath.org/package/5882df9c-dae1-4d80-a40e-db4724271456/compound/b33295fd-ea8c-443a-86cd-046599460519/structure/0f8c8a0a-1bfd-470b-9aef-dbd8e7784155	4	0.8339997335464533	0.2989762238128564			0.0	1.94	0.24
28	CSC(=O)c1cccc2nnsc12	Acibenzolar-S-Methyl	20	0.14347329575637474	0.19	-0.8432289253055076	1.500307313545676	0.44191181522009876	-0.81	0.45	0.11	CSC(=O)c1cccc2nnsc12	CSC(=O)c1cccc2nnsc12	CSC(=O)c1cccc2nnsc12	Acibenzolar-S-Methyl	https://envipath.org/package/5882df9c-dae1-4d80-a40e-db4724271456/compound/0747e8a4-db36-46f8-818b-a104b2f1acb0/structure/544a77ff-70fc-4f16-b0ef-6fb957a8adad	0	0.4763139720814411	0.12379192920555225			0.0	-0.81	0.11
29	O=C(O)c1cccc2nnsc12	CGA210007	16	21.37979708560604	22.1	1.33000357902899	1.421700447479608	0.40187976707613976	1.33	0.41	0.11	O=C(O)c1cccc2nnsc12	O=C(O)c1cccc2nnsc12	O=C(O)c1cccc2nnsc12	Acibenzolar-S-Methyl	https://envipath.org/package/5882df9c-dae1-4d80-a40e-db4724271456/compound/89465e68-b68c-4f69-aa4b-cbb1390eaf62/structure/dc162ef2-25c2-4ee2-adba-5fe459e91739	1					0.0	1.33	0.11
30	Nc1c([N+](=O)[O-])ccc(Oc2ccccc2)c1Cl	Aclonifen	10	81.55993012336045	74.5	1.9114768450235622	0.7844914284146627	0.25935173585470517	1.92	0.32	0.11	Nc1c([N+](=O)[O-])ccc(Oc2ccccc2)c1Cl	Nc1c([N+](=O)[O-])ccc(Oc2ccccc2)c1Cl	Nc1c([N+](=O)[O-])ccc(Oc2ccccc2)c1Cl	Aclonifen	https://envipath.org/package/5882df9c-dae1-4d80-a40e-db4724271456/compound/d58fa09b-1001-407b-a843-35accf511fa5/structure/c88fadd6-0609-4555-8920-aa97c2219778	0	0.4223742416388575	0.2648682248216953			4.58257569495584	1.92	0.11
31	CC1(C)C(C=CC(=O)OC(C(F)(F)F)C(F)(F)F)C1C(=O)OC(C#N)c1cccc(Oc2ccccc2)c1	Acrinathrin	9	21.62122038471931	19.0	1.3348802035576854	1.100370545117563	0.3252222491105887	1.33	0.37	0.13	CC1(C)C(C=CC(=O)OC(C(F)(F)F)C(F)(F)F)C1C(=O)OC(C#N)c1cccc(Oc2ccccc2)c1	CC1(C)C(C=CC(=O)OC(C(F)(F)F)C(F)(F)F)C1C(=O)OC(C#N)c1cccc(Oc2ccccc2)c1	CC1(C)C(C=CC(=O)OC(C(F)(F)F)C(F)(F)F)C1C(=O)OC(C#N)c1cccc(Oc2ccccc2)c1	Acrinathrin	https://envipath.org/package/5882df9c-dae1-4d80-a40e-db4724271456/compound/0c081d82-6c64-439f-87b1-d9a32c88dc5f/structure/bd90ed58-5d3c-4d07-898f-d75475e40a6a	0	0.8781293248212994	0.20880488203713363			3.1426968052735447	1.33	0.13
32	COc1cc(O)nc(NC(=O)NS(=O)(=O)N(C)S(C)(=O)=O)n1	M2 (AE F101630)	6	6.041082272429717	4.85	0.781114750349386	0.7923916894982538	0.2973936668622528	0.79	0.37	0.17	COc1cc(O)nc(NC(=O)NS(=O)(=O)N(C)S(C)(=O)=O)n1	COc1cc(O)nc(NC(=O)NS(=O)(=O)N(C)S(C)(=O)=O)n1	COc1cc(O)nc(NC(=O)NS(=O)(=O)N(C)S(C)(=O)=O)n1	Amidosulfuron	https://envipath.org/package/5882df9c-dae1-4d80-a40e-db4724271456/compound/1d385801-75d6-4879-b67d-d580559b5074/structure/59a0534a-eb9b-4885-94d7-0ecf09a5ead2	1	0.9339283817414602	0.2621433552794358			0.0	0.79	0.17
33	COc1cc(OC)nc(NC(=O)NS(=O)(=O)N(C)S(C)(=O)=O)n1	Amidosulfuron	16	17.05986573878345	22.35	1.2319756089455178	1.2385022948534132	0.33680700923812634	1.24	0.36	0.09	COc1cc(OC)nc(NC(=O)NS(=O)(=O)N(C)S(C)(=O)=O)n1	COc1cc(OC)nc(NC(=O)NS(=O)(=O)N(C)S(C)(=O)=O)n1	COc1cc(OC)nc(NC(=O)NS(=O)(=O)N(C)S(C)(=O)=O)n1	Amidosulfuron	https://envipath.org/package/5882df9c-dae1-4d80-a40e-db4724271456/compound/be52579e-7db4-4e9c-af03-f0c6060bbe50/structure/7f97353a-91ca-40ae-a000-2eeadfae0e60	0	0.9013011427930181	0.2415495947321555			2.4206145913796355	1.24	0.09
34	COc1nc(NC(=O)NS(=O)(=O)N(C)S(C)(=O)=O)nc(O)c1O	M1 (AE F128870)	4	95.33597753452462	133.3	1.979256823997433	1.2110399580060143	0.4570200892510223	1.96	0.49	0.27	COc1nc(NC(=O)NS(=O)(=O)N(C)S(C)(=O)=O)nc(O)c1O	COc1nc(NC(=O)NS(=O)(=O)N(C)S(C)(=O)=O)nc(O)c1O	COc1nc(NC(=O)NS(=O)(=O)N(C)S(C)(=O)=O)nc(O)c1O	Amidosulfuron	https://envipath.org/package/5882df9c-dae1-4d80-a40e-db4724271456/compound/7e96e814-23b5-4efd-b97e-3b512e54a9cd/structure/abbedab2-ad64-49fb-9ecf-fd0b41902138	2	1.0256095748383007	0.2709308606354518			0.0	1.96	0.27
35	Nc1cc(Cl)nc(C(=O)O)c1Cl	Aminopyralid	6	86.31484976807353	96.55000000000001	1.9360855189775066	1.1824060055423995	0.4082506242655986	1.91	0.46	0.21	Nc1cc(Cl)nc(C(=O)O)c1Cl	Nc1cc(Cl)nc(C(=O)O)c1Cl	Nc1cc(Cl)nc(C(=O)O)c1Cl	Aminopyralid	https://envipath.org/package/5882df9c-dae1-4d80-a40e-db4724271456/compound/7e4fc42a-712a-4b9a-9cfd-bdb3ad7de21d/structure/4a1f812c-9509-4d5a-9655-f09fc4e09820	0	0.9445751543536505	0.11572713148439272			5.773502691896258	1.91	0.21
36	Cc1c(Br)c2ccc(F)cc2n1S(=O)(=O)c1ncn(S(=O)(=O)N(C)C)n1	Amisulbrom	6	97.60989716386956	102.0	1.9894938552254546	1.1991565631243746	0.35090848134811603	1.98	0.4	0.18	Cc1c(Br)c2ccc(F)cc2n1S(=O)(=O)c1ncn(S(=O)(=O)N(C)C)n1	Cc1c(Br)c2ccc(F)cc2n1S(=O)(=O)c1ncn(S(=O)(=O)N(C)C)n1	Cc1c(Br)c2ccc(F)cc2n1S(=O)(=O)c1ncn(S(=O)(=O)N(C)C)n1	Amisulbrom	https://envipath.org/package/5882df9c-dae1-4d80-a40e-db4724271456/compound/a9602959-95ce-4eeb-9f2a-19178dc21ba9/structure/09796754-4554-4985-9438-69e8be43b1cf	0	0.7063206700139031	0.13324662015797267			3.72677996249965	1.98	0.18
37	Cc1c(Br)c2ccc(F)cc2n1S(=O)(=O)c1nc[nH]n1	IT-4	9	59.84028476290502	49.0	1.7769936515453095	0.5006023505691855	0.1767344660363423	1.78	0.29	0.1	Cc1c(Br)c2ccc(F)cc2n1S(=O)(=O)c1nc[nH]n1	Cc1c(Br)c2ccc(F)cc2n1S(=O)(=O)c1nc[nH]n1	Cc1c(Br)c2ccc(F)cc2n1S(=O)(=O)c1nc[nH]n1	Amisulbrom	https://envipath.org/package/5882df9c-dae1-4d80-a40e-db4724271456/compound/a08da785-a68a-4ace-8ea1-463129d5300e/structure/b82689b1-23d6-4a67-b9c0-a26853233488	1	1.0972468351669786	0.2952276137500034			3.1426968052735447	1.78	0.1
38	Nc1ncn[nH]1	Amitrole	11	10.202551185447485	6.8	1.0087087822741871	1.829303772831025	0.6025219712800177	1.02	0.62	0.19	Nc1ncn[nH]1	Nc1ncn[nH]1	Nc1ncn[nH]1	Amitrole	https://envipath.org/package/5882df9c-dae1-4d80-a40e-db4724271456/compound/ff433725-79a6-4733-aec3-c6574de16060/structure/b28b2530-c2fc-4b6e-a0ca-4116f78e9d4b	0	0.0	0.0			7.5	1.02	0.19
39	Nc1ccc(S(N)(=O)=O)cc1	Sulfanilamide	3	7.592975966423466	6.4	0.8804120252346679	0.5286310741694289	0.2221043316687827	0.88	0.39	0.27	Nc1ccc(S(N)(=O)=O)cc1	Nc1ccc(S(N)(=O)=O)cc1	Nc1ccc(S(N)(=O)=O)cc1	Asulam	https://envipath.org/package/5882df9c-dae1-4d80-a40e-db4724271456/compound/6687d1dc-8690-4b1b-b457-1eb303fe5a34/structure/b0d8caba-bdc9-4d38-9b16-575f8b452e92	1	1.5121728296285006				0.0	0.88	0.27
40	COC(=O)NS(=O)(=O)c1ccc(N)cc1	Asulam	5	4.685087341429677	3.89	0.6707176916053075	0.5892186848885534	0.202263611322276	0.68	0.34	0.16	COC(=O)NS(=O)(=O)c1ccc(N)cc1	COC(=O)NS(=O)(=O)c1ccc(N)cc1	COC(=O)NS(=O)(=O)c1ccc(N)cc1	Asulam	https://envipath.org/package/5882df9c-dae1-4d80-a40e-db4724271456/compound/a02e85ca-1db5-4055-b523-9f28d2bad877/structure/d9d82c94-6cea-40f9-977b-ea4ef3b14664	0	0.7440430095095312	0.1967787629678033			4.0	0.68	0.16
41	CCC(C)C1OC2(C=CC1C)CC1CC(CC=C(C)C(OC3CC(OC)C(OC4CC(OC)C(O)C(C)O4)C(C)O3)C(C)C=CC=C3C(=O)OC4C(O)C(C)CC(C(=O)O1)C34O)O2	NOA 448111 (8a-oxo avermectin B1a)	6	43.802098763389985	45.349999999999994	1.641494920082229	0.1909329167718603	0.06257615582752792	1.63	0.3	0.13	CCC(C)C1OC2(C=CC1C)CC1CC(CC=C(C)C(OC3CC(OC)C(OC4CC(OC)C(O)C(C)O4)C(C)O3)C(C)C=CC=C3C(=O)OC4C(O)C(C)CC(C(=O)O1)C34O)O2	CCC(C)C1OC2(C=CC1C)CC1CC(CC=C(C)C(OC3CC(OC)C(OC4CC(OC)C(O)C(C)O4)C(C)O3)C(C)C=CC=C3C(=O)OC4C(O)C(C)CC(C(=O)O1)C34O)O2	CCC(C)C1OC2(C=CC1C)CC1CC(CC=C(C)C(OC3CC(OC)C(OC4CC(OC)C(O)C(C)O4)C(C)O3)C(C)C=CC=C3C(=O)OC4C(O)C(C)CC(C(=O)O1)C34O)O2	Avermectin B1a	https://envipath.org/package/5882df9c-dae1-4d80-a40e-db4724271456/compound/99500214-901c-4e3c-9d31-b6c719a74159/structure/693b240a-800c-4f56-99e7-beefb258937b	1	0.24944382578492952	0.12656961363124283			4.714045207910316	1.63	0.13
42	CCC(C)C1OC2(C=CC1C)CC1CC(CC=C(C)C(OC3CC(OC)C(OC4CC(OC)C(O)C(C)O4)C(C)O3)C(C)C=CC=C3C(=O)OC4C(O)C(C)(O)C=C(C(=O)O1)C34O)O2	NOA 457465 (8a-oxo-hydroxy avermectin B1a)	3	80.73091626334201	137.0	1.9070398815786138	0.8916931286781569	0.3986176714000303	1.88	0.48	0.32	CCC(C)C1OC2(C=CC1C)CC1CC(CC=C(C)C(OC3CC(OC)C(OC4CC(OC)C(O)C(C)O4)C(C)O3)C(C)C=CC=C3C(=O)OC4C(O)C(C)(O)C=C(C(=O)O1)C34O)O2	CCC(C)C1OC2(C=CC1C)CC1CC(CC=C(C)C(OC3CC(OC)C(OC4CC(OC)C(O)C(C)O4)C(C)O3)C(C)C=CC=C3C(=O)OC4C(O)C(C)(O)C=C(C(=O)O1)C34O)O2	CCC(C)C1OC2(C=CC1C)CC1CC(CC=C(C)C(OC3CC(OC)C(OC4CC(OC)C(O)C(C)O4)C(C)O3)C(C)C=CC=C3C(=O)OC4C(O)C(C)(O)C=C(C(=O)O1)C34O)O2	Avermectin B1a	https://envipath.org/package/5882df9c-dae1-4d80-a40e-db4724271456/compound/6f9fba22-317b-4e7a-ba73-3f3fe1d33541/structure/edb1c73b-5696-4184-9816-93017f223147	2	0.2624669291337272	0.15693108702617095			0.0	1.88	0.32
43	CCC(C)C1OC2(C=CC1C)CC1CC(CC=C(C)C(OC3CC(OC)C(OC4CC(OC)C(O)C(C)O4)C(C)O3)C(C)C=CC=C3C(O)OC4C(O)C(C)CC(C(=O)O1)C34O)O2	NOA 448112 (8a-hydroxy avermectin B1a)	6	33.72747620732409	28.4	1.5279838445915002	0.5213454886766513	0.17563622601568094	1.54	0.32	0.14	CCC(C)C1OC2(C=CC1C)CC1CC(CC=C(C)C(OC3CC(OC)C(OC4CC(OC)C(O)C(C)O4)C(C)O3)C(C)C=CC=C3C(O)OC4C(O)C(C)CC(C(=O)O1)C34O)O2	CCC(C)C1OC2(C=CC1C)CC1CC(CC=C(C)C(OC3CC(OC)C(OC4CC(OC)C(O)C(C)O4)C(C)O3)C(C)C=CC=C3C(O)OC4C(O)C(C)CC(C(=O)O1)C34O)O2	CCC(C)C1OC2(C=CC1C)CC1CC(CC=C(C)C(OC3CC(OC)C(OC4CC(OC)C(O)C(C)O4)C(C)O3)C(C)C=CC=C3C(O)OC4C(O)C(C)CC(C(=O)O1)C34O)O2	Avermectin B1a	https://envipath.org/package/5882df9c-dae1-4d80-a40e-db4724271456/compound/fe48e49e-dc3c-425d-afed-151540aeb8b6/structure/4bf2da13-0b87-49c6-aec6-4be212179ab9	1	0.24944382578492952	0.1265696136312428			4.714045207910317	1.54	0.14
44	CCC(C)C1OC2(C=CC1C)CC1CC(CC=C(C)C(OC3CC(OC)C(OC4CC(OC)C(O)C(C)O4)C(C)O3)C(C)C=CC=C3COC4C(O)C(C)=CC(C(=O)O1)C34O)O2	Avermectin B1a	15	30.02707196156379	24.4	1.4775129847819286	0.7683473468895994	0.21593907798562303	1.48	0.28	0.08	CCC(C)C1OC2(C=CC1C)CC1CC(CC=C(C)C(OC3CC(OC)C(OC4CC(OC)C(O)C(C)O4)C(C)O3)C(C)C=CC=C3COC4C(O)C(C)=CC(C(=O)O1)C34O)O2	CCC(C)C1OC2(C=CC1C)CC1CC(CC=C(C)C(OC3CC(OC)C(OC4CC(OC)C(O)C(C)O4)C(C)O3)C(C)C=CC=C3COC4C(O)C(C)=CC(C(=O)O1)C34O)O2	CCC(C)C1OC2(C=CC1C)CC1CC(CC=C(C)C(OC3CC(OC)C(OC4CC(OC)C(O)C(C)O4)C(C)O3)C(C)C=CC=C3COC4C(O)C(C)=CC(C(=O)O1)C34O)O2	Avermectin B1a	https://envipath.org/package/5882df9c-dae1-4d80-a40e-db4724271456/compound/432c8cbc-c8f5-4e47-a4c2-8f93e9201247/structure/7ef6c00e-cbc3-4c60-a9ac-14fe17f717d0	0	0.5055250296034368	0.23452045354290224			5.994789404140899	1.48	0.08
45	CCC(C)C1OC2(C=CC1C)CC1CC(CC=C(C)C(OC3CC(OC)C(OC4CC(OC)C(O)C(C)O4)C(C)O3)C(C)C=CC=C3C(O)OC4C(O)C(C)(O)C=C(C(=O)O1)C34O)O2	NOA 457464 (4,8a-hydroxy avermectin B1a)	3	62.52687910522875	59.5	1.796066752346064	0.3775870978854572	0.15490061136060926	1.79	0.39	0.26	CCC(C)C1OC2(C=CC1C)CC1CC(CC=C(C)C(OC3CC(OC)C(OC4CC(OC)C(O)C(C)O4)C(C)O3)C(C)C=CC=C3C(O)OC4C(O)C(C)(O)C=C(C(=O)O1)C34O)O2	CCC(C)C1OC2(C=CC1C)CC1CC(CC=C(C)C(OC3CC(OC)C(OC4CC(OC)C(O)C(C)O4)C(C)O3)C(C)C=CC=C3C(O)OC4C(O)C(C)(O)C=C(C(=O)O1)C34O)O2	CCC(C)C1OC2(C=CC1C)CC1CC(CC=C(C)C(OC3CC(OC)C(OC4CC(OC)C(O)C(C)O4)C(C)O3)C(C)C=CC=C3C(O)OC4C(O)C(C)(O)C=C(C(=O)O1)C34O)O2	Avermectin B1a	https://envipath.org/package/5882df9c-dae1-4d80-a40e-db4724271456/compound/0c22563f-a40f-4f52-9c69-a0deb4f7322e/structure/94833f58-8cf5-45c8-b5f9-c39d92a0819a	2	0.2624669291337272	0.15693108702617095			0.0	1.79	0.26
46	CC=C(C)C(=O)OC1CC(O)C23COC(C(=O)OC)C2C(C)(C24OC2(C)C2CC4OC4OC=CC42O)C(O)C2OCC1(C(=O)OC)C23	Azadirachtin B	2	22.275075757446935	24.645	1.3478191897452858	0.3972001541798118	0.1986000770899059	1.38	0.42	0.36	CC=C(C)C(=O)OC1CC(O)C23COC(C(=O)OC)C2C(C)(C24OC2(C)C2CC4OC4OC=CC42O)C(O)C2OCC1(C(=O)OC)C23	CC=C(C)C(=O)OC1CC(O)C23COC(C(=O)OC)C2C(C)(C24OC2(C)C2CC4OC4OC=CC42O)C(O)C2OCC1(C(=O)OC)C23	CC=C(C)C(=O)OC1CC(O)C23COC(C(=O)OC)C2C(C)(C24OC2(C)C2CC4OC4OC=CC42O)C(O)C2OCC1(C(=O)OC)C23	Azadirachtin 	https://envipath.org/package/5882df9c-dae1-4d80-a40e-db4724271456/compound/48a7f542-65ba-4808-910f-a444a8d0dc76/structure/fb697dfa-50d5-47fb-a48f-350ebf330a31	-99	1.0499999999999998				0.0	1.38	0.36
47	CC=C(C)C(=O)OC1CC(OC(C)=O)C2(C(=O)OC)COC3C2C12COC(O)(C(=O)OC)C2C(C)(C12OC1(C)C1CC2OC2OC=CC21O)C3O	Azadirachtin A	7	4.6910424217699305	4.0	0.671269360352251	1.1289771270735065	0.37955353263490915	0.7	0.42	0.17	CC=C(C)C(=O)OC1CC(OC(C)=O)C2(C(=O)OC)COC3C2C12COC(O)(C(=O)OC)C2C(C)(C12OC1(C)C1CC2OC2OC=CC21O)C3O	CC=C(C)C(=O)OC1CC(OC(C)=O)C2(C(=O)OC)COC3C2C12COC(O)(C(=O)OC)C2C(C)(C12OC1(C)C1CC2OC2OC=CC21O)C3O	CC=C(C)C(=O)OC1CC(OC(C)=O)C2(C(=O)OC)COC3C2C12COC(O)(C(=O)OC)C2C(C)(C12OC1(C)C1CC2OC2OC=CC21O)C3O	Azadirachtin 	https://envipath.org/package/5882df9c-dae1-4d80-a40e-db4724271456/compound/2bef546d-050c-4987-9041-8287138b631b/structure/9e69e671-c6f7-44d8-8e20-6623920d6532	0	0.7610411772495544	0.21458539697891246			2.3570226039551585	0.7	0.17
48	COc1cc(O)nc(NC(=O)NS(=O)(=O)c2c(-c3nnn(C)n3)cnn2C)n1	JJ999	3	20.911292478843627	9.9	1.3203808763892917	1.3396807212846142	0.5931727837806922	1.35	0.63	0.42	COc1cc(O)nc(NC(=O)NS(=O)(=O)c2c(-c3nnn(C)n3)cnn2C)n1	COc1cc(O)nc(NC(=O)NS(=O)(=O)c2c(-c3nnn(C)n3)cnn2C)n1	COc1cc(O)nc(NC(=O)NS(=O)(=O)c2c(-c3nnn(C)n3)cnn2C)n1	Azimsulfuron	https://envipath.org/package/5882df9c-dae1-4d80-a40e-db4724271456/compound/ea1d8a6c-cac2-4974-a8ff-95691a48e422/structure/e118a2b8-378f-4a15-9ae4-6f02ae34c615	1	0.0	0.0			0.0	1.35	0.42
49	COc1cc(OC)nc(NC(=O)NS(=O)(=O)c2c(-c3nnn(C)n3)cnn2C)n1	Azimsulfuron	7	41.29574912991032	31.9	1.6159053488855124	0.8851519719032033	0.32990200765113387	1.62	0.39	0.16	COc1cc(OC)nc(NC(=O)NS(=O)(=O)c2c(-c3nnn(C)n3)cnn2C)n1	COc1cc(OC)nc(NC(=O)NS(=O)(=O)c2c(-c3nnn(C)n3)cnn2C)n1	COc1cc(OC)nc(NC(=O)NS(=O)(=O)c2c(-c3nnn(C)n3)cnn2C)n1	Azimsulfuron	https://envipath.org/package/5882df9c-dae1-4d80-a40e-db4724271456/compound/a18a8225-9a7c-47e9-994d-41ebc8f90973/structure/f56ed789-e870-42db-8f1e-ce66b00f0a13	0	0.9431860898041275	0.0			2.4743582965269675	1.62	0.16
50	COc1cc(OC)nc(N)n1	S13 (2-amino-4,6-dimethoxypyrimidine)	37	15.748660839380237	12.6	1.197243630202184	2.0791812460476247	0.599220544475605	1.2	0.61	0.1	COc1cc(OC)nc(N)n1	COc1cc(OC)nc(N)n1	COc1cc(OC)nc(N)n1	Azimsulfuron	https://envipath.org/package/5882df9c-dae1-4d80-a40e-db4724271456/compound/6358408d-2559-4ec1-ab03-3e83eeb5e54e/structure/46fd611f-3642-4579-b877-fb0497ef8b86	1	0.8406625840650418	0.20122191437276038			1.364797964643524	1.2	0.1
51	Cn1nnc(-c2cnn(C)c2S(N)(=O)=O)n1	A8342	2	126.36415631024491	132.65	2.1016239020773537	0.2728444021028835	0.13642220105144176	2.09	0.42	0.38	Cn1nnc(-c2cnn(C)c2S(N)(=O)=O)n1	Cn1nnc(-c2cnn(C)c2S(N)(=O)=O)n1	Cn1nnc(-c2cnn(C)c2S(N)(=O)=O)n1	Azimsulfuron	https://envipath.org/package/5882df9c-dae1-4d80-a40e-db4724271456/compound/0007b9f8-f8da-4925-bea1-619c93fa08d9/structure/3acd0430-906d-4979-9ee1-49686e227b7a	2					0.0	2.09	0.38
52	N#Cc1ccccc1Oc1cc(Oc2ccccc2CC(=O)O)ncn1	Compound 20 (R402173)	3	7.018617108950419	8.4	0.8462515507174257	0.36797678529459443	0.16003744195484249	0.85	0.38	0.24	N#Cc1ccccc1Oc1cc(Oc2ccccc2CC(=O)O)ncn1	N#Cc1ccccc1Oc1cc(Oc2ccccc2CC(=O)O)ncn1	N#Cc1ccccc1Oc1cc(Oc2ccccc2CC(=O)O)ncn1	Azoxystrobin	https://envipath.org/package/5882df9c-dae1-4d80-a40e-db4724271456/compound/4aa21314-0395-42bd-9d23-b2efe541ed9b/structure/47a60a8a-2dab-4296-af1d-3186f95a45bd	2	0.6649979114420002	0.08355474749976945			0.0	0.85	0.24
53	COC=C(C(=O)OC)c1ccccc1Oc1cc(Oc2ccccc2C#N)ncn1	Azoxystrobin	8	93.38416160029433	90.55	1.9702732240579617	0.4345462556296198	0.14635722701941062	1.97	0.29	0.11	COC=C(C(=O)OC)c1ccccc1Oc1cc(Oc2ccccc2C#N)ncn1	COC=C(C(=O)OC)c1ccccc1Oc1cc(Oc2ccccc2C#N)ncn1	COC=C(C(=O)OC)c1ccccc1Oc1cc(Oc2ccccc2C#N)ncn1	Azoxystrobin	https://envipath.org/package/5882df9c-dae1-4d80-a40e-db4724271456/compound/eaa7df1b-849e-42c1-ac5f-c538508a06ce/structure/cc914c7f-89bc-49fd-bde4-ee02b775e89c	0	0.6495190528383289	0.16165114995744487			0.0	1.97	0.11
54	COC=C(C(=O)O)c1ccccc1Oc1cc(Oc2ccccc2C#N)ncn1	Compound 2 (R234886)	5	49.436682163857	56.5	1.6940493163226742	0.5642714304385628	0.22149098885855778	1.69	0.36	0.17	COC=C(C(=O)O)c1ccccc1Oc1cc(Oc2ccccc2C#N)ncn1	COC=C(C(=O)O)c1ccccc1Oc1cc(Oc2ccccc2C#N)ncn1	COC=C(C(=O)O)c1ccccc1Oc1cc(Oc2ccccc2C#N)ncn1	Azoxystrobin	https://envipath.org/package/5882df9c-dae1-4d80-a40e-db4724271456/compound/fa880a68-eb76-4351-8696-394d9fc9546a/structure/7ba67c7a-c45f-4f33-9212-a1a43982d37e	1	0.5153639490690052	0.1436374067066992			0.0	1.69	0.17
55	N#Cc1ccccc1Oc1cc(O)ncn1	Compound 28 (R401553)	3	1.6485141199234228	1.6	0.21709267133271468	0.1549019599857432	0.06390029885420401	0.24	0.36	0.24	N#Cc1ccccc1Oc1cc(O)ncn1	N#Cc1ccccc1Oc1cc(O)ncn1	N#Cc1ccccc1Oc1cc(O)ncn1	Azoxystrobin	https://envipath.org/package/5882df9c-dae1-4d80-a40e-db4724271456/compound/86fe69fe-8304-41a9-b1eb-561aeb760f72/structure/231eddd2-7a74-4188-8925-36df86b6b62f	1	0.6649979114420002	0.08355474749976945			0.0	0.24	0.24
56	CCc1nc2ncnn2c(N)c1CCCC(=O)O	M650F01	8	3.1571666340002857	2.5	0.4992975043873092	0.9506383851704996	0.3299715391976421	0.5	0.38	0.14	CCc1nc2ncnn2c(N)c1CCCC(=O)O	CCc1nc2ncnn2c(N)c1CCCC(=O)O	CCc1nc2ncnn2c(N)c1CCCC(=O)O	BAS 650 F	https://envipath.org/package/5882df9c-dae1-4d80-a40e-db4724271456/compound/51ccac9c-97f7-4cbe-9e6c-b9a85af013ea/structure/1d9c2973-57e5-46c5-99c9-c06833a27f1b	1	0.7189401922274203	0.17142658233085373			0.0	0.5	0.14
57	CCc1nc2ncnn2c(N)c1CCC(=O)O	M650F02	8	8.846728902371716	7.6	0.946782719030481	0.6184504075161317	0.22246807558373585	0.95	0.32	0.12	CCc1nc2ncnn2c(N)c1CCC(=O)O	CCc1nc2ncnn2c(N)c1CCC(=O)O	CCc1nc2ncnn2c(N)c1CCC(=O)O	BAS 650 F	https://envipath.org/package/5882df9c-dae1-4d80-a40e-db4724271456/compound/bcf89fcf-eee2-4ba0-bcd3-123c7a466f9e/structure/3544256b-394d-4307-a4fa-2d7284bb59ea	1	0.7189401922274203	0.17142658233085373			0.0	0.95	0.12
58	CCc1nc2ncnn2c(N)c1CC(=O)O	M650F03	12	50.943188843093424	61.099999999999994	1.7070861266035224	0.49577635224508887	0.1839183268095261	1.71	0.28	0.08	CCc1nc2ncnn2c(N)c1CC(=O)O	CCc1nc2ncnn2c(N)c1CC(=O)O	CCc1nc2ncnn2c(N)c1CC(=O)O	BAS 650 F	https://envipath.org/package/5882df9c-dae1-4d80-a40e-db4724271456/compound/e8cebd78-46ce-4972-81d9-cc9dccfef12a/structure/11c695f5-f567-48ae-a79f-37ad7f58ada2	2	0.7521727786146537	0.20066240115382736			0.0	1.71	0.08
59	CCc1nc2ncnn2c(N)c1C(=O)O	M650F04	5	114.184286365559	123.0	2.0576063419634383	1.0047292062440607	0.3549950308538895	2.06	0.43	0.22	CCc1nc2ncnn2c(N)c1C(=O)O	CCc1nc2ncnn2c(N)c1C(=O)O	CCc1nc2ncnn2c(N)c1C(=O)O	BAS 650 F	https://envipath.org/package/5882df9c-dae1-4d80-a40e-db4724271456/compound/7d5c8b7f-49e0-44e6-90b5-806e0fcf9967/structure/1e8d4ae7-425e-4969-b438-3cc191ecd094	2	0.6770524351924303	0.23303321050031633			0.0	2.06	0.22
60	CCCCCCCCc1c(CC)nc2ncnn2c1N	BAS 650 F	12	2.181300042465049	1.8	0.3387154078182732	0.6889086783281229	0.19888991093673675	0.34	0.29	0.08	CCCCCCCCc1c(CC)nc2ncnn2c1N	CCCCCCCCc1c(CC)nc2ncnn2c1N	CCCCCCCCc1c(CC)nc2ncnn2c1N	BAS 650 F	https://envipath.org/package/5882df9c-dae1-4d80-a40e-db4724271456/compound/4bfe8b3d-7d89-4db2-9954-729fb4e5256e/structure/a674cdf6-3c95-4a82-9127-69916ba39eae	0	0.6933713931861402	0.17328121086145964			2.7638539919628333	0.34	0.08
61	O=C(O)c1c[nH]nc1C(F)F	CSCD465008	14	151.5395001679075	149.9	2.1805258504554605	0.8029242494621913	0.20536899688705065	2.18	0.28	0.08	O=C(O)c1c[nH]nc1C(F)F	O=C(O)c1c[nH]nc1C(F)F	O=C(O)c1c[nH]nc1C(F)F	BAS 700 F (Fluxapyroxad)	https://envipath.org/package/5882df9c-dae1-4d80-a40e-db4724271456/compound/5bdeceab-a924-48b5-9023-558309cabaa2/structure/8b305eb1-c7b9-49e0-851f-4ccd0ed9161c	2	0.6749149606295838	0.16930078991100608			0.0	2.18	0.08
62	Cn1cc(C(=O)O)c(C(F)F)n1	CSAA798670	4	6.2349658407123885	7.9	0.7948340784672071	0.6020599913279624	0.2398430467924403	0.81	0.37	0.2	Cn1cc(C(=O)O)c(C(F)F)n1	Cn1cc(C(=O)O)c(C(F)F)n1	Cn1cc(C(=O)O)c(C(F)F)n1	BAS 700 F (Fluxapyroxad)	https://envipath.org/package/5882df9c-dae1-4d80-a40e-db4724271456/compound/7c843230-ae22-4f4f-869f-345b2224b5d4/structure/421cb03b-9828-45ea-9f48-52db35824f58	1	0.4898979485566353	0.17679622506324996			0.0	0.81	0.2
63	Cn1cc(C(=O)Nc2ccccc2-c2cc(F)c(F)c(F)c2)c(C(F)F)n1	BAS 700 F (Fluxapyroxad)	7	237.0875107170183	243.6	2.37490867683967	1.071110994116713	0.4021999466075289	2.37	0.45	0.18	Cn1cc(C(=O)Nc2ccccc2-c2cc(F)c(F)c(F)c2)c(C(F)F)n1	Cn1cc(C(=O)Nc2ccccc2-c2cc(F)c(F)c(F)c2)c(C(F)F)n1	Cn1cc(C(=O)Nc2ccccc2-c2cc(F)c(F)c(F)c2)c(C(F)F)n1	BAS 700 F (Fluxapyroxad)	https://envipath.org/package/5882df9c-dae1-4d80-a40e-db4724271456/compound/227fe7d2-6c9f-42a5-857e-aaaf1a37c187/structure/df8eb0ac-5912-419a-8606-092ddd513278	0	0.3833259389999638	0.09347963896312451			3.4992710611188254	2.37	0.18
64	Cc1cccc(C)c1N(C(=O)CC(=O)O)C(C)C(=O)O	N-malonyl-N-(2,6-xylyl)-D-alanine M3	3	91.38691275508332	98.0	1.960884006180163	0.2523380717642567	0.10522707668702061	1.97	0.36	0.24	Cc1cccc(C)c1N(C(=O)CC(=O)O)C(C)C(=O)O	Cc1cccc(C)c1N(C(=O)CC(=O)O)C(C)C(=O)O	Cc1cccc(C)c1N(C(=O)CC(=O)O)C(C)C(=O)O	Benalaxyl-M	https://envipath.org/package/5882df9c-dae1-4d80-a40e-db4724271456/compound/4de4fcb4-8feb-4185-932d-dedec051efcd/structure/50531119-50fd-4eae-bce9-664c2e0daee5	2	0.26246692913372693	0.16602043118126567			0.0	1.97	0.24
65	Cc1cccc(C)c1N(C(=O)Cc1ccccc1)C(C)C(=O)O	N-phenylacetyl-N-(2,6-xylyl)-D-alanine M9	4	10.215479686307178	9.4	1.0092587645294095	1.0894004112293108	0.41730745951383674	1.03	0.48	0.28	Cc1cccc(C)c1N(C(=O)Cc1ccccc1)C(C)C(=O)O	Cc1cccc(C)c1N(C(=O)Cc1ccccc1)C(C)C(=O)O	Cc1cccc(C)c1N(C(=O)Cc1ccccc1)C(C)C(=O)O	Benalaxyl-M	https://envipath.org/package/5882df9c-dae1-4d80-a40e-db4724271456/compound/d735041e-7fb1-4128-a5b1-8ed989747d48/structure/939b3fdf-a126-4860-a89a-eb034140e7a8	1	0.8986100377805715	0.0			0.0	1.03	0.28
66	COC(=O)C(C)N(C(=O)Cc1ccccc1)c1c(C)cccc1C	Benalaxyl-M	14	65.07844750828659	77.0	1.8134371839909047	0.5371191843949479	0.17408600164626498	1.81	0.27	0.07	COC(=O)C(C)N(C(=O)Cc1ccccc1)c1c(C)cccc1C	COC(=O)C(C)N(C(=O)Cc1ccccc1)c1c(C)cccc1C	COC(=O)C(C)N(C(=O)Cc1ccccc1)c1c(C)cccc1C	Benalaxyl-M	https://envipath.org/package/5882df9c-dae1-4d80-a40e-db4724271456/compound/a9c89b6a-d454-44d8-b4b5-d840db91caed/structure/352f7694-2c56-4a40-b161-7fbdd0e76758	0	0.6996081264624112	0.03395011781896795			0.9035079029052513	1.81	0.07
67	COC(=O)C(C)N(C(=O)CC(=O)O)c1c(C)cccc1C	Methyl-N-malonyl-N-(2,6-xylyl)-D-alaninate M7	4	70.37167221715782	75.0	1.8473978711361845	0.26404642941081136	0.10212848185751999	1.86	0.33	0.19	COC(=O)C(C)N(C(=O)CC(=O)O)c1c(C)cccc1C	COC(=O)C(C)N(C(=O)CC(=O)O)c1c(C)cccc1C	COC(=O)C(C)N(C(=O)CC(=O)O)c1c(C)cccc1C	Benalaxyl-M	https://envipath.org/package/5882df9c-dae1-4d80-a40e-db4724271456/compound/ed19a5c5-6693-4492-9d16-9f76f9e7c0b1/structure/1c398dc4-ed66-486a-81d2-17f1afffa803	1	0.756637297521078	0.2073370705075027			0.0	1.86	0.19
68	CCCCN(CC)c1c([N+](=O)[O-])cc(C(F)(F)F)cc1[N+](=O)[O-]	Benfluralin	4	38.353258889583024	35.5	1.5838022720041998	0.6334684555795864	0.22689704767258126	1.59	0.37	0.21	CCCCN(CC)c1c([N+](=O)[O-])cc(C(F)(F)F)cc1[N+](=O)[O-]	CCCCN(CC)c1c([N+](=O)[O-])cc(C(F)(F)F)cc1[N+](=O)[O-]	CCCCN(CC)c1c([N+](=O)[O-])cc(C(F)(F)F)cc1[N+](=O)[O-]	Benfluralin	https://envipath.org/package/5882df9c-dae1-4d80-a40e-db4724271456/compound/79790c34-fd17-4261-81ca-0c32a96a2b97/structure/10028de0-f015-4a2d-9ee4-8504e85be729	0	0.3112474899497182	0.12788359475360628			0.0	1.59	0.21
69	CC1(C)Cc2cccc(O)c2O1	Carbofuran-phenol, 7-phenol	9	1.0	1.0	0.0	0.0	0.0	-1.5	0.43	0.94	CC1(C)Cc2cccc(O)c2O1	CC1(C)Cc2cccc(O)c2O1	CC1(C)Cc2cccc(O)c2O1	Benfuracarb	https://envipath.org/package/5882df9c-dae1-4d80-a40e-db4724271456/compound/38ad016f-20bb-4e8d-ba72-2de8e14b24bc/structure/49153508-5a02-4335-9306-f54129eacece	2	0.4898979485566357	0.12647300493563038			0.0	-1.5	0.94
70	CNC(=O)Oc1cccc2c1OC(C)(C)C2O	3-OH-carbofuran	9	0.5163901862178948	0.51	-0.2870220199143588	0.5686362358410126	0.2321762626911373	-1.49	0.43	0.9	CNC(=O)Oc1cccc2c1OC(C)(C)C2O	CNC(=O)Oc1cccc2c1OC(C)(C)C2O	CNC(=O)Oc1cccc2c1OC(C)(C)C2O	Benfuracarb	https://envipath.org/package/5882df9c-dae1-4d80-a40e-db4724271456/compound/e78f33f1-0f84-42cc-b033-2f04370ad324/structure/80e35405-1fb7-495e-bec0-ea38a1c5670d	2	0.4898979485566357	0.12647300493563038			0.0	-1.49	0.9
71	CNC(=O)Oc1cccc2c1OC(C)(C)C2	Carbofuran	24	16.361415139119003	15.05	1.2138208641599475	1.2560628501474578	0.34562896199698856	1.22	0.37	0.08	CNC(=O)Oc1cccc2c1OC(C)(C)C2	CNC(=O)Oc1cccc2c1OC(C)(C)C2	CNC(=O)Oc1cccc2c1OC(C)(C)C2	Benfuracarb	https://envipath.org/package/5882df9c-dae1-4d80-a40e-db4724271456/compound/e8d09bb4-b56c-40e6-b497-d802e530eaee/structure/50339fa2-80df-4a6b-b4cb-75b4764830f8	1	0.6306412080837513	0.2414548285633283			3.529390488770295	1.22	0.08
72	CCOC(=O)CCN(SN(C)C(=O)Oc1cccc2c1OC(C)(C)C2)C(C)C	Benfuracarb	6	0.36689411529497745	0.374	-0.4354592539442825	0.805134740069237	0.28355364045519754	-0.44	0.37	0.17	CCOC(=O)CCN(SN(C)C(=O)Oc1cccc2c1OC(C)(C)C2)C(C)C	CCOC(=O)CCN(SN(C)C(=O)Oc1cccc2c1OC(C)(C)C2)C(C)C	CCOC(=O)CCN(SN(C)C(=O)Oc1cccc2c1OC(C)(C)C2)C(C)C	Benfuracarb	https://envipath.org/package/5882df9c-dae1-4d80-a40e-db4724271456/compound/0148055b-9557-4216-b928-418f4cf84cb7/structure/e881cffc-b185-42e9-a1f1-9df09c4fb0d7	0	0.7536946036396678	0.12309853518653163			3.72677996249965	-0.44	0.17
73	CNC(=O)Oc1cccc2c1OC(C)(C)C2=O	3-keto-carbofuran	9	3.8063183895757864	4.41	0.5805051131818256	0.7220353084047122	0.2982162120434128	0.58	0.35	0.13	CNC(=O)Oc1cccc2c1OC(C)(C)C2=O	CNC(=O)Oc1cccc2c1OC(C)(C)C2=O	CNC(=O)Oc1cccc2c1OC(C)(C)C2=O	Benfuracarb	https://envipath.org/package/5882df9c-dae1-4d80-a40e-db4724271456/compound/e54556b3-1ebc-4062-a64e-73c1a49b4522/structure/379083d6-ae83-4618-bf99-fde02264ea53	3	0.4898979485566357	0.12647300493563038			0.0	0.58	0.13
74	COC(=O)c1ccccc1CS(N)(=O)=O	IN-N5297	4	16.785248439179373	26.0	1.2249277736427862	1.1972805581256192	0.5112760400310143	1.22	0.54	0.31	COC(=O)c1ccccc1CS(N)(=O)=O	COC(=O)c1ccccc1CS(N)(=O)=O	COC(=O)c1ccccc1CS(N)(=O)=O	Bensulfuron methyl	https://envipath.org/package/5882df9c-dae1-4d80-a40e-db4724271456/compound/f81c0352-4237-4d14-9fd7-cf5ebb2201ce/structure/9f5f8125-4543-41c6-bd92-27478cc36c46	1	0.925675429078681	0.12634362104989488			0.0	1.22	0.31
75	COC(=O)c1ccccc1CS(=O)(=O)NC(=O)Nc1nc(O)cc(OC)n1	IN-F7880	6	14.17468653571641	19.5	1.1515134635216353	0.8715159826270504	0.344746836463223	1.16	0.41	0.18	COC(=O)c1ccccc1CS(=O)(=O)NC(=O)Nc1nc(O)cc(OC)n1	COC(=O)c1ccccc1CS(=O)(=O)NC(=O)Nc1nc(O)cc(OC)n1	COC(=O)c1ccccc1CS(=O)(=O)NC(=O)Nc1nc(O)cc(OC)n1	Bensulfuron methyl	https://envipath.org/package/5882df9c-dae1-4d80-a40e-db4724271456/compound/72cb1691-f08f-457c-b6af-fa05dc87ba57/structure/757c0674-7bdb-4615-b247-c6041b4677af	1	1.177096238867305	0.22365350251412638			0.0	1.16	0.18
76	COc1cc(OC)nc(NC(=O)NS(=O)(=O)Cc2ccccc2C(=O)O)n1	IN-R9419	6	25.495153393063887	24.5	1.4064576292692035	0.8325089127062364	0.2873459679516997	1.4	0.37	0.16	COc1cc(OC)nc(NC(=O)NS(=O)(=O)Cc2ccccc2C(=O)O)n1	COc1cc(OC)nc(NC(=O)NS(=O)(=O)Cc2ccccc2C(=O)O)n1	COc1cc(OC)nc(NC(=O)NS(=O)(=O)Cc2ccccc2C(=O)O)n1	Bensulfuron methyl	https://envipath.org/package/5882df9c-dae1-4d80-a40e-db4724271456/compound/3610bc92-2209-40d9-8593-cea5cfbec2ab/structure/cec3cb66-aab0-42d6-a17d-9223547056d7	1	1.0274023338281628	0.22365350251412638			0.0	1.4	0.16
77	NS(=O)(=O)Cc1ccccc1C(=O)O	IN-D1R84	4	10.160828368630579	14.0	1.0069291155522475	0.8016323462331665	0.31848616982915495	1.01	0.42	0.24	NS(=O)(=O)Cc1ccccc1C(=O)O	NS(=O)(=O)Cc1ccccc1C(=O)O	NS(=O)(=O)Cc1ccccc1C(=O)O	Bensulfuron methyl	https://envipath.org/package/5882df9c-dae1-4d80-a40e-db4724271456/compound/daf0908e-68f5-407b-8d73-093b30bf6da5/structure/fe16fc97-96ff-4e0e-a74b-a28df69e2f2a	2	0.787400787401181	0.1437121436985477			0.0	1.01	0.24
78	COC(=O)c1ccccc1CS(=O)(=O)NC(=O)Nc1nc(OC)cc(OC)n1	Bensulfuron methyl	12	70.09735464963343	89.0	1.8457016287691606	0.6089264502808793	0.20810076980783374	1.84	0.29	0.09	COC(=O)c1ccccc1CS(=O)(=O)NC(=O)Nc1nc(OC)cc(OC)n1	COC(=O)c1ccccc1CS(=O)(=O)NC(=O)Nc1nc(OC)cc(OC)n1	COC(=O)c1ccccc1CS(=O)(=O)NC(=O)Nc1nc(OC)cc(OC)n1	Bensulfuron methyl	https://envipath.org/package/5882df9c-dae1-4d80-a40e-db4724271456/compound/d35e91e7-74f4-4987-98cb-dc850e8108c6/structure/0c4c9493-7954-4989-8e04-b78605201eee	0	0.7335227028221798	0.3080906814832038			1.863389981249825	1.84	0.09
79	CC(C)N1C(=O)c2ccccc2N(C)S1(=O)=O	N-methyl Bentazone	6	61.46087042947336	49.5	1.788598706588116	0.6049078342007888	0.20839213159568562	1.78	0.32	0.15	CC(C)N1C(=O)c2ccccc2N(C)S1(=O)=O	CC(C)N1C(=O)c2ccccc2N(C)S1(=O)=O	CC(C)N1C(=O)c2ccccc2N(C)S1(=O)=O	Bentazone	https://envipath.org/package/5882df9c-dae1-4d80-a40e-db4724271456/compound/7fea3afc-d7eb-41ea-9de1-635cc5b460ce/structure/a5f2e707-a690-41a7-ae56-88c57b579b20	1	0.7855500549862425	0.2518314857108546			0.0	1.78	0.15
80	CC(C)N1C(=O)c2ccccc2NS1(=O)=O	Bentazone	16	23.541508634385917	22.049999999999997	1.371834290733198	0.765916793966632	0.2355449132228361	1.36	0.29	0.08	CC(C)N1C(=O)c2ccccc2NS1(=O)=O	CC(C)N1C(=O)c2ccccc2NS1(=O)=O	CC(C)N1C(=O)c2ccccc2NS1(=O)=O	Bentazone	https://envipath.org/package/5882df9c-dae1-4d80-a40e-db4724271456/compound/d8b1bb6e-7dc3-4c8d-8021-a6e7504e3977/structure/1d2137e7-413f-41a2-923e-3bd207935716	0	0.9530706951742877	0.1886156210907147			2.4803918541230536	1.36	0.08
81	Oc1nc2ccc(F)cc2s1	M-1	3	7.140036981921557	7.0	0.853700461216352	0.5118833609788743	0.20906401738807315	0.88	0.38	0.27	Oc1nc2ccc(F)cc2s1	Oc1nc2ccc(F)cc2s1	Oc1nc2ccc(F)cc2s1	Benthiavalicarb	https://envipath.org/package/5882df9c-dae1-4d80-a40e-db4724271456/compound/d8db2795-bc76-47a9-a581-07359ce8d83f/structure/b074626d-91e9-4147-8664-c2c5214e7c51	3	1.0208928554075705	0.16508553460695205			0.0	0.88	0.27
82	CC(N)c1nc2ccc(F)cc2s1	M-5	5	28.233417788988024	28.6	1.4507634547339467	0.3658321168280052	0.11861915137255039	1.46	0.31	0.16	CC(N)c1nc2ccc(F)cc2s1	CC(N)c1nc2ccc(F)cc2s1	CC(N)c1nc2ccc(F)cc2s1	Benthiavalicarb	https://envipath.org/package/5882df9c-dae1-4d80-a40e-db4724271456/compound/887416df-1191-42fb-bea3-7e4913cf1bd6/structure/bfb66795-a5f4-48ad-b646-59738ea6e451	1	0.8648699324175864	0.19431683762891272			0.0	1.46	0.16
83	CC(=O)c1nc2ccc(F)cc2s1	M-4	3	0.09524406311809196	0.08	-1.021162085840369	0.4771212547196624	0.20201399997519515	-1.17	0.51	0.44	CC(=O)c1nc2ccc(F)cc2s1	CC(=O)c1nc2ccc(F)cc2s1	CC(=O)c1nc2ccc(F)cc2s1	Benthiavalicarb	https://envipath.org/package/5882df9c-dae1-4d80-a40e-db4724271456/compound/bbb41bb2-da6a-477d-a498-48f2a58f487a/structure/cab4a11e-3c60-4429-8295-cf2135997a5e	2	1.0208928554075705	0.1255596283714927			0.0	-1.17	0.44
84	CC(C)OC(=O)NC(C(=O)NC(C)c1nc2ccc(F)cc2s1)C(C)C	Benthiavalicarb KIF-230R-L	5	14.647465301213286	16.1	1.1657624778685323	0.3151382495753481	0.11815647525665654	1.17	0.32	0.15	CC(C)OC(=O)NC(C(=O)NC(C)c1nc2ccc(F)cc2s1)C(C)C	CC(C)OC(=O)NC(C(=O)NC(C)c1nc2ccc(F)cc2s1)C(C)C	CC(C)OC(=O)NC(C(=O)NC(C)c1nc2ccc(F)cc2s1)C(C)C	Benthiavalicarb	https://envipath.org/package/5882df9c-dae1-4d80-a40e-db4724271456/compound/44cd642c-15e1-44a8-a5b4-eec69df169be/structure/7e4538fb-662c-4db0-8fcc-9aee04999e04	0	0.8648699324175864	0.1943168376289127			0.0	1.17	0.15
85	O=C(O)c1ccccc1	Benzoic acid	3	0.34628256067961427	0.3042	-0.46056937963541517	0.7134259207469884	0.29396030326176764	-0.42	0.42	0.28	O=C(O)c1ccccc1	O=C(O)c1ccccc1	O=C(O)c1ccccc1	Benzoic acid	https://envipath.org/package/5882df9c-dae1-4d80-a40e-db4724271456/compound/754adde4-6191-4855-b0f9-6109781dc1ec/structure/eb175822-1dea-427c-a795-2952f6f653a2	0	0.4006938426723772	0.0			1.8856180831641267	-0.42	0.28
86	Cn1cc(C(=O)Nc2cccc3c2C2CCC3C2=C(Cl)Cl)c(C(F)F)n1	Benzovindiflupyr	7	639.2444667785409	550.0	2.805666977515038	0.4571745730408203	0.16191715758163533	2.84	0.32	0.14	Cn1cc(C(=O)Nc2cccc3c2C2CCC3C2=C(Cl)Cl)c(C(F)F)n1	Cn1cc(C(=O)Nc2cccc3c2C2CCC3C2=C(Cl)Cl)c(C(F)F)n1	Cn1cc(C(=O)Nc2cccc3c2C2CCC3C2=C(Cl)Cl)c(C(F)F)n1	Benzovindiflupyr	https://envipath.org/package/5882df9c-dae1-4d80-a40e-db4724271456/compound/9fd123dc-d4bb-4071-861b-5be0e225a040/structure/8efbf587-0619-4ea0-8abc-d0fb419f16f6	0	0.6860118402024555	0.19124409025611544			0.0	2.84	0.14
87	O=C(Nc1cccc2c1C1CCC2C1=C(Cl)Cl)c1c[nH]nc1C(F)F	SYN546206	4	215.5450538815765	218.5	2.333538061536537	0.23764301679958866	0.08599795968769991	2.31	0.34	0.19	O=C(Nc1cccc2c1C1CCC2C1=C(Cl)Cl)c1c[nH]nc1C(F)F	O=C(Nc1cccc2c1C1CCC2C1=C(Cl)Cl)c1c[nH]nc1C(F)F	O=C(Nc1cccc2c1C1CCC2C1=C(Cl)Cl)c1c[nH]nc1C(F)F	Benzovindiflupyr	https://envipath.org/package/5882df9c-dae1-4d80-a40e-db4724271456/compound/cffe1432-42c2-4035-a43e-8b9fb00074e3/structure/15bd2c91-9ccc-49bc-9d1e-621b231c6e0d	1	0.6759252917297889	0.18202618785423882			0.0	2.31	0.19
88	CC1(C)C(C=C(Cl)Cl)C1C(=O)O	CPA	13	4.715270715266555	3.6	0.6735066317014218	1.4586378490256493	0.40837495674437346	0.68	0.43	0.13	CC1(C)C(C=C(Cl)Cl)C1C(=O)O	CC1(C)C(C=C(Cl)Cl)C1C(=O)O	CC1(C)C(C=C(Cl)Cl)C1C(=O)O	Beta-cypermethrin	https://envipath.org/package/5882df9c-dae1-4d80-a40e-db4724271456/compound/d4970dad-89cc-45ac-b519-d0221c5cad00/structure/3dc66141-499c-447e-a76d-7919a4aa0856	1	0.5911417094995574	0.11559379125536653			0.0	0.68	0.13
89	CC1(C)C(C=C(Cl)Cl)C1C(=O)OC(C#N)c1cccc(Oc2ccccc2)c1	Beta-cypermethrin	36	24.961125729375656	27.95	1.3972641678305513	1.255272505103306	0.31125835057446866	1.4	0.33	0.06	CC1(C)C(C=C(Cl)Cl)C1C(=O)OC(C#N)c1cccc(Oc2ccccc2)c1	CC1(C)C(C=C(Cl)Cl)C1C(=O)OC(C#N)c1cccc(Oc2ccccc2)c1	CC1(C)C(C=C(Cl)Cl)C1C(=O)OC(C#N)c1cccc(Oc2ccccc2)c1	Beta-cypermethrin	https://envipath.org/package/5882df9c-dae1-4d80-a40e-db4724271456/compound/6ebcdf65-0fb9-4345-99de-cde223579a37/structure/e0740a72-a072-458e-a97d-44fb33f094e7	0	0.8686513955054584	0.29446069310983775			4.479032082388082	1.4	0.06
90	O=C(O)c1cccc(Oc2ccccc2)c1	3-PBAc	8	9.519653757483287	9.175	0.9786211528015987	1.5087830468709176	0.4088367029274296	0.98	0.44	0.17	O=C(O)c1cccc(Oc2ccccc2)c1	O=C(O)c1cccc(Oc2ccccc2)c1	O=C(O)c1cccc(Oc2ccccc2)c1	Beta-cypermethrin	https://envipath.org/package/5882df9c-dae1-4d80-a40e-db4724271456/compound/2fc78d4a-7958-4af5-87d4-bcc2f9b6c9ab/structure/f8bb3b76-d463-49b5-b7de-7c5783f98e0c	2	0.6752406978255977	0.1469848185480956			3.3368210919975914	0.98	0.17
91	COc1ccc(-c2ccccc2)cc1	D1989	8	8.369199021371598	7.795	0.9226838955985172	1.1733512216896524	0.314879679587362	0.93	0.37	0.14	COc1ccc(-c2ccccc2)cc1	COc1ccc(-c2ccccc2)cc1	COc1ccc(-c2ccccc2)cc1	Bifenazate	https://envipath.org/package/5882df9c-dae1-4d80-a40e-db4724271456/compound/574711ab-7c5e-443f-b3df-1ffba6c14c53/structure/6ac2947e-43f1-4a97-8535-5d52bf6c8824	2	1.057044819295757	0.14603266363076478			3.307189138830738	0.93	0.14
92	COc1ccc(-c2ccccc2)cc1NNC(=O)OC(C)C	Bifenazate	4	0.6949753111729614	1.29	-0.15803062334052986	1.8239087409443189	0.7580258926749781	-0.19	0.88	0.49	COc1ccc(-c2ccccc2)cc1NNC(=O)OC(C)C	COc1ccc(-c2ccccc2)cc1NNC(=O)OC(C)C	COc1ccc(-c2ccccc2)cc1NNC(=O)OC(C)C	Bifenazate	https://envipath.org/package/5882df9c-dae1-4d80-a40e-db4724271456/compound/2492f0cc-eaa8-4b76-bcda-d62032c4dc2f/structure/b8ec54fd-902d-450f-b2f5-374648b1e07b	0	0.6869315832017043	0.15424863500313962			0.0	-0.19	0.49
93	COc1cc(-c2ccccc2)cc(N(NC(=O)OC(C)C)c2cc(OC)cc(-c3ccccc3)c2)c1	IBMHC	3	19.189925270012264	19.2	1.2830732834960499	0.19087718011167465	0.07792544916396862	1.27	0.36	0.25	COc1cc(-c2ccccc2)cc(N(NC(=O)OC(C)C)c2cc(OC)cc(-c3ccccc3)c2)c1	COc1cc(-c2ccccc2)cc(N(NC(=O)OC(C)C)c2cc(OC)cc(-c3ccccc3)c2)c1	COc1cc(-c2ccccc2)cc(N(NC(=O)OC(C)C)c2cc(OC)cc(-c3ccccc3)c2)c1	Bifenazate	https://envipath.org/package/5882df9c-dae1-4d80-a40e-db4724271456/compound/6240b691-c002-4459-bb11-22f317fb1dd0/structure/72821f71-7df1-41f8-9dd4-4cee8d88df79	2	0.7118052168020874	0.1497323969848646			0.0	1.27	0.25
94	COc1ccc(-c2ccccc2)cc1N=NC(=O)OC(C)C	D3598	8	1.2870459433241965	1.385	0.10959405007147872	1.9378520932511554	0.5503499266498614	0.12	0.59	0.22	COc1ccc(-c2ccccc2)cc1N=NC(=O)OC(C)C	COc1ccc(-c2ccccc2)cc1N=NC(=O)OC(C)C	COc1ccc(-c2ccccc2)cc1N=NC(=O)OC(C)C	Bifenazate	https://envipath.org/package/5882df9c-dae1-4d80-a40e-db4724271456/compound/36cbac66-03e4-4b97-ae90-c6545da7606d/structure/9388b024-0fb5-4e5b-b407-be4688ee4410	1	1.057044819295757	0.14603266363076478			3.307189138830738	0.12	0.22
95	COc1cc(-c2ccccc2)c2c(c1)[nH]c1cc(OC)cc(-c3ccccc3)c12	DDC	3	34.34170765863881	38.8	1.53582188687279	0.3181378983558374	0.1351800351223515	1.56	0.37	0.26	COc1cc(-c2ccccc2)c2c(c1)[nH]c1cc(OC)cc(-c3ccccc3)c12	COc1cc(-c2ccccc2)c2c(c1)[nH]c1cc(OC)cc(-c3ccccc3)c12	COc1cc(-c2ccccc2)c2c(c1)[nH]c1cc(OC)cc(-c3ccccc3)c12	Bifenazate	https://envipath.org/package/5882df9c-dae1-4d80-a40e-db4724271456/compound/4ff8b4a0-f6be-4f1f-bd2a-09018be6e23d/structure/c917831a-ec6a-4523-ad02-0140c03773e8	3	0.7118052168020874	0.1497323969848646			0.0	1.56	0.26
96	O=C(O)c1cc(Oc2ccc(Cl)cc2Cl)ccc1[N+](=O)[O-]	LS 825055 Bifenox acid	5	55.396645341338825	88.4	1.743483465922339	0.6319695947927624	0.2874233548515888	1.74	0.39	0.2	O=C(O)c1cc(Oc2ccc(Cl)cc2Cl)ccc1[N+](=O)[O-]	O=C(O)c1cc(Oc2ccc(Cl)cc2Cl)ccc1[N+](=O)[O-]	O=C(O)c1cc(Oc2ccc(Cl)cc2Cl)ccc1[N+](=O)[O-]	Bifenox	https://envipath.org/package/5882df9c-dae1-4d80-a40e-db4724271456/compound/1b2c1aa1-135e-4106-8297-d646bc6dccc5/structure/8222501e-fad4-49ca-8b99-1cbf38e22110	1	0.7054076835419361	0.12391269661864199			0.0	1.74	0.2
97	COC(=O)c1cc(Oc2ccc(Cl)cc2Cl)ccc1[N+](=O)[O-]	Bifenox	6	38.325869991939285	36.995	1.5834920220628805	0.2622012079733038	0.07873491455835091	1.57	0.3	0.13	COC(=O)c1cc(Oc2ccc(Cl)cc2Cl)ccc1[N+](=O)[O-]	COC(=O)c1cc(Oc2ccc(Cl)cc2Cl)ccc1[N+](=O)[O-]	COC(=O)c1cc(Oc2ccc(Cl)cc2Cl)ccc1[N+](=O)[O-]	Bifenox	https://envipath.org/package/5882df9c-dae1-4d80-a40e-db4724271456/compound/7b8cf536-83ad-4608-b920-35cac4c07bde/structure/fd676211-8690-493c-9c56-920391e50586	0	0.894427190999916	0.39581065497573387			3.72677996249965	1.57	0.13
98	Cc1c(COC(=O)C2C(C=C(Cl)C(F)(F)F)C2(C)C)cccc1-c1ccc(O)cc1	4-OH-Bifenthrin	2	15.838560540655207	16.75	1.1997157089670294	0.2932745309672189	0.14663726548360945	1.2	0.41	0.35	Cc1c(COC(=O)C2C(C=C(Cl)C(F)(F)F)C2(C)C)cccc1-c1ccc(O)cc1	Cc1c(COC(=O)C2C(C=C(Cl)C(F)(F)F)C2(C)C)cccc1-c1ccc(O)cc1	Cc1c(COC(=O)C2C(C=C(Cl)C(F)(F)F)C2(C)C)cccc1-c1ccc(O)cc1	Bifenthrin	https://envipath.org/package/5882df9c-dae1-4d80-a40e-db4724271456/compound/423fb875-e78f-45e4-80a9-285764de0395/structure/a9c7bffe-1675-4cba-94a9-a4a5f3e763b4	1	0.9500000000000002	0.42005304722837894			0.0	1.2	0.35
99	Cc1c(COC(=O)C2C(C=C(Cl)C(F)(F)F)C2(C)C)cccc1-c1ccccc1	Bifenthrin	10	99.23896317082303	96.0	1.996682218200509	0.6127838567197355	0.18503910413493943	2.0	0.29	0.1	Cc1c(COC(=O)C2C(C=C(Cl)C(F)(F)F)C2(C)C)cccc1-c1ccccc1	Cc1c(COC(=O)C2C(C=C(Cl)C(F)(F)F)C2(C)C)cccc1-c1ccccc1	Cc1c(COC(=O)C2C(C=C(Cl)C(F)(F)F)C2(C)C)cccc1-c1ccccc1	Bifenthrin	https://envipath.org/package/5882df9c-dae1-4d80-a40e-db4724271456/compound/38308586-6cb7-432e-88b8-92e81e45b189/structure/5e8eb09e-5648-4008-bdf5-2271488ff845	0	0.4903060268852504	0.1685804781764331			1.2000000000000002	2.0	0.1
100	CC1(C)C(C=C(Cl)C(F)(F)F)C1C(=O)O	TFP acid	12	5.904993233055518	5.6	0.7712194042614164	0.842392146638332	0.28721870049062165	0.78	0.34	0.1	CC1(C)C(C=C(Cl)C(F)(F)F)C1C(=O)O	CC1(C)C(C=C(Cl)C(F)(F)F)C1C(=O)O	CC1(C)C(C=C(Cl)C(F)(F)F)C1C(=O)O	Bifenthrin	https://envipath.org/package/5882df9c-dae1-4d80-a40e-db4724271456/compound/0ea3c22d-edb7-4e45-a0cb-b3dfa36e9375/structure/22cddbaa-c536-4814-9c27-981dda6648b7	1	0.977594482503979	0.211159788775323			0.30310889132455326	0.78	0.1
101	COc1cc(O)nc(Oc2cccc(Oc3nc(OC)cc(OC)n3)c2C(=O)[O-])n1	DesMe-2023 M06	4	5.409251334519409	8.65	0.7331371608946461	0.9087671198836342	0.45438355994181706	0.73	0.51	0.29	COc1cc(O)nc(Oc2cccc(Oc3nc(OC)cc(OC)n3)c2C(=O)[O-])n1	COc1cc(O)nc(Oc2cccc(Oc3nc(OC)cc(OC)n3)c2C(=O)[O-])n1	COc1cc(O)nc(Oc2cccc(Oc3nc(OC)cc(OC)n3)c2C(=O)[O-])n1	Bispyribac	https://envipath.org/package/5882df9c-dae1-4d80-a40e-db4724271456/compound/802687a5-b4cd-465f-ac9c-e97de67fadc0/structure/2a327415-0631-4ffb-828f-fda972eec116	1	0.20000000000000018	0.18086391800879642			0.0	0.73	0.29
102	COc1cc(OC)nc(Oc2cccc(O)c2C(=O)[O-])n1	Na-BX-180 M05	2	39.599999999999994	39.6	1.5976951859255122	0.0	0.0	1.6	0.4	0.35	COc1cc(OC)nc(Oc2cccc(O)c2C(=O)[O-])n1	COc1cc(OC)nc(Oc2cccc(O)c2C(=O)[O-])n1	COc1cc(OC)nc(Oc2cccc(O)c2C(=O)[O-])n1	Bispyribac	https://envipath.org/package/5882df9c-dae1-4d80-a40e-db4724271456/compound/3a8db8b0-7fd9-4c73-b6e2-027295c4e2f2/structure/7878734e-4d33-4d0d-992c-b310539f8374	1	0.0	0.0			0.0	1.6	0.35
103	COc1cc(OC)nc(Oc2cccc(Oc3nc(OC)cc(OC)n3)c2C(=O)[O-])n1	Bispyribac-sodium	4	10.844353369380771	12.8	1.03520366087006	0.5141048209728325	0.25705241048641625	1.04	0.38	0.21	COc1cc(OC)nc(Oc2cccc(Oc3nc(OC)cc(OC)n3)c2C(=O)[O-])n1	COc1cc(OC)nc(Oc2cccc(Oc3nc(OC)cc(OC)n3)c2C(=O)[O-])n1	COc1cc(OC)nc(Oc2cccc(Oc3nc(OC)cc(OC)n3)c2C(=O)[O-])n1	Bispyribac	https://envipath.org/package/5882df9c-dae1-4d80-a40e-db4724271456/compound/70d85fb6-992e-4f6e-ba27-3756119ec40b/structure/f963aaee-6006-4af2-b509-9369bbcce148	0	0.20000000000000018	0.18086391800879642			0.0	1.04	0.21
104	O=C(O)Cn1cncn1	1,2,4 triazole acetic-acid	15	9.413600803693269	8.6	0.973755777523892	0.4936903561528554	0.153081180201142	0.98	0.26	0.07	O=C(O)Cn1cncn1	O=C(O)Cn1cncn1	O=C(O)Cn1cncn1	Bitertanol	https://envipath.org/package/5882df9c-dae1-4d80-a40e-db4724271456/compound/b2d4f1be-b12f-4813-973e-a5bb89fc4c08/structure/c312f91c-3487-4b38-a8af-e38a00362dc7	5	0.4546060565661951	0.11557886921113844			0.0	0.98	0.07
105	CC(C)(C)C(O)C(Oc1ccc(-c2ccccc2)cc1)n1cncn1	Bitertanol	6	8.815682636701792	10.5	0.945255947250671	0.5440680443502756	0.1929739274357224	0.95	0.33	0.15	CC(C)(C)C(O)C(Oc1ccc(-c2ccccc2)cc1)n1cncn1	CC(C)(C)C(O)C(Oc1ccc(-c2ccccc2)cc1)n1cncn1	CC(C)(C)C(O)C(Oc1ccc(-c2ccccc2)cc1)n1cncn1	Bitertanol	https://envipath.org/package/5882df9c-dae1-4d80-a40e-db4724271456/compound/1492b5e9-6f66-490a-a102-f99cff1bf1ea/structure/18f8ac34-7ff4-4bb3-b55d-3826b09fd134	0	0.5814254514170805	0.25709429241523607			0.0	0.95	0.15
106	c1nc[nH]n1	1,2,4 triazole	32	7.9509283430845645	9.9	0.9004178394414885	0.7281772754218052	0.22679022725009015	0.9	0.26	0.05	c1nc[nH]n1	c1nc[nH]n1	c1nc[nH]n1	Bitertanol	https://envipath.org/package/5882df9c-dae1-4d80-a40e-db4724271456/compound/a15dc090-924f-4ae2-9ea6-3230a8a7f504/structure/d705d7e2-2f0e-4230-8d35-5eb2c2fc1c91	1	0.3738268106690585	0.054597945209922914			0.0	0.9	0.05
107	Cn1cc(C(=O)Nc2ccc(F)cc2-c2ccc(Cl)c(Cl)c2)c(C(F)F)n1	Bixafen	4	365.0	365.0	2.5622928644564746	0.0	0.0	3.95	0.46	1.06	Cn1cc(C(=O)Nc2ccc(F)cc2-c2ccc(Cl)c(Cl)c2)c(C(F)F)n1	Cn1cc(C(=O)Nc2ccc(F)cc2-c2ccc(Cl)c(Cl)c2)c(C(F)F)n1	Cn1cc(C(=O)Nc2ccc(F)cc2-c2ccc(Cl)c(Cl)c2)c(C(F)F)n1	Bixafen	https://envipath.org/package/5882df9c-dae1-4d80-a40e-db4724271456/compound/7b9cbee0-6ad9-47e1-954f-23c0636c1cf7/structure/26e240d4-7a8a-46d3-82a1-191d72c58a9d	0	0.3631459761583487	0.143040053737517			0.0	3.95	1.06
108	O=C(CC(c1ccccc1)c1c(O)c2ccccc2oc1=O)c1ccc(-c2ccc(Br)cc2)cc1	Ketone metabolite, M2	2	120.8966500776593	155.0	2.0824142671722408	0.6379725472186069	0.31898627360930343	2.06	0.45	0.38	O=C(CC(c1ccccc1)c1c(O)c2ccccc2oc1=O)c1ccc(-c2ccc(Br)cc2)cc1	O=C(CC(c1ccccc1)c1c(O)c2ccccc2oc1=O)c1ccc(-c2ccc(Br)cc2)cc1	O=C(CC(c1ccccc1)c1c(O)c2ccccc2oc1=O)c1ccc(-c2ccc(Br)cc2)cc1	Bromadiolone	https://envipath.org/package/5882df9c-dae1-4d80-a40e-db4724271456/compound/ae323a72-8ae2-4e08-a306-237defa64fd4/structure/1cc3fb7f-b14c-4c13-9263-14c9d43f7f0b	1	1.3499999999999996	0.005188585705722282			2.5	2.06	0.38
109	OC(CC(CCc1ccc(-c2ccc(Br)cc2)cc1)c1ccccc1)c1ccccc1	Unk 1 metabolite	1	138.99999999999997	139.0	2.143014800254095	0.0	0.0	2.07	0.48	0.57	OC(CC(CCc1ccc(-c2ccc(Br)cc2)cc1)c1ccccc1)c1ccccc1	OC(CC(CCc1ccc(-c2ccc(Br)cc2)cc1)c1ccccc1)c1ccccc1	OC(CC(CCc1ccc(-c2ccc(Br)cc2)cc1)c1ccccc1)c1ccccc1	Bromadiolone	https://envipath.org/package/5882df9c-dae1-4d80-a40e-db4724271456/compound/5e7d401c-5be8-476c-a665-3df0d08236a5/structure/bedd484b-845b-46b2-b103-3330518149aa	2	0.0	0.0			0.0	2.07	0.57
110	O=c1oc2ccccc2c(O)c1C(CC(O)c1ccc(-c2ccc(Br)cc2)cc1)c1ccccc1	Bromadiolone	5	5.135942667333074	5.4	0.7106201670468066	1.1026623418971475	0.3839469927558088	0.71	0.45	0.23	O=c1oc2ccccc2c(O)c1C(CC(O)c1ccc(-c2ccc(Br)cc2)cc1)c1ccccc1	O=c1oc2ccccc2c(O)c1C(CC(O)c1ccc(-c2ccc(Br)cc2)cc1)c1ccccc1	O=c1oc2ccccc2c(O)c1C(CC(O)c1ccc(-c2ccc(Br)cc2)cc1)c1ccccc1	Bromadiolone	https://envipath.org/package/5882df9c-dae1-4d80-a40e-db4724271456/compound/1c14472b-8fbd-4bb0-8160-eaa0dfd1a267/structure/ad246237-78fb-4cff-bfbd-3cfb45f0e5f2	0	1.0384603988597734	0.22389970501793907			2.0	0.71	0.23
111	N#Cc1cc(Br)c(O)c(Br)c1	Bromoxynil	12	1.162583409500232	1.19	0.06542412112001567	1.3563844325391319	0.359775088616109	0.08	0.39	0.12	N#Cc1cc(Br)c(O)c(Br)c1	N#Cc1cc(Br)c(O)c(Br)c1	N#Cc1cc(Br)c(O)c(Br)c1	Bromoxynil	https://envipath.org/package/5882df9c-dae1-4d80-a40e-db4724271456/compound/ad37538f-2da7-4ae9-b4df-3140217be66b/structure/be3b3092-a784-436f-a5ca-f69ff34060e5	1	0.7397447007057384	0.20599899372860428			5.29871577732651	0.08	0.12
112	CCCC(=O)Oc1c(Br)cc(C#N)cc1Br	Bromoxynil butyrate	2	0.5438749856354859	0.5449999999999999	-0.2645009151695632	0.055857817465000875	0.027928908732500438	-0.24	0.41	0.34	CCCC(=O)Oc1c(Br)cc(C#N)cc1Br	CCCC(=O)Oc1c(Br)cc(C#N)cc1Br	CCCC(=O)Oc1c(Br)cc(C#N)cc1Br	Bromoxynil	https://envipath.org/package/5882df9c-dae1-4d80-a40e-db4724271456/compound/0e0dad45-a4ba-49bc-8172-54d21214bd58/structure/fa9d0145-2948-419a-bf3a-964465797a8f	0	0.20000000000000018	0.09452811811002448			0.0	-0.24	0.34
113	CCCCCCC(=O)Oc1c(Br)cc(C#N)cc1Br	Bromoxynil heptanoate	1	0.76	0.76	-0.11918640771920865	0.0	0.0	-0.05	0.46	0.58	CCCCCCC(=O)Oc1c(Br)cc(C#N)cc1Br	CCCCCCC(=O)Oc1c(Br)cc(C#N)cc1Br	CCCCCCC(=O)Oc1c(Br)cc(C#N)cc1Br	Bromoxynil	https://envipath.org/package/5882df9c-dae1-4d80-a40e-db4724271456/compound/a5702a7e-9b7f-4ece-af52-ecac9bad0c4b/structure/57051174-8025-4004-ad4d-c0bd56342f7b	0	0.0	0.0			0.0	-0.05	0.58
114	NC(=O)c1cc(Br)c(O)c(Br)c1	3,5-dibromo-4-hydroxybenzamide	10	0.46887521901524715	0.495	-0.3289427199788565	1.2461291256634364	0.41328864884298816	-0.33	0.46	0.16	NC(=O)c1cc(Br)c(O)c(Br)c1	NC(=O)c1cc(Br)c(O)c(Br)c1	NC(=O)c1cc(Br)c(O)c(Br)c1	Bromoxynil	https://envipath.org/package/5882df9c-dae1-4d80-a40e-db4724271456/compound/c46fe178-05d7-4978-81f2-1fdfb70d7efe/structure/d09c6480-85ea-4a2f-8880-ca562b1e1396	2	0.6244997998398398	0.12514842267714857			0.3	-0.33	0.16
115	O=C(O)c1cc(Br)c(O)c(Br)c1	3,5-dibromo-4-hydroxybenzoic acid	5	0.2654457037802148	0.26	-0.5760242992911602	0.43933269383026263	0.16075680415735985	-0.56	0.33	0.16	O=C(O)c1cc(Br)c(O)c(Br)c1	O=C(O)c1cc(Br)c(O)c(Br)c1	O=C(O)c1cc(Br)c(O)c(Br)c1	Bromoxynil	https://envipath.org/package/5882df9c-dae1-4d80-a40e-db4724271456/compound/6381690e-3ce6-4bd6-a6b8-d6e3b702458f/structure/dc8de84d-3258-4be6-836f-534766485b95	3	0.7964923100695951	0.08001798873234758			0.0	-0.56	0.16
116	CCCCCCCC(=O)Oc1c(Br)cc(C#N)cc1Br	Bromoxynil octanoate	9	0.8486518310045258	0.78	-0.07127044743170344	0.8917104412484448	0.29446735821545117	-0.06	0.35	0.12	CCCCCCCC(=O)Oc1c(Br)cc(C#N)cc1Br	CCCCCCCC(=O)Oc1c(Br)cc(C#N)cc1Br	CCCCCCCC(=O)Oc1c(Br)cc(C#N)cc1Br	Bromoxynil	https://envipath.org/package/5882df9c-dae1-4d80-a40e-db4724271456/compound/c1743276-b863-4c5c-9263-d3257c64fd80/structure/1b344aa9-b7c1-4ab7-9927-12be2b2a60cc	0	0.3464101615137755	0.19725770171222415			5.871042139387959	-0.06	0.12
117	Clc1ccc(C2(Cn3cncn3)CC(Br)CO2)c(Cl)c1	Bromuconazole	7	580.8894821614124	463.0	2.76409351302191	0.8492581903811267	0.25411841726274775	2.75	0.33	0.14	Clc1ccc(C2(Cn3cncn3)CC(Br)CO2)c(Cl)c1	Clc1ccc(C2(Cn3cncn3)CC(Br)CO2)c(Cl)c1	Clc1ccc(C2(Cn3cncn3)CC(Br)CO2)c(Cl)c1	Bromuconazole	https://envipath.org/package/5882df9c-dae1-4d80-a40e-db4724271456/compound/40d55ecc-7b45-4e34-82b2-9dd8e5aeade1/structure/d15e0dae-0ec1-4887-8c8b-2a9174796d01	0	1.2472827609304498	0.009053490461637583			0.989743318610787	2.75	0.14
118	CCCCc1c(C)nc(NCC)nc1O	Ethirimol	7	56.21311081237939	85.0	1.7498376196510192	0.8264559299581988	0.3225800475517592	1.75	0.39	0.16	CCCCc1c(C)nc(NCC)nc1O	CCCCc1c(C)nc(NCC)nc1O	CCCCc1c(C)nc(NCC)nc1O	Bupirimate	https://envipath.org/package/5882df9c-dae1-4d80-a40e-db4724271456/compound/64a2489c-40c4-4cac-acc0-39c13fdc7516/structure/f89ae9ae-e821-44e2-a77b-2376a61f2d6f	1	0.8400680244565231				5.551245493635842	1.75	0.16
119	CCCCc1c(C)nc(NCC)nc1OS(=O)(=O)N(C)C	Bupirimate	9	97.6727134690619	101.0	1.9897732531254633	0.46273566370466934	0.14210541088095408	1.99	0.28	0.1	CCCCc1c(C)nc(NCC)nc1OS(=O)(=O)N(C)C	CCCCc1c(C)nc(NCC)nc1OS(=O)(=O)N(C)C	CCCCc1c(C)nc(NCC)nc1OS(=O)(=O)N(C)C	Bupirimate	https://envipath.org/package/5882df9c-dae1-4d80-a40e-db4724271456/compound/2ac17ceb-4a4f-453d-9147-7184238e9ec3/structure/61d185b6-907f-45e2-b00d-de3dd8367574	0	0.9527089382322674				1.5713484026367721	1.99	0.1
120	CCCCc1c(C)nc(N)nc1OS(=O)(=O)N(C)C	DE-B (5-butyl-2-amino-6methylpyrimidin-4-yldimethylsulphamate)	6	36.34372563074741	34.0	1.5604294452048149	0.2775050294692618	0.10694432622609591	1.55	0.3	0.13	CCCCc1c(C)nc(N)nc1OS(=O)(=O)N(C)C	CCCCc1c(C)nc(N)nc1OS(=O)(=O)N(C)C	CCCCc1c(C)nc(N)nc1OS(=O)(=O)N(C)C	Bupirimate	https://envipath.org/package/5882df9c-dae1-4d80-a40e-db4724271456/compound/41014c25-478b-4ee2-bdef-9557e6e7fcf4/structure/bb6ebfd1-a2c8-4cdd-8931-63880227bc61	1	0.71336448530109	0.08301021559063289			0.0	1.55	0.13
121	CC(C)N1C(=O)N(c2ccccc2)CSC1=NC(C)(C)C	Buprofezin	6	97.37722527682334	96.0	1.9884573953471427	0.9983885158434207	0.31009771843549955	1.99	0.39	0.18	CC(C)N1C(=O)N(c2ccccc2)CSC1=NC(C)(C)C	CC(C)N1C(=O)N(c2ccccc2)CSC1=NC(C)(C)C	CC(C)N1C(=O)N(c2ccccc2)CSC1=NC(C)(C)C	Buprofezin	https://envipath.org/package/5882df9c-dae1-4d80-a40e-db4724271456/compound/450d0a99-6a2c-4f95-9c2a-5bf6c34f207c/structure/8b2c740c-42f8-4dfa-8f71-183c9754186c	0	0.6670332325554204	0.442182706582781			5.547972602672079	1.99	0.18
122	CCC(C)Nc1c([N+](=O)[O-])cc(C(C)(C)C)cc1[N+](=O)[O-]	Butralin	1	1948.9999999999998	1949.0	3.2898118391176214	0.0	0.0	3.78	0.5	1.1	CCC(C)Nc1c([N+](=O)[O-])cc(C(C)(C)C)cc1[N+](=O)[O-]	CCC(C)Nc1c([N+](=O)[O-])cc(C(C)(C)C)cc1[N+](=O)[O-]	CCC(C)Nc1c([N+](=O)[O-])cc(C(C)(C)C)cc1[N+](=O)[O-]	Butralin	https://envipath.org/package/5882df9c-dae1-4d80-a40e-db4724271456/compound/000160cf-d55b-4b96-87b8-4c1b1193d425/structure/c9f3a632-1fbe-4dc4-bcc3-d6e2dec0023d	0	0.0	0.0			0.0	3.78	1.1
123	CCC(C)S(C)(=O)=O	methyl-2-butyl sulfone	1	4.5	4.5	0.6532125137753437	0.0	0.0	0.72	0.47	0.55	CCC(C)S(C)(=O)=O	CCC(C)S(C)(=O)=O	CCC(C)S(C)(=O)=O	Cadusafos	https://envipath.org/package/5882df9c-dae1-4d80-a40e-db4724271456/compound/5855469d-5893-4ff2-b804-76d589d7bc73/structure/1f2aa454-fd18-4c31-afa3-313e830f5260	1	0.0	0.0			0.0	0.72	0.55
124	CCOP(=O)(SC(C)CC)SC(C)CC	Cadusafos	6	42.574444664448094	51.55	1.6291489917905106	0.7045829352197714	0.24521278670265578	1.64	0.35	0.16	CCOP(=O)(SC(C)CC)SC(C)CC	CCOP(=O)(SC(C)CC)SC(C)CC	CCOP(=O)(SC(C)CC)SC(C)CC	Cadusafos	https://envipath.org/package/5882df9c-dae1-4d80-a40e-db4724271456/compound/27a5ca90-6fef-4d32-b5cb-a89b4dc59f81/structure/dc0954cd-d162-4e8e-a380-46a52a3aef14	0	0.5734883511361751	0.11217808490693763			2.5	1.64	0.16
125	NC(=O)C1CC=CCC1C(=O)O	THPAM	3	5.1924941018511035	5.0	0.7153760118927459	0.24303804868629442	0.09989574929319714	0.74	0.36	0.24	NC(=O)C1CC=CCC1C(=O)O	NC(=O)C1CC=CCC1C(=O)O	NC(=O)C1CC=CCC1C(=O)O	Captan	https://envipath.org/package/5882df9c-dae1-4d80-a40e-db4724271456/compound/fab68c4d-4b56-4490-8109-1b40644199a7/structure/8782e6c3-563a-40b8-8af3-2ff388a03c09	2	0.4642796092394705				0.0	0.74	0.24
126	O=C1NC(=O)C2CC=CCC12	THPI	3	8.434326653017493	6.0	0.9260504167945479	0.6020599913279624	0.2671138095247502	0.95	0.42	0.3	O=C1NC(=O)C2CC=CCC12	O=C1NC(=O)C2CC=CCC12	O=C1NC(=O)C2CC=CCC12	Captan	https://envipath.org/package/5882df9c-dae1-4d80-a40e-db4724271456/compound/5494dd52-a331-4a12-addd-90cff0c84442/structure/cb6b6a67-52c8-4d8b-a40a-f52a1df7cffb	1	0.4642796092394705				0.0	0.95	0.3
127	O=C1C2CC=CCC2C(=O)N1SC(Cl)(Cl)Cl	Captan	2	0.408656334834051	0.5835	-0.38864176442620835	0.7772835288524167	0.38864176442620835	-1.08	0.46	1.04	O=C1C2CC=CCC2C(=O)N1SC(Cl)(Cl)Cl	O=C1C2CC=CCC2C(=O)N1SC(Cl)(Cl)Cl	O=C1C2CC=CCC2C(=O)N1SC(Cl)(Cl)Cl	Captan	https://envipath.org/package/5882df9c-dae1-4d80-a40e-db4724271456/compound/60e37c38-23c2-4cbb-b3d8-b38e8d2561c6/structure/88b00c58-8267-4670-af76-ff9e312e162e	0	0.25	0.036275333574305846			0.0	-1.08	1.04
128	CNC(=O)Oc1cccc2ccccc12	Carbaryl	9	20.526139200535248	22.4	1.3123072698000882	1.3935752032695876	0.43313029783889107	1.3	0.46	0.16	CNC(=O)Oc1cccc2ccccc12	CNC(=O)Oc1cccc2ccccc12	CNC(=O)Oc1cccc2ccccc12	Carbaryl	https://envipath.org/package/5882df9c-dae1-4d80-a40e-db4724271456/compound/b68871c1-7ee9-4a82-9ff6-f7f94d675903/structure/8af89826-7f76-4737-bd8b-9d5b04bd44c3	0	1.2784056428435853	0.39549862308127737			4.714045207910317	1.3	0.16
129	COC(=O)Nc1nc2ccccc2[nH]1	Carbendazim	11	31.540703966936555	35.5	1.4988713822568072	0.8301676968913337	0.20200343487319605	1.5	0.29	0.09	COC(=O)Nc1nc2ccccc2[nH]1	COC(=O)Nc1nc2ccccc2[nH]1	COC(=O)Nc1nc2ccccc2[nH]1	Carbendazim	https://envipath.org/package/5882df9c-dae1-4d80-a40e-db4724271456/compound/aef7695c-e345-4ba2-8a66-89c42c570533/structure/f13564d5-23b7-421d-9c12-1dfe83b29e05	0	1.035805272231934	0.24504342193906048			2.6100568373533317	1.5	0.09
130	CCNC(=O)C(C)OC(=O)Nc1ccccc1	Carbetamide	6	9.008947705301086	5.45	0.9546740659545978	1.0255541044723882	0.41401298874638137	0.95	0.46	0.2	CCNC(=O)C(C)OC(=O)Nc1ccccc1	CCNC(=O)C(C)OC(=O)Nc1ccccc1	CCNC(=O)C(C)OC(=O)Nc1ccccc1	Carbetamide	https://envipath.org/package/5882df9c-dae1-4d80-a40e-db4724271456/compound/0d1caa45-457a-40d4-b2dc-93a972aabf1d/structure/659c7501-00e7-48a2-913b-f0f4fbaf585b	0	0.2999999999999998	0.003205183519173982			6.128258770283411	0.95	0.2
131	CCCCNCCCC	Dibutylamine	3	0.42006801619552103	0.58	-0.3766803842048938	1.550228353055094	0.6405855419299478	-0.38	0.72	0.49	CCCCNCCCC	CCCCNCCCC	CCCCNCCCC	Carbosulfan	https://envipath.org/package/5882df9c-dae1-4d80-a40e-db4724271456/compound/d883cd74-2373-4c64-94e6-e01ff6773fec/structure/47683a62-6508-43a9-91db-bb075f35f67d	1	0.7392338376093636	0.4178101385418733			0.0	-0.38	0.49
132	CCCCN(CCCC)SN(C)C(=O)Oc1cccc2c1OC(C)(C)C2	Carbosulfan	5	3.2498371742601635	5.0	0.5118616021814024	1.1613680022349748	0.4507509892611847	0.36	0.69	0.38	CCCCN(CCCC)SN(C)C(=O)Oc1cccc2c1OC(C)(C)C2	CCCCN(CCCC)SN(C)C(=O)Oc1cccc2c1OC(C)(C)C2	CCCCN(CCCC)SN(C)C(=O)Oc1cccc2c1OC(C)(C)C2	Carbosulfan	https://envipath.org/package/5882df9c-dae1-4d80-a40e-db4724271456/compound/3d7f4921-a730-4def-b248-2828fd26f119/structure/f78b70c3-4593-4318-b22b-722e74176bcd	0	0.4586937976471887	0.1871842431969677			4.8	0.36	0.38
133	CC1=C(C(N)=O)S(=O)CCO1	M13 P/V-54	3	83.14562522099122	94.5	1.9198394033767558	0.23651351165861856	0.10425144900858836	1.9	0.36	0.25	CC1=C(C(N)=O)S(=O)CCO1	CC1=C(C(N)=O)S(=O)CCO1	CC1=C(C(N)=O)S(=O)CCO1	Carboxin	https://envipath.org/package/5882df9c-dae1-4d80-a40e-db4724271456/compound/c6f8589f-d80f-41c3-9cfb-58665af1216e/structure/4cd457eb-990d-41e7-96cd-66deba6fb049	2	0.33993463423951903	0.06351575792251817			0.0	1.9	0.25
134	CC1=C(C(=O)Nc2ccccc2)SCCO1	Carboxin	12	0.3948129013397129	0.58	-0.403608664287353	1.2730012720637376	0.4423085236624548	-0.42	0.52	0.16	CC1=C(C(=O)Nc2ccccc2)SCCO1	CC1=C(C(=O)Nc2ccccc2)SCCO1	CC1=C(C(=O)Nc2ccccc2)SCCO1	Carboxin	https://envipath.org/package/5882df9c-dae1-4d80-a40e-db4724271456/compound/48599b0e-540f-4314-a3a6-3efecc176b3b/structure/0254dc50-0bd7-416b-9c7f-88e3e9b796a1	0	0.6832926817176436	0.20807351553388573			1.863389981249825	-0.42	0.16
135	CC1(O)OCCS(=O)C1C(=O)Nc1ccccc1	M9	6	5.824913140429511	4.300000000000001	0.7652894536614184	1.0854301953246264	0.3936215011315086	0.79	0.43	0.2	CC1(O)OCCS(=O)C1C(=O)Nc1ccccc1	CC1(O)OCCS(=O)C1C(=O)Nc1ccccc1	CC1(O)OCCS(=O)C1C(=O)Nc1ccccc1	Carboxin	https://envipath.org/package/5882df9c-dae1-4d80-a40e-db4724271456/compound/93631b75-2216-401b-acc6-06f843cb6e13/structure/98069014-89ed-48f9-b3de-817535fa0ce7	2	0.33993463423951903	0.06351575792251817			0.0	0.79	0.2
136	CC1=C(C(=O)Nc2ccccc2)S(=O)(=O)CCO1	Carboxin sulfone M0	3	19.305531448959385	26.0	1.285681761524616	0.4334291890377453	0.19916902574080328	1.29	0.37	0.26	CC1=C(C(=O)Nc2ccccc2)S(=O)(=O)CCO1	CC1=C(C(=O)Nc2ccccc2)S(=O)(=O)CCO1	CC1=C(C(=O)Nc2ccccc2)S(=O)(=O)CCO1	Carboxin	https://envipath.org/package/5882df9c-dae1-4d80-a40e-db4724271456/compound/b2350c57-edbd-4bdc-a156-7e4b5a4b611f/structure/65c28bd1-a1a4-48ba-aa28-24deb07b0798	2	0.33993463423951903	0.07351026354826745			0.0	1.29	0.26
137	CC1=C(C(=O)Nc2ccccc2)S(=O)CCO1	Carboxin sulfoxide P/V-16 M4	10	35.52107648725798	49.6	1.5504861188574584	1.0757615867894876	0.35193272571129675	1.55	0.39	0.13	CC1=C(C(=O)Nc2ccccc2)S(=O)CCO1	CC1=C(C(=O)Nc2ccccc2)S(=O)CCO1	CC1=C(C(=O)Nc2ccccc2)S(=O)CCO1	Carboxin	https://envipath.org/package/5882df9c-dae1-4d80-a40e-db4724271456/compound/e20c4aa0-f4c4-4534-8b49-6002a6ac5ffd/structure/723bd57a-2054-4cf3-8a4b-2b4c89ad0c47	1	0.7473044894820318	0.18616187301914094			0.0	1.55	0.13
138	CC1=C(C(N)=O)S(=O)(=O)CCO1	M14 P/V-55	1	22.900000000000002	22.9	1.359835482339888	0.0	0.0	1.35	0.49	0.57	CC1=C(C(N)=O)S(=O)(=O)CCO1	CC1=C(C(N)=O)S(=O)(=O)CCO1	CC1=C(C(N)=O)S(=O)(=O)CCO1	Carboxin	https://envipath.org/package/5882df9c-dae1-4d80-a40e-db4724271456/compound/5ce13378-6faf-4eef-bb04-fa9fc3a2dad9/structure/9dccbf1d-15f3-417b-a682-38676f64972f	3	0.0	0.0			0.0	1.35	0.57
139	Cc1nn(-c2cc(CCC(=O)O)c(Cl)cc2F)c(=O)n1C(F)F	F8426-propionic acid	3	112.657847439797	177.4	2.0517614488880667	0.9996940510744177	0.4312853748714083	2.04	0.51	0.33	Cc1nn(-c2cc(CCC(=O)O)c(Cl)cc2F)c(=O)n1C(F)F	Cc1nn(-c2cc(CCC(=O)O)c(Cl)cc2F)c(=O)n1C(F)F	Cc1nn(-c2cc(CCC(=O)O)c(Cl)cc2F)c(=O)n1C(F)F	Carfentrazone-ethyl	https://envipath.org/package/5882df9c-dae1-4d80-a40e-db4724271456/compound/3d0b7559-9fa1-4b81-97ab-66bf6e65cf14/structure/dd0e36ea-a8cc-4a7e-b36b-ed8d37c937f4	2	1.6391054470858994	0.30029658469491083			0.0	2.04	0.33
140	Cc1nn(-c2cc(C=CC(=O)O)c(Cl)cc2F)c(=O)n1C(F)F	F8426-cinnamic acid	16	77.55325907195596	113.69999999999999	1.8896000531776844	1.5057230522740561	0.4609964458941305	1.89	0.48	0.13	Cc1nn(-c2cc(C=CC(=O)O)c(Cl)cc2F)c(=O)n1C(F)F	Cc1nn(-c2cc(C=CC(=O)O)c(Cl)cc2F)c(=O)n1C(F)F	Cc1nn(-c2cc(C=CC(=O)O)c(Cl)cc2F)c(=O)n1C(F)F	Carfentrazone-ethyl	https://envipath.org/package/5882df9c-dae1-4d80-a40e-db4724271456/compound/da122933-362b-4e15-9041-02a37ec73c7e/structure/a552d7c4-3cea-4b07-b7ba-1fa7d03137a2	2	0.8468461710960262	0.17008526134654747			0.0	1.89	0.13
141	Cc1nn(-c2cc(CC(Cl)C(=O)O)c(Cl)cc2F)c(=O)n1C(F)F	F8426-chloropropionic acid	19	19.49209023449971	19.6	1.2898584131881505	1.3661771069607584	0.3874503607015148	1.29	0.4	0.1	Cc1nn(-c2cc(CC(Cl)C(=O)O)c(Cl)cc2F)c(=O)n1C(F)F	Cc1nn(-c2cc(CC(Cl)C(=O)O)c(Cl)cc2F)c(=O)n1C(F)F	Cc1nn(-c2cc(CC(Cl)C(=O)O)c(Cl)cc2F)c(=O)n1C(F)F	Carfentrazone-ethyl	https://envipath.org/package/5882df9c-dae1-4d80-a40e-db4724271456/compound/c8b4c345-6612-49b4-a7e8-8e01f19a8a93/structure/9f4839a9-6c2e-4961-a9a3-a904d57b1c3a	1	0.7773454367125593	0.17008526134654747			0.0	1.29	0.1
142	O=C(O)c1cc(-n2nc(C(=O)O)n(C(F)F)c2=O)c(F)cc1Cl	F8246-dicarboxylic acid	3	115.71827342569341	142.0	2.06340194513419	0.5006412885242844	0.21383173902609437	2.05	0.39	0.25	O=C(O)c1cc(-n2nc(C(=O)O)n(C(F)F)c2=O)c(F)cc1Cl	O=C(O)c1cc(-n2nc(C(=O)O)n(C(F)F)c2=O)c(F)cc1Cl	O=C(O)c1cc(-n2nc(C(=O)O)n(C(F)F)c2=O)c(F)cc1Cl	Carfentrazone-ethyl	https://envipath.org/package/5882df9c-dae1-4d80-a40e-db4724271456/compound/7daa30dc-2572-4ce3-ae04-1a61f3d29cb9/structure/4a355170-8732-40ba-a5c4-bf22eaa9cd78	5	0.2828427124746193	0.035936077148925674			0.0	2.05	0.25
143	COc1cc(-n2nc(C)n(C(F)F)c2=O)c(F)cc1Cl	Methoxy-F8246-despropionate	3	148.75156353604513	138.9	2.1724615393182876	0.3922302208322581	0.16150407259951885	2.16	0.38	0.26	COc1cc(-n2nc(C)n(C(F)F)c2=O)c(F)cc1Cl	COc1cc(-n2nc(C)n(C(F)F)c2=O)c(F)cc1Cl	COc1cc(-n2nc(C)n(C(F)F)c2=O)c(F)cc1Cl	Carfentrazone-ethyl	https://envipath.org/package/5882df9c-dae1-4d80-a40e-db4724271456/compound/c5558a84-e579-426a-accd-91d278601a1c/structure/b884e675-6382-40c3-9a87-0f411e1b5a94	4	0.163299316185545	0.20432674081613375			0.0	2.16	0.26
144	Cc1n[nH]c(=O)n1C(F)F	FMC185655	3	46.828496415255216	91.3	1.6705102135360632	1.0253854136635463	0.46612706289460154	1.64	0.52	0.35	Cc1n[nH]c(=O)n1C(F)F	Cc1n[nH]c(=O)n1C(F)F	Cc1n[nH]c(=O)n1C(F)F	Carfentrazone-ethyl	https://envipath.org/package/5882df9c-dae1-4d80-a40e-db4724271456/compound/8c757d3d-45a6-4996-addf-5b5ff16e894d/structure/3f23a8bb-2a7d-4a1d-9c4f-aa5627bead16	4	1.4704496666741853	0.30029658469491083			0.0	1.64	0.35
145	O=C(O)c1cc(-n2nc(CO)n(C(F)F)c2=O)c(F)cc1Cl	3-hydroxymethyl-F8426-benzoic acid	3	6.767608347136452	7.0	0.8304352174069807	0.1814200925607482	0.07478663548744052	0.84	0.36	0.25	O=C(O)c1cc(-n2nc(CO)n(C(F)F)c2=O)c(F)cc1Cl	O=C(O)c1cc(-n2nc(CO)n(C(F)F)c2=O)c(F)cc1Cl	O=C(O)c1cc(-n2nc(CO)n(C(F)F)c2=O)c(F)cc1Cl	Carfentrazone-ethyl	https://envipath.org/package/5882df9c-dae1-4d80-a40e-db4724271456/compound/0e5617d8-6a32-4351-9bed-fdf5aa06ceb3/structure/ac3ae3b4-51ab-43e3-9839-f8ea2c785510	4	0.33993463423951903	0.023146774071015674			0.0	0.84	0.25
146	CCOC(=O)C(Cl)Cc1cc(-n2nc(C)n(C(F)F)c2=O)c(F)cc1Cl	Carfentrazone-ethyl	19	0.04964334164438896	0.027	-1.3041389925062403	2.9030899869919438	0.9936052310997493	-1.04	0.84	0.26	CCOC(=O)C(Cl)Cc1cc(-n2nc(C)n(C(F)F)c2=O)c(F)cc1Cl	CCOC(=O)C(Cl)Cc1cc(-n2nc(C)n(C(F)F)c2=O)c(F)cc1Cl	CCOC(=O)C(Cl)Cc1cc(-n2nc(C)n(C(F)F)c2=O)c(F)cc1Cl	Carfentrazone-ethyl	https://envipath.org/package/5882df9c-dae1-4d80-a40e-db4724271456/compound/2a6860b0-f048-4065-8387-34fd9b7a0c68/structure/dee6bffe-01e1-4f3a-b23b-ad70c41e7bc5	0	0.7773454367125592	0.17008526134654747			0.0	-1.04	0.26
147	Cc1nn(-c2cc(C(=O)O)c(Cl)cc2F)c(=O)n1C(F)F	F8426-benzoic acid	9	72.50303558446818	88.4	1.860356190156996	0.740796333546152	0.2707152284105043	1.87	0.34	0.12	Cc1nn(-c2cc(C(=O)O)c(Cl)cc2F)c(=O)n1C(F)F	Cc1nn(-c2cc(C(=O)O)c(Cl)cc2F)c(=O)n1C(F)F	Cc1nn(-c2cc(C(=O)O)c(Cl)cc2F)c(=O)n1C(F)F	Carfentrazone-ethyl	https://envipath.org/package/5882df9c-dae1-4d80-a40e-db4724271456/compound/7967bf20-b628-4701-8c91-08c38480e18a/structure/6b93d3bf-0384-45a8-8f50-05079685a1f5	3	1.0425514760657688	0.17416671376736326			0.0	1.87	0.12
148	Cc1cc(Cl)cc2c(=O)n3cccc(Cl)c3nc12	IN-ECD73	5	2487.9671436897925	2580.0	3.395844640726	1.327902142064283	0.4608062668294888	3.44	0.5	0.44	Cc1cc(Cl)cc2c(=O)n3cccc(Cl)c3nc12	Cc1cc(Cl)cc2c(=O)n3cccc(Cl)c3nc12	Cc1cc(Cl)cc2c(=O)n3cccc(Cl)c3nc12	Chlorantraniliprole	https://envipath.org/package/5882df9c-dae1-4d80-a40e-db4724271456/compound/9f051684-e59d-45a2-bb0d-4b223743f124/structure/b6608e41-9328-4575-a208-8e6648f0675d	1	1.3341664064126333	0.21924538708069075			0.0	3.44	0.44
149	CNC(=O)c1cc(Br)n[nH]1	IN-F6L99	5	19.381738799841635	14.0	1.2873927364558089	0.5606673061697371	0.2456391395825119	1.28	0.37	0.18	CNC(=O)c1cc(Br)n[nH]1	CNC(=O)c1cc(Br)n[nH]1	CNC(=O)c1cc(Br)n[nH]1	Chlorantraniliprole	https://envipath.org/package/5882df9c-dae1-4d80-a40e-db4724271456/compound/1f684e46-59c9-4d81-87be-97e88c8798a3/structure/1c6e583c-15b9-47b8-b531-949ac4766838	1	0.9121403400793107	0.19918287718644803			0.0	1.28	0.18
150	CNC(=O)c1cc(Cl)cc(C)c1NC(=O)c1cc(Br)nn1-c1ncccc1Cl	Chlorantraniliprole	48	219.3472879485223	233.5	2.341132269074801	1.6464037262230695	0.3751169948029066	2.34	0.38	0.06	CNC(=O)c1cc(Cl)cc(C)c1NC(=O)c1cc(Br)nn1-c1ncccc1Cl	CNC(=O)c1cc(Cl)cc(C)c1NC(=O)c1cc(Br)nn1-c1ncccc1Cl	CNC(=O)c1cc(Cl)cc(C)c1NC(=O)c1cc(Br)nn1-c1ncccc1Cl	Chlorantraniliprole	https://envipath.org/package/5882df9c-dae1-4d80-a40e-db4724271456/compound/00fc125b-b10b-4480-8722-bf04265c106f/structure/a0795438-c498-467e-af56-b6acb230d0a4	0	0.9457844150345375	0.24313553324482987			6.841458583924598	2.34	0.06
151	Cc1cc(Cl)cc2c(=O)[nH]c(-c3cc(Br)nn3-c3ncccc3Cl)nc12	IN-GAZ70	4	1339.0998887761284	1085.0	3.126812973969627	0.6972081581797323	0.2631593992126325	3.36	0.5	0.44	Cc1cc(Cl)cc2c(=O)[nH]c(-c3cc(Br)nn3-c3ncccc3Cl)nc12	Cc1cc(Cl)cc2c(=O)[nH]c(-c3cc(Br)nn3-c3ncccc3Cl)nc12	Cc1cc(Cl)cc2c(=O)[nH]c(-c3cc(Br)nn3-c3ncccc3Cl)nc12	Chlorantraniliprole	https://envipath.org/package/5882df9c-dae1-4d80-a40e-db4724271456/compound/0b488858-3a07-46c4-bf05-76f8d34212eb/structure/465efb27-675b-4357-99d4-1a862c2e673c	2	0.9621070626494749	0.25662579934796204			0.0	3.36	0.44
152	Cc1cc(Cl)cc2c(=O)n(C)c(-c3cc(Br)nn3-c3ncccc3Cl)nc12	IN-EQW78	5	700.7870120424153	671.0	2.84558604428648	0.08463713875016854	0.035842306639989344	2.83	0.31	0.15	Cc1cc(Cl)cc2c(=O)n(C)c(-c3cc(Br)nn3-c3ncccc3Cl)nc12	Cc1cc(Cl)cc2c(=O)n(C)c(-c3cc(Br)nn3-c3ncccc3Cl)nc12	Cc1cc(Cl)cc2c(=O)n(C)c(-c3cc(Br)nn3-c3ncccc3Cl)nc12	Chlorantraniliprole	https://envipath.org/package/5882df9c-dae1-4d80-a40e-db4724271456/compound/95859e1c-4344-4a02-843b-30fdb66f93e3/structure/f89347d5-4767-407b-b39c-8a458df4a636	1	1.3341664064126333	0.21924538708069075			0.0	2.83	0.15
153	Nc1cnn(-c2ccccc2)c(=O)c1Cl	Chloridazon	6	50.46309930229515	78.6	1.7029739201520198	1.3394283288569577	0.529465200463788	1.71	0.55	0.24	Nc1cnn(-c2ccccc2)c(=O)c1Cl	Nc1cnn(-c2ccccc2)c(=O)c1Cl	Nc1cnn(-c2ccccc2)c(=O)c1Cl	Chloridazon	https://envipath.org/package/5882df9c-dae1-4d80-a40e-db4724271456/compound/27ccd957-3ca8-4780-a3bf-18b49428a72a/structure/261ab058-b66a-40f3-a1ef-a34236edcb3b	0	0.7719024117939609	0.2794071139929084			2.3570226039551585	1.71	0.24
154	Nc1cn[nH]c(=O)c1Cl	Metabolite B	4	104.19143708953575	106.5	2.0178320281998383	0.2174839442139065	0.08648799460948871	2.0	0.33	0.19	Nc1cn[nH]c(=O)c1Cl	Nc1cn[nH]c(=O)c1Cl	Nc1cn[nH]c(=O)c1Cl	Chloridazon	https://envipath.org/package/5882df9c-dae1-4d80-a40e-db4724271456/compound/4ea63df8-f7d0-4c8d-92df-e93e6be9f055/structure/3047ebd5-6ec2-483b-bb3a-fd6656c79696	1	0.580409338312195	0.12174672639246749				2.0	0.19
155	Cn1ncc(N)c(Cl)c1=O	Metabolite B-1	4	142.43839496529336	143.5	2.153627071281045	0.15856691407214862	0.05899703785772073	2.14	0.32	0.18	Cn1ncc(N)c(Cl)c1=O	Cn1ncc(N)c(Cl)c1=O	Cn1ncc(N)c(Cl)c1=O	Chloridazon	https://envipath.org/package/5882df9c-dae1-4d80-a40e-db4724271456/compound/f3689645-6a8f-44d6-b466-11e51a3dae08/structure/8888fcc9-c9ce-4157-b9c1-f5cb335914ca	2	0.5804093383121949	0.1217467263924675				2.14	0.18
156	C[N+](C)(C)CCCl	Chlormequat	8	28.812780553491415	31.1	1.4595851715316408	0.27900471080770206	0.0844269228689438	1.45	0.28	0.1	C[N+](C)(C)CCCl	C[N+](C)(C)CCCl	C[N+](C)(C)CCCl	Chlormequat	https://envipath.org/package/5882df9c-dae1-4d80-a40e-db4724271456/compound/6a3ea056-75fc-44d8-ad1d-56706db5abe7/structure/cdb61930-c59f-4879-a166-f485e692cdc4	0	0.7582875444051552	0.18209324235283664			0.0	1.45	0.1
157	O=[N+]([O-])C(Cl)(Cl)Cl	Chloropicrin	6	8.071766024018876	7.95	0.9069685645333346	0.8386876729759088	0.27883235516398197	0.9	0.36	0.16	O=[N+]([O-])C(Cl)(Cl)Cl	O=[N+]([O-])C(Cl)(Cl)Cl	O=[N+]([O-])C(Cl)(Cl)Cl	Chloropicrin	https://envipath.org/package/5882df9c-dae1-4d80-a40e-db4724271456/compound/cfc60f93-718a-472d-a83f-7df60373361b/structure/a4fa5540-712e-498d-b789-080271cab368	0	0.42768433322824534	0.08628134006564346			4.487637339278753	0.9	0.16
158	N=C(NC(N)=O)NC(=O)NS(=O)(=O)c1ccccc1Cl	IN-JJ998	5	99.18657213232675	98.0	1.996452881392481	0.06559595033965437	0.028444789533380848	1.99	0.31	0.16	N=C(NC(N)=O)NC(=O)NS(=O)(=O)c1ccccc1Cl	N=C(NC(N)=O)NC(=O)NS(=O)(=O)c1ccccc1Cl	N=C(NC(N)=O)NC(=O)NS(=O)(=O)c1ccccc1Cl	Chlorsulfuron	https://envipath.org/package/5882df9c-dae1-4d80-a40e-db4724271456/compound/b293f349-b5a2-4cf7-94fa-78b228f38bd8/structure/c0ce4221-d236-4e7e-a1ff-132164b8d3b0	3	0.801498596380555	0.15531049821461965			0.0	1.99	0.16
159	COc1nc(C)nc(NC(=O)NS(=O)(=O)c2ccccc2Cl)n1	Chlorsulfuron	50	30.03431705429402	28.05	1.477617761040368	1.9177680024477561	0.4609385769211965	1.48	0.47	0.07	COc1nc(C)nc(NC(=O)NS(=O)(=O)c2ccccc2Cl)n1	COc1nc(C)nc(NC(=O)NS(=O)(=O)c2ccccc2Cl)n1	COc1nc(C)nc(NC(=O)NS(=O)(=O)c2ccccc2Cl)n1	Chlorsulfuron	https://envipath.org/package/5882df9c-dae1-4d80-a40e-db4724271456/compound/45cde323-ba8b-46c2-9bb4-94cc18efc0d4/structure/a25e3f0b-ce55-4328-9a67-cc69de6aaada	0	1.0541347162483548				6.5600000000000005	1.48	0.07
160	NS(=O)(=O)c1ccccc1Cl	IN-A4097	5	312.3755001729417	359.0	2.494676964523621	0.39644844058229145	0.14169722446765287	2.49	0.32	0.16	NS(=O)(=O)c1ccccc1Cl	NS(=O)(=O)c1ccccc1Cl	NS(=O)(=O)c1ccccc1Cl	Chlorsulfuron	https://envipath.org/package/5882df9c-dae1-4d80-a40e-db4724271456/compound/09d7712e-42b9-438e-8c2a-b2633c4a6d85/structure/4a56562b-ae2d-4682-b2f6-e0d1d6008300	1	1.1610340218959994	0.23846220913335692			0.0	2.49	0.16
161	COc1nc(C)nc(N)n1	Triazine amine (IN-A4098)	59	113.64908159944193	108.1	2.055565930532559	2.1426675035687315	0.44084482765241817	2.07	0.48	0.06	COc1nc(C)nc(N)n1	COc1nc(C)nc(N)n1	COc1nc(C)nc(N)n1	Chlorsulfuron	https://envipath.org/package/5882df9c-dae1-4d80-a40e-db4724271456/compound/16a66ffb-d8e6-43fe-92c9-0d5a25b94821/structure/929d2047-4bcb-41c8-bcd7-bb970abf3a83	1	0.9465004412678899	0.2024006744970253			0.08787445014790288	2.07	0.06
162	O=C(O)c1c(Cl)c(Cl)c(C(=O)O)c(Cl)c1Cl	TPA Tetrachloroterephtalic acid	3	299.0667293264377	208.0	2.4757681011836548	1.1092409685882032	0.4663739390697939	2.52	0.63	0.47	O=C(O)c1c(Cl)c(Cl)c(C(=O)O)c(Cl)c1Cl	O=C(O)c1c(Cl)c(Cl)c(C(=O)O)c(Cl)c1Cl	O=C(O)c1c(Cl)c(Cl)c(C(=O)O)c(Cl)c1Cl	Chlorthal-dimethyl	https://envipath.org/package/5882df9c-dae1-4d80-a40e-db4724271456/compound/962d9dc4-9e84-4e26-94b3-372c87b0e93b/structure/76d12b98-4e29-4dce-b324-d464258fb622	2	1.114550233153366	0.1506518678832205			0.0	2.52	0.47
163	COC(=O)c1c(Cl)c(Cl)c(C(=O)OC)c(Cl)c1Cl	Chlorthal-dimethyl	3	26.57685060773905	26.0	1.4245035151801524	0.30102999566398125	0.12307960198625535	1.41	0.37	0.25	COC(=O)c1c(Cl)c(Cl)c(C(=O)OC)c(Cl)c1Cl	COC(=O)c1c(Cl)c(Cl)c(C(=O)OC)c(Cl)c1Cl	COC(=O)c1c(Cl)c(Cl)c(C(=O)OC)c(Cl)c1Cl	Chlorthal-dimethyl	https://envipath.org/package/5882df9c-dae1-4d80-a40e-db4724271456/compound/984cd41b-4706-4e58-9842-42393d32ece5/structure/4843dd96-599e-43e4-baea-709c3df32d7a	0	1.0143416036468624				0.0	1.41	0.25
164	Cc1cc(C)cc(C(=O)N(NC(=O)c2ccc3c(c2C)CCCO3)C(C)(C)C)c1	Chromafenozide	6	181.56425148494577	174.0	2.2590303435730927	0.5429587347256852	0.18836112822542833	2.27	0.31	0.14	Cc1cc(C)cc(C(=O)N(NC(=O)c2ccc3c(c2C)CCCO3)C(C)(C)C)c1	Cc1cc(C)cc(C(=O)N(NC(=O)c2ccc3c(c2C)CCCO3)C(C)(C)C)c1	Cc1cc(C)cc(C(=O)N(NC(=O)c2ccc3c(c2C)CCCO3)C(C)(C)C)c1	Chromafenozide	https://envipath.org/package/5882df9c-dae1-4d80-a40e-db4724271456/compound/766f0c98-57fc-475d-b7ac-dde0cd138a48/structure/c491f478-abca-4bd9-a7a1-2c515b5a4de9	0	0.5965176722724428	0.11753925457449815			4.487637339278753	2.27	0.14
165	CCSC(C)CC1CC(=O)C(C(CC)=NOCC=CCl)=C(O)C1	Clethodim	3	1.5326188647871062	1.2	0.1854341669224291	0.3187587626244128	0.15026432174290352	0.2	0.37	0.25	CCSC(C)CC1CC(=O)C(C(CC)=NOCC=CCl)=C(O)C1	CCSC(C)CC1CC(=O)C(C(CC)=NOCC=CCl)=C(O)C1	CCSC(C)CC1CC(=O)C(C(CC)=NOCC=CCl)=C(O)C1	Clethodim	https://envipath.org/package/5882df9c-dae1-4d80-a40e-db4724271456/compound/2779b1a1-0f7e-4a50-8043-4370e50cd7cd/structure/d6106faf-b1c0-4cbd-9cf2-244037e44af0	0	0.18856180831641284	0.015756109438362115			0.0	0.2	0.25
166	CCC(=NOCC=CCl)C1=C(O)CC(CC(C)S(=O)(=O)CC)CC1=O	Clethodim sulfone	6	17.98426139114861	19.2	1.254892606161458	1.2653144433974468	0.4605468519450608	1.25	0.49	0.22	CCC(=NOCC=CCl)C1=C(O)CC(CC(C)S(=O)(=O)CC)CC1=O	CCC(=NOCC=CCl)C1=C(O)CC(CC(C)S(=O)(=O)CC)CC1=O	CCC(=NOCC=CCl)C1=C(O)CC(CC(C)S(=O)(=O)CC)CC1=O	Clethodim	https://envipath.org/package/5882df9c-dae1-4d80-a40e-db4724271456/compound/c0e80daf-9b85-45ec-be51-9ea7beb27a5f/structure/4a5c0476-5f11-405a-8579-10abeedc4014	2	0.764758494922126	0.23004565551938444			2.5	1.25	0.22
167	CCc1nc2c(o1)CC(CC(C)S(=O)CC)CC2=O	Clethodim oxazole sulfoxide	1	288.00000000000006	288.0	2.459392487759231	0.0	0.0	2.43	0.49	0.57	CCc1nc2c(o1)CC(CC(C)S(=O)CC)CC2=O	CCc1nc2c(o1)CC(CC(C)S(=O)CC)CC2=O	CCc1nc2c(o1)CC(CC(C)S(=O)CC)CC2=O	Clethodim	https://envipath.org/package/5882df9c-dae1-4d80-a40e-db4724271456/compound/1df5f68b-d975-40a3-88f7-2be1a68b0e95/structure/fabd3f21-9481-4f1b-bbaa-e630560ec4f5	2	0.0	0.0			0.0	2.43	0.57
168	CCC(=NOCC=CCl)C1=C(O)CC(CC(C)S(=O)CC)CC1=O	Clethodim sulfoxide	6	6.103744081853297	10.25	0.7855963162035537	1.074633618296904	0.4808856335989362	0.8	0.51	0.23	CCC(=NOCC=CCl)C1=C(O)CC(CC(C)S(=O)CC)CC1=O	CCC(=NOCC=CCl)C1=C(O)CC(CC(C)S(=O)CC)CC1=O	CCC(=NOCC=CCl)C1=C(O)CC(CC(C)S(=O)CC)CC1=O	Clethodim	https://envipath.org/package/5882df9c-dae1-4d80-a40e-db4724271456/compound/abce54d4-f755-4a3a-8e36-8e0db272b82a/structure/941ebf85-644a-4f48-b821-c2ef0b276b27	1	0.764758494922126	0.23004565551938444			2.5	0.8	0.23
169	CCc1nc2c(o1)CC(CC(C)S(=O)(=O)CC)CC2=O	Clethodim oxazole sulfone	3	31.95827896181606	24.0	1.504583383360608	0.5314789170422551	0.23412074097051094	1.5	0.39	0.27	CCc1nc2c(o1)CC(CC(C)S(=O)(=O)CC)CC2=O	CCc1nc2c(o1)CC(CC(C)S(=O)(=O)CC)CC2=O	CCc1nc2c(o1)CC(CC(C)S(=O)(=O)CC)CC2=O	Clethodim	https://envipath.org/package/5882df9c-dae1-4d80-a40e-db4724271456/compound/4260e529-0c4c-44c0-97ea-ae8809079c00/structure/deba7613-7dcb-44db-a0bc-9f5926e073fb	3	0.7363574011458174	0.18846103600563152			0.0	1.5	0.27
170	O=c1[nH]cc(Cl)cc1F	CGA 302371	3	9.975406230904259	9.4	0.9989305905991641	0.1346985738974562	0.05793825667610768	1.0	0.35	0.23	O=c1[nH]cc(Cl)cc1F	O=c1[nH]cc(Cl)cc1F	O=c1[nH]cc(Cl)cc1F	Clodinafop	https://envipath.org/package/5882df9c-dae1-4d80-a40e-db4724271456/compound/bab3896a-c9c6-40fd-b3e4-3a68d52c462a/structure/c36547ff-55bb-4da9-8ced-56231d41b540	2	0.08524474568362957				0.0	1.0	0.23
171	C#CCOC(=O)C(C)Oc1ccc(Oc2ncc(Cl)cc2F)cc1	Clodinafop	6	0.30717076619745354	0.39999999999999997	-0.5126201189896864	1.1760912590556813	0.49794878936601167	-0.7	0.8	0.41	C#CCOC(=O)C(C)Oc1ccc(Oc2ncc(Cl)cc2F)cc1	C#CCOC(=O)C(C)Oc1ccc(Oc2ncc(Cl)cc2F)cc1	C#CCOC(=O)C(C)Oc1ccc(Oc2ncc(Cl)cc2F)cc1	Clodinafop	https://envipath.org/package/5882df9c-dae1-4d80-a40e-db4724271456/compound/726eea1d-7717-4b33-8cd0-724730d2aad4/structure/42619bcb-d73a-43dd-8a9f-99ec84add631	0	0.48876260995383936	0.058380240028951744			2.886751345948129	-0.7	0.41
172	CC(Oc1ccc(Oc2ncc(Cl)cc2F)cc1)C(=O)O	CGA 193469	6	9.43976640199841	11.0	0.9749612473088405	0.5650764250747923	0.20788854549372118	0.97	0.33	0.15	CC(Oc1ccc(Oc2ncc(Cl)cc2F)cc1)C(=O)O	CC(Oc1ccc(Oc2ncc(Cl)cc2F)cc1)C(=O)O	CC(Oc1ccc(Oc2ncc(Cl)cc2F)cc1)C(=O)O	Clodinafop	https://envipath.org/package/5882df9c-dae1-4d80-a40e-db4724271456/compound/b178040c-2a58-41a7-9f9f-29615098eacd/structure/6bdbe057-606f-4f6a-8904-ce6c5c91f050	1	0.48876260995383936	0.058380240028951744			2.886751345948129	0.97	0.15
173	O=C(NN=Cc1ccccc1Cl)c1ccccc1Cl	AE C593600	1	43.0	43.0	1.6334684555795864	0.0	0.0	1.63	0.47	0.58	O=C(NN=Cc1ccccc1Cl)c1ccccc1Cl	O=C(NN=Cc1ccccc1Cl)c1ccccc1Cl	O=C(NN=Cc1ccccc1Cl)c1ccccc1Cl	Clofentezine	https://envipath.org/package/5882df9c-dae1-4d80-a40e-db4724271456/compound/8ae9f0ae-aad7-438d-b727-a55232e0fdad/structure/4e232ce1-9645-47f0-8dfb-5a519bab404d	1	0.0				0.0	1.63	0.58
174	Clc1ccccc1-c1nnc(-c2ccccc2Cl)nn1	Clofentezine	7	72.55750882752946	104.1	1.8606823633432448	1.015239966556737	0.3392458321967417	1.86	0.4	0.16	Clc1ccccc1-c1nnc(-c2ccccc2Cl)nn1	Clc1ccccc1-c1nnc(-c2ccccc2Cl)nn1	Clc1ccccc1-c1nnc(-c2ccccc2Cl)nn1	Clofentezine	https://envipath.org/package/5882df9c-dae1-4d80-a40e-db4724271456/compound/614eeccc-1028-4ce9-aa52-1271f23ffbfc/structure/9dd2f2b7-fe92-404b-afee-e51b93241702	0	0.5409741779646138				3.907084094622098	1.86	0.16
175	CC1(C)CON(Cc2ccccc2Cl)C1=O	Clomazone	6	39.07493729612367	30.314999999999998	1.5918982897758225	0.6152720751148897	0.23003688426701396	1.59	0.34	0.15	CC1(C)CON(Cc2ccccc2Cl)C1=O	CC1(C)CON(Cc2ccccc2Cl)C1=O	CC1(C)CON(Cc2ccccc2Cl)C1=O	Clomazone	https://envipath.org/package/5882df9c-dae1-4d80-a40e-db4724271456/compound/273a941c-4616-4d11-88c7-581ea2695a0a/structure/8ac2a9b7-d493-4310-8fea-c7c0551b8828	0	0.8294911425419537	0.1165798991925707			4.775516260631467	1.59	0.15
176	O=C(O)c1nc(Cl)ccc1Cl	Clopyralid	18	39.26478080406438	39.0	1.5940031773428809	1.4873404199013485	0.4158387591273822	1.6	0.43	0.1	O=C(O)c1nc(Cl)ccc1Cl	O=C(O)c1nc(Cl)ccc1Cl	O=C(O)c1nc(Cl)ccc1Cl	Clopyralid	https://envipath.org/package/5882df9c-dae1-4d80-a40e-db4724271456/compound/653f41db-e7c7-4957-a043-c35144daca63/structure/6e5748bf-1822-4d3f-8bd9-77ed22d34c8e	0	0.688709654102744	0.36948074259065083			4.015786748555822	1.6	0.1
177	N#CN	Cyanamide	1	1.26	1.26	0.10037054511756291	0.0	0.0	0.18	0.47	0.58	N#CN	N#CN	N#CN	Cyanamide	https://envipath.org/package/5882df9c-dae1-4d80-a40e-db4724271456/compound/8afad709-fb0f-4905-be05-00944f9f185f/structure/00bc4e95-0e6e-4f9a-b4a3-97c322f761d3	0	0.0	0.0			0.0	0.18	0.58
178	Cc1cc(C(=O)O)cc(C(N)=O)c1NC(=O)c1cc(Br)nn1-c1ncccc1Cl	IN-K5A79	5	49.7990780913496	46.0	1.6972213029294827	0.8385176947029356	0.3324593652059411	1.69	0.42	0.21	Cc1cc(C(=O)O)cc(C(N)=O)c1NC(=O)c1cc(Br)nn1-c1ncccc1Cl	Cc1cc(C(=O)O)cc(C(N)=O)c1NC(=O)c1cc(Br)nn1-c1ncccc1Cl	Cc1cc(C(=O)O)cc(C(N)=O)c1NC(=O)c1cc(Br)nn1-c1ncccc1Cl	Cyantraniliprole	https://envipath.org/package/5882df9c-dae1-4d80-a40e-db4724271456/compound/4dfdda66-6741-414b-90f5-f12a7d54b92d/structure/c8b6adf6-44df-4f11-b2b0-e11d4f7624db	3	0.390517605236947	0.16705318230327054			2.0	1.69	0.21
179	Cc1cc(C#N)cc2c(=O)n(C)c(-c3cc(Br)nn3-c3ncccc3Cl)nc12	IN-J9Z38	5	127.63522557507328	118.0	2.1059705502599475	0.41397561761302426	0.15272118195762932	2.11	0.33	0.16	Cc1cc(C#N)cc2c(=O)n(C)c(-c3cc(Br)nn3-c3ncccc3Cl)nc12	Cc1cc(C#N)cc2c(=O)n(C)c(-c3cc(Br)nn3-c3ncccc3Cl)nc12	Cc1cc(C#N)cc2c(=O)n(C)c(-c3cc(Br)nn3-c3ncccc3Cl)nc12	Cyantraniliprole	https://envipath.org/package/5882df9c-dae1-4d80-a40e-db4724271456/compound/366dbe41-90dd-41a6-882a-602bafa6043a/structure/975bda13-c839-4121-aa2d-43f0a21c4525	1	0.9439830506952971	0.17422002561668354			0.0	2.11	0.16
180	Cc1cc(C(N)=O)cc2c(=O)n(C)c(-c3cc(Br)nn3-c3ncccc3Cl)nc12	IN-K5A77	5	86.5017916771012	78.6	1.9370251029263166	1.1549019599857429	0.4951362992216002	1.96	0.54	0.26	Cc1cc(C(N)=O)cc2c(=O)n(C)c(-c3cc(Br)nn3-c3ncccc3Cl)nc12	Cc1cc(C(N)=O)cc2c(=O)n(C)c(-c3cc(Br)nn3-c3ncccc3Cl)nc12	Cc1cc(C(N)=O)cc2c(=O)n(C)c(-c3cc(Br)nn3-c3ncccc3Cl)nc12	Cyantraniliprole	https://envipath.org/package/5882df9c-dae1-4d80-a40e-db4724271456/compound/462c8635-15b4-4f5c-a119-d07a1eea64b9/structure/b3f573ea-d8cd-432a-90f4-890a7199ff11	2	0.9439830506952971	0.1742200256166835			0.0	1.96	0.26
181	Cc1cc(C(=O)O)cc2c(=O)n(C)c(-c3cc(Br)nn3-c3ncccc3Cl)nc12	IN-K5A78	5	328.1615717282153	308.0	2.516087723080533	1.0501246060340128	0.34920555474436255	2.55	0.49	0.25	Cc1cc(C(=O)O)cc2c(=O)n(C)c(-c3cc(Br)nn3-c3ncccc3Cl)nc12	Cc1cc(C(=O)O)cc2c(=O)n(C)c(-c3cc(Br)nn3-c3ncccc3Cl)nc12	Cc1cc(C(=O)O)cc2c(=O)n(C)c(-c3cc(Br)nn3-c3ncccc3Cl)nc12	Cyantraniliprole	https://envipath.org/package/5882df9c-dae1-4d80-a40e-db4724271456/compound/c1744bc4-6926-4f4f-8ca1-17352aa56f27/structure/1c0ea51e-edc3-4255-b709-564567b06d47	3	0.9439830506952971	0.1742200256166835			0.0	2.55	0.25
182	Cc1cc(C#N)cc2c(=O)n(C)c(-c3cc(Br)n[nH]3)nc12	IN-QKV54	5	240.54781182292686	184.3	2.381201410635587	1.3147096929551738	0.4511180617680813	2.4	0.55	0.3	Cc1cc(C#N)cc2c(=O)n(C)c(-c3cc(Br)n[nH]3)nc12	Cc1cc(C#N)cc2c(=O)n(C)c(-c3cc(Br)n[nH]3)nc12	Cc1cc(C#N)cc2c(=O)n(C)c(-c3cc(Br)n[nH]3)nc12	Cyantraniliprole	https://envipath.org/package/5882df9c-dae1-4d80-a40e-db4724271456/compound/90527d31-9452-4573-a096-6edd0312f94b/structure/78536eaf-60de-4bc0-93c3-14ae71dbd9f6	3	0.9748846085563151	0.17636947766284486			0.0	2.4	0.3
183	CNC(=O)c1cc(C#N)cc(C)c1N1C(=O)C2CC(Br)=NN2c2ncccc21	IN-RNU71	5	73.57887505856306	43.0	1.8667531436528515	1.1564557880543649	0.4142963155968668	1.86	0.48	0.24	CNC(=O)c1cc(C#N)cc(C)c1N1C(=O)C2CC(Br)=NN2c2ncccc21	CNC(=O)c1cc(C#N)cc(C)c1N1C(=O)C2CC(Br)=NN2c2ncccc21	CNC(=O)c1cc(C#N)cc(C)c1N1C(=O)C2CC(Br)=NN2c2ncccc21	Cyantraniliprole	https://envipath.org/package/5882df9c-dae1-4d80-a40e-db4724271456/compound/15a01294-3414-433d-b2b5-4b6200ae883c/structure/51791926-6b18-4e29-a0d1-001835ab350f	2	0.9748846085563152	0.17636947766284486			0.0	1.86	0.24
184	Cc1cc(C(=O)O)cc2c(=O)[nH]c(-c3cc(Br)nn3-c3ncccc3Cl)nc12	IN-PLT97	5	833.7635277510849	711.0	2.921042893377364	0.6316518641210838	0.27179950190703106	2.94	0.42	0.25	Cc1cc(C(=O)O)cc2c(=O)[nH]c(-c3cc(Br)nn3-c3ncccc3Cl)nc12	Cc1cc(C(=O)O)cc2c(=O)[nH]c(-c3cc(Br)nn3-c3ncccc3Cl)nc12	Cc1cc(C(=O)O)cc2c(=O)[nH]c(-c3cc(Br)nn3-c3ncccc3Cl)nc12	Cyantraniliprole	https://envipath.org/package/5882df9c-dae1-4d80-a40e-db4724271456/compound/dc797884-aa9d-41a1-8caa-1fd5a1ad0119/structure/5c130a89-8901-44e0-91de-2b9c695f2390	4	0.6388927922586073	0.22931718825325365			0.0	2.94	0.25
185	CNC(=O)c1cc(C(N)=O)cc(C)c1NC(=O)c1cc(Br)nn1-c1ncccc1Cl	IN-JCZ38	5	7.132120322785174	9.41	0.853218661351446	0.5228787452803374	0.20412180178214145	0.86	0.34	0.18	CNC(=O)c1cc(C(N)=O)cc(C)c1NC(=O)c1cc(Br)nn1-c1ncccc1Cl	CNC(=O)c1cc(C(N)=O)cc(C)c1NC(=O)c1cc(Br)nn1-c1ncccc1Cl	CNC(=O)c1cc(C(N)=O)cc(C)c1NC(=O)c1cc(Br)nn1-c1ncccc1Cl	Cyantraniliprole	https://envipath.org/package/5882df9c-dae1-4d80-a40e-db4724271456/compound/da315f42-4a66-4250-ba77-6b3a2e80354b/structure/de025e5c-c1fd-43d5-8c06-edbf714237fe	1	0.810249344337902	0.1858633767889159			0.0	0.86	0.18
186	CNC(=O)c1cc(C#N)cc(C)c1NC(=O)c1cc(Br)nn1-c1ncccc1Cl	Cyantraniliprole	12	38.2279325562242	41.3	1.5823808111316986	1.1688079873165882	0.40066810929191604	1.58	0.43	0.13	CNC(=O)c1cc(C#N)cc(C)c1NC(=O)c1cc(Br)nn1-c1ncccc1Cl	CNC(=O)c1cc(C#N)cc(C)c1NC(=O)c1cc(Br)nn1-c1ncccc1Cl	CNC(=O)c1cc(C#N)cc(C)c1NC(=O)c1cc(Br)nn1-c1ncccc1Cl	Cyantraniliprole	https://envipath.org/package/5882df9c-dae1-4d80-a40e-db4724271456/compound/ade34050-3924-4a31-987d-55aee4e80507/structure/36bf6a3b-37cc-4470-96e7-305870a5f44d	0	1.1005402713617023	0.20414775908086732			4.123105625617661	1.58	0.13
187	CNC(=O)c1cc(C(=O)O)cc(C)c1NC(=O)c1cc(Br)nn1-c1ncccc1Cl	IN-JSE76	5	241.6428805558967	219.0	2.383174004189006	0.9953715958179288	0.33363052371895546	2.37	0.41	0.2	CNC(=O)c1cc(C(=O)O)cc(C)c1NC(=O)c1cc(Br)nn1-c1ncccc1Cl	CNC(=O)c1cc(C(=O)O)cc(C)c1NC(=O)c1cc(Br)nn1-c1ncccc1Cl	CNC(=O)c1cc(C(=O)O)cc(C)c1NC(=O)c1cc(Br)nn1-c1ncccc1Cl	Cyantraniliprole	https://envipath.org/package/5882df9c-dae1-4d80-a40e-db4724271456/compound/39a44b27-9e0e-4777-b50d-bc07b927caf6/structure/ba54d193-ba8c-4476-b99b-a0e875706e98	2	0.810249344337902	0.1858633767889159			0.0	2.37	0.2
188	Cc1ccc(-c2[nH]c(C#N)nc2Cl)cc1	CCIM	14	4.454220543675206	3.93	0.6487717166337853	1.3196012352104332	0.44159858745951014	0.66	0.46	0.12	Cc1ccc(-c2[nH]c(C#N)nc2Cl)cc1	Cc1ccc(-c2[nH]c(C#N)nc2Cl)cc1	Cc1ccc(-c2[nH]c(C#N)nc2Cl)cc1	Cyazofamid	https://envipath.org/package/5882df9c-dae1-4d80-a40e-db4724271456/compound/e8c549c4-c92d-4232-989c-effb04a65df0/structure/9bb79691-72c6-4456-aec7-c02c57664ff2	1	0.6543418566056447	0.3808658247350214			0.0	0.66	0.12
189	Cc1ccc(-c2[nH]c(C(N)=O)nc2Cl)cc1	CCIM-AM	20	9.969239995442562	8.969999999999999	0.9986620511535341	1.4617463931527082	0.36151866644132924	1.0	0.38	0.09	Cc1ccc(-c2[nH]c(C(N)=O)nc2Cl)cc1	Cc1ccc(-c2[nH]c(C(N)=O)nc2Cl)cc1	Cc1ccc(-c2[nH]c(C(N)=O)nc2Cl)cc1	Cyazofamid	https://envipath.org/package/5882df9c-dae1-4d80-a40e-db4724271456/compound/660f39e0-ac32-4b9f-8d46-c3a89f746d04/structure/b6f43e98-0c41-4050-a2b0-36036b43e596	2	0.6679071791798615	0.38094609137432095			0.0	1.0	0.09
190	Cc1ccc(-c2[nH]c(C(=O)O)nc2Cl)cc1	CTCA	15	118.96663570899891	194.0	2.0754251802232826	1.8977424060183579	0.6016623796447695	2.08	0.61	0.16	Cc1ccc(-c2[nH]c(C(=O)O)nc2Cl)cc1	Cc1ccc(-c2[nH]c(C(=O)O)nc2Cl)cc1	Cc1ccc(-c2[nH]c(C(=O)O)nc2Cl)cc1	Cyazofamid	https://envipath.org/package/5882df9c-dae1-4d80-a40e-db4724271456/compound/8afc84d9-816d-4954-8946-f82d96fb9370/structure/a469b9e1-622f-4d75-b3b5-7f155b7998bf	3	0.6868284599034413	0.3864661191561472			0.0	2.08	0.16
191	Cc1ccc(-c2c(Cl)nc(C#N)n2S(=O)(=O)N(C)C)cc1	Cyazofamid	8	4.137433602327224	4.25	0.6167310372673332	0.1778319206319826	0.07854340102107361	0.62	0.28	0.1	Cc1ccc(-c2c(Cl)nc(C#N)n2S(=O)(=O)N(C)C)cc1	Cc1ccc(-c2c(Cl)nc(C#N)n2S(=O)(=O)N(C)C)cc1	Cc1ccc(-c2c(Cl)nc(C#N)n2S(=O)(=O)N(C)C)cc1	Cyazofamid	https://envipath.org/package/5882df9c-dae1-4d80-a40e-db4724271456/compound/b7d547c8-009a-4091-b72c-67d1e688acc5/structure/2f2d971d-fefa-4990-9646-e68014afa155	0	0.6179603547154136	0.3794160840374842			0.0	0.62	0.1
192	CC(NC(=O)c1cc(Cl)cc(Br)c1NC(=O)c1cc(Br)nn1-c1ncccc1Cl)C1CC1	Cyclaniliprole	18	840.3761468328084	638.0	2.924473716930126	0.5895742797799026	0.2280779884874983	2.96	0.32	0.09	CC(NC(=O)c1cc(Cl)cc(Br)c1NC(=O)c1cc(Br)nn1-c1ncccc1Cl)C1CC1	CC(NC(=O)c1cc(Cl)cc(Br)c1NC(=O)c1cc(Br)nn1-c1ncccc1Cl)C1CC1	CC(NC(=O)c1cc(Cl)cc(Br)c1NC(=O)c1cc(Br)nn1-c1ncccc1Cl)C1CC1	Cyclaniliprole	https://envipath.org/package/5882df9c-dae1-4d80-a40e-db4724271456/compound/e48d73e0-4c79-4e04-873b-dd00ddc876b8/structure/4cd10ccc-ee13-40a4-a4dc-92bb0b92af96	0	1.0591167995371087	0.14117807820519734			7.453559924999299	2.96	0.09
193	CCCc1nc2c(o1)CC(C1CCCS(=O)C1)CC2=O	BH517-T2SO	5	9.26203981960077	7.1	0.9667066437919397	0.28862073768216123	0.14139470730139364	0.97	0.33	0.16	CCCc1nc2c(o1)CC(C1CCCS(=O)C1)CC2=O	CCCc1nc2c(o1)CC(C1CCCS(=O)C1)CC2=O	CCCc1nc2c(o1)CC(C1CCCS(=O)C1)CC2=O	Cycloxydim 	https://envipath.org/package/5882df9c-dae1-4d80-a40e-db4724271456/compound/80014152-38ab-4df1-8e4a-53e69d905957/structure/b15e8b49-aee3-49ac-951a-c7f946a9e374	2	0.41279534881100594	0.11810072328374627			0.0	0.97	0.16
194	CCCC(=NOCC)C1=C(O)CC(C2CCCS(=O)(=O)C2)CC1=O	BH 517-TSO2 E/Z-isomer	13	9.79272153049715	10.5	0.990903404920874	0.679819650240793	0.1707416300627012	1.0	0.27	0.08	CCCC(=NOCC)C1=C(O)CC(C2CCCS(=O)(=O)C2)CC1=O	CCCC(=NOCC)C1=C(O)CC(C2CCCS(=O)(=O)C2)CC1=O	CCCC(=NOCC)C1=C(O)CC(C2CCCS(=O)(=O)C2)CC1=O	Cycloxydim 	https://envipath.org/package/5882df9c-dae1-4d80-a40e-db4724271456/compound/24b3ba85-1eef-42e4-af21-4ce6aa0172e6/structure/56ae4cbb-3163-4579-9737-9ae9ae37aad4	2	0.7126913736554135	0.101577734728116			0.0	1.0	0.08
195	O=C(O)C1CCCS(=O)C1	Sulfoxide (structure not clearly stated)	1	0.7	0.7	-0.1549019599857432	0.0	0.0	-0.1	0.48	0.61	O=C(O)C1CCCS(=O)C1	O=C(O)C1CCCS(=O)C1	O=C(O)C1CCCS(=O)C1	Cycloxydim 	https://envipath.org/package/5882df9c-dae1-4d80-a40e-db4724271456/compound/768a98e0-56c7-4f8f-a1df-65b084c1f1d9/structure/a549d407-f955-4aff-a628-cc0050d11db8	-99	0.0				0.0	-0.1	0.61
196	O=C(O)C1CCCSC1	THTP	1	0.010000000000000004	0.01	-1.9999999999999998	0.0	0.0	-1.53	0.52	1.11	O=C(O)C1CCCSC1	O=C(O)C1CCCSC1	O=C(O)C1CCCSC1	Cycloxydim 	https://envipath.org/package/5882df9c-dae1-4d80-a40e-db4724271456/compound/80640035-be3d-4c9a-837a-8ab5ff1dd0a9/structure/8cc491b6-4226-44e0-8d0b-21824066ba67	-99	0.0				0.0	-1.53	1.11
197	CCCc1nc2c(o1)CC(C1CCCS(=O)(=O)C1)CC2=O	BH517-T2SO2	6	38.97900071036117	24.6	1.5908307010838374	0.7527131278806731	0.3326214183918951	1.59	0.4	0.18	CCCc1nc2c(o1)CC(C1CCCS(=O)(=O)C1)CC2=O	CCCc1nc2c(o1)CC(C1CCCS(=O)(=O)C1)CC2=O	CCCc1nc2c(o1)CC(C1CCCS(=O)(=O)C1)CC2=O	Cycloxydim 	https://envipath.org/package/5882df9c-dae1-4d80-a40e-db4724271456/compound/184b1e58-a460-4e5f-8d7f-715bab95349c/structure/b81b93c4-01b7-4582-8bb7-32747a20ac58	3	0.9201449161228175	0.0906310980688551			0.0	1.59	0.18
198	CCCC(CS(=O)(=O)O)C(=O)O	Sulfonic acid (structure not clearly stated)	1	0.8	0.8	-0.09691001300805639	0.0	0.0	0.01	0.49	0.59	CCCC(CS(=O)(=O)O)C(=O)O	CCCC(CS(=O)(=O)O)C(=O)O	CCCC(CS(=O)(=O)O)C(=O)O	Cycloxydim 	https://envipath.org/package/5882df9c-dae1-4d80-a40e-db4724271456/compound/4de79eab-0231-4d7a-b83a-4af894681b2b/structure/8ba542cd-c196-49ad-943b-f89e9a99cc91	-99	0.0				0.0	0.01	0.59
199	CCCC(=NOCC)C1=C(O)CC(C2CCCS(=O)C2)CC1=O	BH 517-TSO E/Z-isomer	7	10.162856443796338	10.2	1.007015790962187	0.0471125446456413	0.01785965421681729	1.0	0.28	0.11	CCCC(=NOCC)C1=C(O)CC(C2CCCS(=O)C2)CC1=O	CCCC(=NOCC)C1=C(O)CC(C2CCCS(=O)C2)CC1=O	CCCC(=NOCC)C1=C(O)CC(C2CCCS(=O)C2)CC1=O	Cycloxydim 	https://envipath.org/package/5882df9c-dae1-4d80-a40e-db4724271456/compound/cf279ce8-c2d8-4930-9717-1c052f50a186/structure/503b90bf-36da-4494-adf2-6595ad546f4e	1	0.7085483867221283	0.101577734728116			0.0	1.0	0.11
200	O=C(Cc1ccccc1)NC(=NOCC1CC1)c1c(C(F)(F)F)ccc(F)c1F	Cyflufenamid	14	39.067294866428625	30.55	1.5918133404478185	1.8891043407751684	0.581505587826014	1.58	0.58	0.17	O=C(Cc1ccccc1)NC(=NOCC1CC1)c1c(C(F)(F)F)ccc(F)c1F	O=C(Cc1ccccc1)NC(=NOCC1CC1)c1c(C(F)(F)F)ccc(F)c1F	O=C(Cc1ccccc1)NC(=NOCC1CC1)c1c(C(F)(F)F)ccc(F)c1F	Cyflufenamid	https://envipath.org/package/5882df9c-dae1-4d80-a40e-db4724271456/compound/8b8d5cb9-b232-4cdc-9dbb-6b151b0223ce/structure/aa5e3230-6df6-4682-bf34-1574f4dc65fa	0	0.8763619138698535	0.28981928293174974			3.489459346462177	1.58	0.17
201	NC(=NOCC1CC1)c1c(C(F)(F)F)ccc(F)c1F	149-F	6	9.222359511124022	11.1	0.9648420481213047	0.4593924877592309	0.17096054110778186	0.98	0.32	0.14	NC(=NOCC1CC1)c1c(C(F)(F)F)ccc(F)c1F	NC(=NOCC1CC1)c1c(C(F)(F)F)ccc(F)c1F	NC(=NOCC1CC1)c1c(C(F)(F)F)ccc(F)c1F	Cyflufenamid	https://envipath.org/package/5882df9c-dae1-4d80-a40e-db4724271456/compound/ad47ef8f-a6f2-4f1e-ada0-fcee47d967c5/structure/823bc49d-45a6-4eed-8fdf-169d2757bcd6	2	0.7788880963698613	0.15312261054823387			3.552713678800501e-15	0.98	0.14
202	O=C(O)CC(=O)NC(=NOCC1CC1)c1c(C(F)(F)F)ccc(F)c1F	149F-11	3	2.5147395936313237	2.5	0.4004930196486963	0.26451316183821866	0.10800213453198698	0.41	0.37	0.24	O=C(O)CC(=O)NC(=NOCC1CC1)c1c(C(F)(F)F)ccc(F)c1F	O=C(O)CC(=O)NC(=NOCC1CC1)c1c(C(F)(F)F)ccc(F)c1F	O=C(O)CC(=O)NC(=NOCC1CC1)c1c(C(F)(F)F)ccc(F)c1F	Cyflufenamid	https://envipath.org/package/5882df9c-dae1-4d80-a40e-db4724271456/compound/6e7a87ee-0946-4c8a-94cc-c701a6f1cb9d/structure/47822a58-8148-499a-a5d5-b714ce6e65f1	1	0.7788880963698613	0.15312261054823387			0.0	0.41	0.24
203	NC(=O)c1c(C(F)(F)F)ccc(F)c1F	149-F6	3	1370.9899960663367	1418.0	3.1370342858113665	0.40058877515846625	0.1638670835597375	3.29	0.48	0.43	NC(=O)c1c(C(F)(F)F)ccc(F)c1F	NC(=O)c1c(C(F)(F)F)ccc(F)c1F	NC(=O)c1c(C(F)(F)F)ccc(F)c1F	Cyflufenamid	https://envipath.org/package/5882df9c-dae1-4d80-a40e-db4724271456/compound/81bff819-a5a0-4122-8841-c8db8a615549/structure/205f962a-e50e-4793-a776-96f2b1e1741f	4	0.7788880963698613	0.15312261054823387			0.0	3.29	0.43
204	N=C(N)c1c(C(F)(F)F)ccc(F)c1F	149-F1	6	224.28730762813302	246.0	2.350804697644363	0.49041085715034916	0.2015266162970907	2.44	0.4	0.2	N=C(N)c1c(C(F)(F)F)ccc(F)c1F	N=C(N)c1c(C(F)(F)F)ccc(F)c1F	N=C(N)c1c(C(F)(F)F)ccc(F)c1F	Cyflufenamid	https://envipath.org/package/5882df9c-dae1-4d80-a40e-db4724271456/compound/5aa19faf-7bb8-4ac2-a718-77a22de00d31/structure/b6856b18-ec7e-4627-8abd-fe07cb429bcb	3	0.7788880963698613	0.1531226105482339			3.552713678800501e-15	2.44	0.2
205	COCCOC(=O)C(C#N)(C(=O)c1ccccc1C(F)(F)F)c1ccc(C(C)(C)C)cc1	Cyflumetofen	5	2.6205581094321024	2.29	0.4183937943862186	0.37880932148418095	0.13307690364075556	0.41	0.32	0.15	COCCOC(=O)C(C#N)(C(=O)c1ccccc1C(F)(F)F)c1ccc(C(C)(C)C)cc1	COCCOC(=O)C(C#N)(C(=O)c1ccccc1C(F)(F)F)c1ccc(C(C)(C)C)cc1	COCCOC(=O)C(C#N)(C(=O)c1ccccc1C(F)(F)F)c1ccc(C(C)(C)C)cc1	Cyflumetofen	https://envipath.org/package/5882df9c-dae1-4d80-a40e-db4724271456/compound/9dd7ef9d-e861-4b1c-a702-e8410a613974/structure/5ede96bf-b08e-4cfc-86ee-aabaa64f39ba	0	0.49959983987187195	0.12159276982147668			2.449489742783178	0.41	0.15
206	CC(C)(C)c1ccc(C(C#N)C(=O)c2ccccc2C(F)(F)F)cc1	SHL5 AB-1	3	0.08508641730230011	0.08	-1.0701397626118583	0.1962946451439681	0.08234230042027997	-1.26	0.47	0.42	CC(C)(C)c1ccc(C(C#N)C(=O)c2ccccc2C(F)(F)F)cc1	CC(C)(C)c1ccc(C(C#N)C(=O)c2ccccc2C(F)(F)F)cc1	CC(C)(C)c1ccc(C(C#N)C(=O)c2ccccc2C(F)(F)F)cc1	Cyflumetofen	https://envipath.org/package/5882df9c-dae1-4d80-a40e-db4724271456/compound/89964d55-2f92-4182-ade9-4dde42926303/structure/400ea3f5-eea0-4e56-b859-5b3402cf762c	1	0.9273618495495706	0.2862660719899219			0.0	-1.26	0.42
207	O=C(O)c1ccccc1C(F)(F)F	SHL2 B-1	3	15.631040267336688	16.7	1.1939878818790925	0.7605660755825308	0.31116360938984194	1.18	0.44	0.29	O=C(O)c1ccccc1C(F)(F)F	O=C(O)c1ccccc1C(F)(F)F	O=C(O)c1ccccc1C(F)(F)F	Cyflumetofen	https://envipath.org/package/5882df9c-dae1-4d80-a40e-db4724271456/compound/6325b38c-54fe-482e-94f8-37ed3b090aad/structure/123d8603-2e6a-4783-b4b9-74842d82a79e	1	0.7363574011458173	0.1892933125776161			0.0	1.18	0.29
208	NC(=O)c1ccccc1C(F)(F)F	benzamide	3	12.825012127810075	12.7	1.1080577844691173	0.13758426213494435	0.056249030149178404	1.13	0.34	0.23	NC(=O)c1ccccc1C(F)(F)F	NC(=O)c1ccccc1C(F)(F)F	NC(=O)c1ccccc1C(F)(F)F	Cyflumetofen	https://envipath.org/package/5882df9c-dae1-4d80-a40e-db4724271456/compound/36511f88-b2d4-40c0-a782-c6ce0929783a/structure/c50bee11-7fe2-4d58-84a4-935d8390d5d7	1	0.7363574011458173	0.1884610360056315			0.0	1.13	0.23
209	NC(=O)C(=O)O	IN-18474 oxamic acid	3	61.03772100334755	63.8	1.785598309774024	0.07918124604762466	0.03506700284092865	1.79	0.36	0.24	NC(=O)C(=O)O	NC(=O)C(=O)O	NC(=O)C(=O)O	Cymoxanil	https://envipath.org/package/5882df9c-dae1-4d80-a40e-db4724271456/compound/39b30a97-8fc7-4a71-be89-c591d56a8f6a/structure/b1ed3ebd-bacd-4b6c-9fac-a3d8f4d5a6b3	3	0.8653836657164778	0.12319133815894419			0.0	1.79	0.24
210	CCN1C(=O)NC(=O)C1(C#N)NOC	IN-JX915	1	0.6	0.6	-0.2218487496163564	0.0	0.0	-0.1	0.48	0.6	CCN1C(=O)NC(=O)C1(C#N)NOC	CCN1C(=O)NC(=O)C1(C#N)NOC	CCN1C(=O)NC(=O)C1(C#N)NOC	Cymoxanil	https://envipath.org/package/5882df9c-dae1-4d80-a40e-db4724271456/compound/15a304ad-ee49-4be8-b4f7-43930906bdda/structure/13da0988-a971-42b8-be4b-1636646d9987	1	0.0	0.0			0.0	-0.1	0.6
211	CCN1C(=O)NC(=O)C1(NOC)C(N)=O	IN-KQ960	1	7.599999999999998	7.6	0.8808135922807913	0.0	0.0	0.94	0.48	0.56	CCN1C(=O)NC(=O)C1(NOC)C(N)=O	CCN1C(=O)NC(=O)C1(NOC)C(N)=O	CCN1C(=O)NC(=O)C1(NOC)C(N)=O	Cymoxanil	https://envipath.org/package/5882df9c-dae1-4d80-a40e-db4724271456/compound/4a5e80aa-6f55-418e-94e5-3730ed547e6c/structure/150c229d-a66d-4b3a-8788-d2e92f9ee7c8	2	0.0	0.0			0.0	0.94	0.56
212	CCN1C(=N)C(=NOC)C(=O)NC1=O	IN-U3204	3	0.3634241185664279	0.4	-0.43958625420813763	0.4771212547196624	0.19699742849718635	-0.41	0.38	0.25	CCN1C(=N)C(=NOC)C(=O)NC1=O	CCN1C(=N)C(=NOC)C(=O)NC1=O	CCN1C(=N)C(=NOC)C(=O)NC1=O	Cymoxanil	https://envipath.org/package/5882df9c-dae1-4d80-a40e-db4724271456/compound/e9a996b7-bbe2-4588-b49a-f1ec4f0db7c4/structure/c42ec12d-d459-466b-a558-7246a581d61f	1	0.45460605656619507	0.04419820275933334			2.3570226039551585	-0.41	0.25
213	CCNC(=O)NC(=O)C(C#N)=NOC	Cymoxanil	10	0.7979664135881323	1.05	-0.0980153877223376	1.6334684555795866	0.512371444498258	-0.11	0.58	0.19	CCNC(=O)NC(=O)C(C#N)=NOC	CCNC(=O)NC(=O)C(C#N)=NOC	CCNC(=O)NC(=O)C(C#N)=NOC	Cymoxanil	https://envipath.org/package/5882df9c-dae1-4d80-a40e-db4724271456/compound/61b32504-a401-434a-8fa7-ecfa9f48c8b3/structure/80c1afce-ba41-48b9-b72e-b80d3691981a	0	0.91700599779936	0.23182181309309927			4.1340053217188775	-0.11	0.19
214	CON=C(C#N)C(=O)O	IN-W3595	1	1.7	1.7	0.2304489213782739	0.0	0.0	0.28	0.48	0.59	CON=C(C#N)C(=O)O	CON=C(C#N)C(=O)O	CON=C(C#N)C(=O)O	Cymoxanil	https://envipath.org/package/5882df9c-dae1-4d80-a40e-db4724271456/compound/e6b12b1d-85ee-4ff7-846c-2ed57b8e918f/structure/11aeb60f-5075-46e5-93ac-c0cef04f9ac9	1	0.0	0.0			0.0	0.28	0.59
215	CC(C1CC1)C(O)(Cn1cncn1)c1ccc(Cl)cc1	Cyproconazole	11	128.76083566110003	132.0	2.1097837866049614	0.8890514607927296	0.2413329523963642	2.11	0.31	0.1	CC(C1CC1)C(O)(Cn1cncn1)c1ccc(Cl)cc1	CC(C1CC1)C(O)(Cn1cncn1)c1ccc(Cl)cc1	CC(C1CC1)C(O)(Cn1cncn1)c1ccc(Cl)cc1	Cyproconazole	https://envipath.org/package/5882df9c-dae1-4d80-a40e-db4724271456/compound/c9ebae7d-6a15-44ea-91a5-4df1190d2754/structure/e6981f0e-9125-4598-8314-245ba2f3a278	0	0.7513074004143412	0.1233143913137262			2.804954294643911	2.11	0.1
216	Cc1cc(C2CC2)nc(Nc2cccc(O)c2)n1	CGA 275535	3	0.5646216173286172	0.5	-0.24824249829889794	0.3521825181113625	0.14854409317184025	-0.22	0.36	0.24	Cc1cc(C2CC2)nc(Nc2cccc(O)c2)n1	Cc1cc(C2CC2)nc(Nc2cccc(O)c2)n1	Cc1cc(C2CC2)nc(Nc2cccc(O)c2)n1	Cyprodinil	https://envipath.org/package/5882df9c-dae1-4d80-a40e-db4724271456/compound/dca455d5-c451-43c1-9959-63e0f0dee52b/structure/bb56443b-bf66-498a-90c0-c63ebedfb37e	1	0.7788880963698617	0.13442551235354291			0.0	-0.22	0.24
217	Cc1cc(C2CC2)nc(Nc2ccccc2)n1	Cyprodinil (CGA 219417)	12	40.64741884298497	42.0	1.609032972615459	0.9391350911765828	0.2363746590586826	1.61	0.31	0.09	Cc1cc(C2CC2)nc(Nc2ccccc2)n1	Cc1cc(C2CC2)nc(Nc2ccccc2)n1	Cc1cc(C2CC2)nc(Nc2ccccc2)n1	Cyprodinil	https://envipath.org/package/5882df9c-dae1-4d80-a40e-db4724271456/compound/5b60c075-deb1-4d1d-aad6-0437ff403d38/structure/0741babc-9dc3-4770-a4a9-394bb3c07e2b	0	0.9031964840990518	0.1603042204915951			3.5382336302486053	1.61	0.09
218	Nc1nc(N)nc(NC2CC2)n1	Cyromazine	12	17.35019383524878	31.1	1.2393043310639937	1.316824262847213	0.5082922354559425	1.25	0.52	0.16	Nc1nc(N)nc(NC2CC2)n1	Nc1nc(N)nc(NC2CC2)n1	Nc1nc(N)nc(NC2CC2)n1	Cyromazine	https://envipath.org/package/5882df9c-dae1-4d80-a40e-db4724271456/compound/f270db80-9d1e-48e5-8cd1-8c31b79e6685/structure/73b85bd1-a2c4-4def-8020-bb4585eece1c	0	0.7474493665497051	0.1734379957773049			4.14578098794425	1.25	0.16
219	Nc1nc(N)nc(N)n1	Melamine	9	192.0234235472222	174.0	2.2833542083745493	0.9176487071628685	0.26246226727937455	2.28	0.34	0.13	Nc1nc(N)nc(N)n1	Nc1nc(N)nc(N)n1	Nc1nc(N)nc(N)n1	Cyromazine	https://envipath.org/package/5882df9c-dae1-4d80-a40e-db4724271456/compound/a72835dc-dc81-4167-b562-0f386a706094/structure/88f386e6-5138-4f3f-b063-1ccc0947a472	1	0.6040501164720329	0.08349218104549198			4.581228472908512	2.28	0.13
220	CN1CN(C)C(=S)S1	TDL-S	7	1.2403829529688006	1.2	0.09355578894028353	1.8798601462734688	0.5534557817177492	0.12	0.57	0.24	CN1CN(C)C(=S)S1	CN1CN(C)C(=S)S1	CN1CN(C)C(=S)S1	Dazomet	https://envipath.org/package/5882df9c-dae1-4d80-a40e-db4724271456/compound/6d8db1e6-23a1-4d24-891d-d6babf42abcc/structure/c2177655-5d26-480d-9685-bffac00ae2c7	1	0.5412268753602735	0.17095881601493587			3.4992710611188254	0.12	0.24
221	CN=C=S	MITC	13	5.3945664582468424	5.62	0.7319565477479839	1.5277760183940414	0.38281508768190753	0.74	0.41	0.12	CN=C=S	CN=C=S	CN=C=S	Dazomet	https://envipath.org/package/5882df9c-dae1-4d80-a40e-db4724271456/compound/040e9d3f-1c61-478b-a5dd-bdf3190a415b/structure/e19a91c0-855f-4c81-a016-339a1c13d111	1	1.2706518850644148	0.18910200340498448			3.608012122941099	0.74	0.12
222	C=O	Formaldehyde	3	1.8771974237027922	2.5	0.27350994950783997	0.44013768846649254	0.20007069737113947	0.3	0.39	0.26	C=O	C=O	C=O	Dazomet	https://envipath.org/package/5882df9c-dae1-4d80-a40e-db4724271456/compound/4103a49c-b6c5-4db6-aef3-65b68fd2f6da/structure/0d9cb7de-ac08-4e6a-836a-479bbe6aa2fc	1	1.1161342014092908	0.0			0.9428090415820634	0.3	0.26
223	O=CO	Formic acid	1	1.36	1.36	0.13353890837021754	0.0	0.0	0.19	0.48	0.55	O=CO	O=CO	O=CO	Dazomet	https://envipath.org/package/5882df9c-dae1-4d80-a40e-db4724271456/compound/34fe3cd9-9b0b-46b0-a1c5-8a66509f1919/structure/0b65c86f-aa81-47d7-a0ee-f00ca497f4f3	2	0.0	0.0			0.0	0.19	0.55
224	CN1CSC(=S)N(C)C1	Dazomet	9	0.04885572923610174	0.28	-1.3110844999139586	3.6368220975871743	1.328611056154792	-0.78	0.66	0.28	CN1CSC(=S)N(C)C1	CN1CSC(=S)N(C)C1	CN1CSC(=S)N(C)C1	Dazomet	https://envipath.org/package/5882df9c-dae1-4d80-a40e-db4724271456/compound/48fcafd1-7b0c-4149-8d35-3f4cc1aab681/structure/08408d25-b367-40fd-a599-6c5f54e9fbdf	0	0.7418961359538206	0.21871848078448242			3.1426968052735447	-0.78	0.28
225	CCOP(=S)(OCC)Oc1cc(C)nc(C(C)C)n1	Diazinon	10	16.455704613924844	10.95	1.2163164830076543	1.4186694935307818	0.4846247065724278	1.21	0.5	0.17	CCOP(=S)(OCC)Oc1cc(C)nc(C(C)C)n1	CCOP(=S)(OCC)Oc1cc(C)nc(C(C)C)n1	CCOP(=S)(OCC)Oc1cc(C)nc(C(C)C)n1	Diazinon	https://envipath.org/package/5882df9c-dae1-4d80-a40e-db4724271456/compound/55f5204f-33f8-4e87-bb42-a0fd07e120e1/structure/13b835a1-67f6-45d4-bd49-43d9e2b1c998	0	0.9357350052231668	0.14522768949237347			4.58257569495584	1.21	0.17
226	Cc1cc(O)nc(C(C)C)n1	G 27550 (2-isopropyl-4-methyl-6-hydroxypyrimidine)	5	60.4275423576691	124.0	1.7812349314616394	0.8162412999917832	0.3921823905179592	1.76	0.45	0.23	Cc1cc(O)nc(C(C)C)n1	Cc1cc(O)nc(C(C)C)n1	Cc1cc(O)nc(C(C)C)n1	Diazinon	https://envipath.org/package/5882df9c-dae1-4d80-a40e-db4724271456/compound/31fa73c7-e47c-4f44-87fe-12f86aac72a3/structure/6992d7f1-f90b-43f2-b0ce-ec5a39a3e8a2	1	0.9152048950918039	0.18278341976396661			0.0	1.76	0.23
227	O=C(O)c1c(Cl)ccc(Cl)c1O	DCSA	7	5.159433878781293	6.6	0.712602051082713	0.848732324669351	0.31464967384048625	0.73	0.38	0.15	O=C(O)c1c(Cl)ccc(Cl)c1O	O=C(O)c1c(Cl)ccc(Cl)c1O	O=C(O)c1c(Cl)ccc(Cl)c1O	Dicamba	https://envipath.org/package/5882df9c-dae1-4d80-a40e-db4724271456/compound/48139d46-23c1-4425-b08b-b644e39297d8/structure/4e4e7f27-7dea-4493-9441-1d305ac63fb7	1	0.9100347604933137	0.20523197461332798			1.049781318335648	0.73	0.15
228	COc1c(Cl)ccc(Cl)c1C(=O)O	Dicamba	6	4.921329760888147	5.25	0.692082466545126	0.44069198909298746	0.15063107971574255	0.7	0.31	0.13	COc1c(Cl)ccc(Cl)c1C(=O)O	COc1c(Cl)ccc(Cl)c1C(=O)O	COc1c(Cl)ccc(Cl)c1C(=O)O	Dicamba	https://envipath.org/package/5882df9c-dae1-4d80-a40e-db4724271456/compound/50a17ecb-90bf-4b4a-a155-e634270afe28/structure/b625491a-d327-4f83-b308-ec31ebf65214	0	0.9620579793107876	0.20523197461332798			1.118033988749895	0.7	0.13
229	N#Cc1c(Cl)cccc1Cl	Dichlobenil	3	34.3924973525451	35.01	1.536463712520212	0.06885370552251646	0.02863569212967456	1.54	0.35	0.24	N#Cc1c(Cl)cccc1Cl	N#Cc1c(Cl)cccc1Cl	N#Cc1c(Cl)cccc1Cl	Dichlobenil	https://envipath.org/package/5882df9c-dae1-4d80-a40e-db4724271456/compound/fbcba4dd-14fe-4f8d-b06d-828ef7327b1c/structure/5550e2aa-d0bc-4c35-b4f5-5fec1aaeee5e	0	0.7586537784494026	0.232765693912735			0.0	1.54	0.24
230	CC(Oc1ccc(Cl)cc1Cl)C(=O)O	Dichlorprop-p	5	15.456774735851305	14.0	1.1891188776449675	0.7036398824695038	0.225686195385657	1.2	0.35	0.18	CC(Oc1ccc(Cl)cc1Cl)C(=O)O	CC(Oc1ccc(Cl)cc1Cl)C(=O)O	CC(Oc1ccc(Cl)cc1Cl)C(=O)O	Dichlorprop-p	https://envipath.org/package/5882df9c-dae1-4d80-a40e-db4724271456/compound/e456623e-5ee5-46de-9739-dfa3c4041541/structure/04e5198b-99ad-484c-a607-73e6d4b683f5	0	0.8059776671843952	0.093512536556016			5.023942674832188	1.2	0.18
231	COP(=O)(OC)OC=C(Cl)Cl	Dichlorvos	7	1.1144764686913242	1.0	0.04707090312096923	1.4327021149312495	0.41105701043443366	-0.62	0.86	0.62	COP(=O)(OC)OC=C(Cl)Cl	COP(=O)(OC)OC=C(Cl)Cl	COP(=O)(OC)OC=C(Cl)Cl	Dichlorvos	https://envipath.org/package/5882df9c-dae1-4d80-a40e-db4724271456/compound/7b0171af-5c44-4789-8c2a-414cbb8d3ab6/structure/82cf00a1-fe5a-4ed5-9ddb-dc6249f846c3	0	0.561793774349591				0.9035079029052514	-0.62	0.62
232	CC(Oc1ccc(Oc2ccc(Cl)cc2Cl)cc1)C(=O)O	Diclofop-acid	7	13.677881913799286	10.1	1.1360188499887105	1.147342846209919	0.42116359152767013	1.13	0.45	0.19	CC(Oc1ccc(Oc2ccc(Cl)cc2Cl)cc1)C(=O)O	CC(Oc1ccc(Oc2ccc(Cl)cc2Cl)cc1)C(=O)O	CC(Oc1ccc(Oc2ccc(Cl)cc2Cl)cc1)C(=O)O	Diclofop-methyl	https://envipath.org/package/5882df9c-dae1-4d80-a40e-db4724271456/compound/e958e55d-e489-4420-8354-b1905c774cdc/structure/901ce829-3733-4980-8a70-f306b008bf77	1	0.7537660547584524	0.1851869036293057			0.0	1.13	0.19
233	Oc1ccc(Oc2ccc(Cl)cc2Cl)cc1	Diclofop-phenol	4	0.17303362755772167	0.1646	-0.7618694873708479	0.3572657595451496	0.12977563151069957	-0.74	0.34	0.19	Oc1ccc(Oc2ccc(Cl)cc2Cl)cc1	Oc1ccc(Oc2ccc(Cl)cc2Cl)cc1	Oc1ccc(Oc2ccc(Cl)cc2Cl)cc1	Diclofop-methyl	https://envipath.org/package/5882df9c-dae1-4d80-a40e-db4724271456/compound/66bc1513-cf85-48f5-85b9-0832a797bfb7/structure/2e330445-64d7-40aa-b12c-2dc3b6d7b754	2	0.46368092477478545	0.14860042004102836			0.0	-0.74	0.19
234	COC(=O)C(C)Oc1ccc(Oc2ccc(Cl)cc2Cl)cc1	Diclofop-methyl	2	0.15716233645501712	0.16	-0.8036515233701671	0.16481024864599214	0.08240512432299607	-0.75	0.41	0.35	COC(=O)C(C)Oc1ccc(Oc2ccc(Cl)cc2Cl)cc1	COC(=O)C(C)Oc1ccc(Oc2ccc(Cl)cc2Cl)cc1	COC(=O)C(C)Oc1ccc(Oc2ccc(Cl)cc2Cl)cc1	Diclofop-methyl	https://envipath.org/package/5882df9c-dae1-4d80-a40e-db4724271456/compound/dcb79fce-f6e8-426f-8bbc-80e503358f5c/structure/0f591bc1-7ff0-4350-970d-de5d28cce5a7	0	0.2999999999999998	0.10621000259301905			0.0	-0.75	0.35
235	Nc1c(Cl)cc([N+](=O)[O-])cc1Cl	Dicloran	4	210.5915099531624	184.25	2.323440858517006	0.4423508113136623	0.16709456841882545	2.32	0.35	0.2	Nc1c(Cl)cc([N+](=O)[O-])cc1Cl	Nc1c(Cl)cc([N+](=O)[O-])cc1Cl	Nc1c(Cl)cc([N+](=O)[O-])cc1Cl	Dicloran	https://envipath.org/package/5882df9c-dae1-4d80-a40e-db4724271456/compound/53ca3355-8746-4bae-9694-85c2aa36d6ae/structure/c581e498-d7bd-4475-8732-e972b13ff188	0	0.4330127018922193	0.16570106980139282			2.165063509461097	2.32	0.2
236	CCOc1cc(NC(=O)OC(C)C)c([N+](=O)[O-])cc1OCC	6-NO2-DFC	2	126.09520212918483	128.0	2.1006985621602254	0.15078539379091094	0.07539269689545547	2.08	0.41	0.35	CCOc1cc(NC(=O)OC(C)C)c([N+](=O)[O-])cc1OCC	CCOc1cc(NC(=O)OC(C)C)c([N+](=O)[O-])cc1OCC	CCOc1cc(NC(=O)OC(C)C)c([N+](=O)[O-])cc1OCC	Diethofencarb	https://envipath.org/package/5882df9c-dae1-4d80-a40e-db4724271456/compound/2dc5296c-6e38-413b-83c2-91ee0556c57c/structure/4478a78c-31ee-4d38-88f2-333efe219c90	1	0.6000000000000001	0.01039180296164599			0.0	2.08	0.35
237	CCOc1ccc(NC(=O)OC(C)C)cc1OCC	Diethofencarb	11	2.419460279422411	2.7	0.38371849663713486	1.6751670896633941	0.5413231629214467	0.39	0.56	0.18	CCOc1ccc(NC(=O)OC(C)C)cc1OCC	CCOc1ccc(NC(=O)OC(C)C)cc1OCC	CCOc1ccc(NC(=O)OC(C)C)cc1OCC	Diethofencarb	https://envipath.org/package/5882df9c-dae1-4d80-a40e-db4724271456/compound/caf9a8b8-1444-4c17-97eb-4c9b26803907/structure/4d88582e-69dc-4df4-825e-5ddba5d6cb5b	0	0.7696731086733355	0.1879173581900183			2.405228464604173	0.39	0.18
238	CC1COC(Cn2cncn2)(c2ccc(Oc3ccc(Cl)cc3)cc2Cl)O1	Difenoconazole	15	192.58200506594937	175.0	2.284615704046709	1.1263703655822777	0.3129489927832875	2.28	0.35	0.09	CC1COC(Cn2cncn2)(c2ccc(Oc3ccc(Cl)cc3)cc2Cl)O1	CC1COC(Cn2cncn2)(c2ccc(Oc3ccc(Cl)cc3)cc2Cl)O1	CC1COC(Cn2cncn2)(c2ccc(Oc3ccc(Cl)cc3)cc2Cl)O1	Difenoconazole	https://envipath.org/package/5882df9c-dae1-4d80-a40e-db4724271456/compound/2b60383b-d540-4bd5-9b7a-67fb2d4113e2/structure/ae2d823c-f259-48a2-bce7-df82cfa6814d	0	0.56975628317924	0.08229862212278088			4.422166387140534	2.28	0.09
239	OC(Cn1cncn1)c1ccc(Oc2ccc(Cl)cc2)cc1Cl	CGA 205375	3	105.47144020024173	93.0	2.023134876291594	0.26276549556869866	0.11402207774358923	2.03	0.36	0.25	OC(Cn1cncn1)c1ccc(Oc2ccc(Cl)cc2)cc1Cl	OC(Cn1cncn1)c1ccc(Oc2ccc(Cl)cc2)cc1Cl	OC(Cn1cncn1)c1ccc(Oc2ccc(Cl)cc2)cc1Cl	Difenoconazole	https://envipath.org/package/5882df9c-dae1-4d80-a40e-db4724271456/compound/b4c58756-f57b-40a7-96ec-159428ff87a3/structure/13c8ebe3-99c6-43a5-a588-d0116d1ada74	1	0.7788880963698617	0.16290844140005717			0.0	2.03	0.25
240	NC(=O)Nc1ccc(Cl)cc1	CPU 4-chlorophenylurea	3	22.16844799473604	19.3	1.3457352893744936	0.30102999566398125	0.13005333921927859	1.35	0.37	0.25	NC(=O)Nc1ccc(Cl)cc1	NC(=O)Nc1ccc(Cl)cc1	NC(=O)Nc1ccc(Cl)cc1	Diflubenzuron	https://envipath.org/package/5882df9c-dae1-4d80-a40e-db4724271456/compound/e7497bde-c89f-49d6-a663-25fd253f7a54/structure/04c29f1b-b5af-4b7a-81b3-c6511fe30943	1	0.38586123009300766	0.23855669492971363			0.0	1.35	0.25
241	O=C(O)c1c(F)cccc1F	CGA 149776	6	8.388051090226181	9.0	0.9236610670169277	0.5440680443502757	0.1793103915313362	0.94	0.32	0.14	O=C(O)c1c(F)cccc1F	O=C(O)c1c(F)cccc1F	O=C(O)c1c(F)cccc1F	Diflubenzuron	https://envipath.org/package/5882df9c-dae1-4d80-a40e-db4724271456/compound/648240b4-1dae-4e90-bce5-8b24ad10c52d/structure/b745eef3-9a66-46fe-9940-b9d83c6102d4	1	1.0573814617041268	0.24874546308133091			1.8856180831641267	0.94	0.14
242	O=C(NC(=O)c1c(F)cccc1F)Nc1ccc(Cl)cc1	Diflubenzuron	4	3.4272306497284695	3.1	0.5349433330652845	0.48365212187862017	0.18484503342038944	0.54	0.35	0.2	O=C(NC(=O)c1c(F)cccc1F)Nc1ccc(Cl)cc1	O=C(NC(=O)c1c(F)cccc1F)Nc1ccc(Cl)cc1	O=C(NC(=O)c1c(F)cccc1F)Nc1ccc(Cl)cc1	Diflubenzuron	https://envipath.org/package/5882df9c-dae1-4d80-a40e-db4724271456/compound/4866d196-b863-4f88-9d72-15f05a12dec3/structure/19b11da7-4133-40d7-a0ca-6df0aa6c7fe5	0	0.7048936089935846	0.30383749197420534			1.7320508075688772	0.54	0.2
243	NC(=O)c1cccnc1Oc1cccc(C(F)(F)F)c1	AE 0542291	3	29.815243766183418	33.2	1.474438364440623	0.635099192877397	0.26137252346391415	1.48	0.41	0.27	NC(=O)c1cccnc1Oc1cccc(C(F)(F)F)c1	NC(=O)c1cccnc1Oc1cccc(C(F)(F)F)c1	NC(=O)c1cccnc1Oc1cccc(C(F)(F)F)c1	Diflufenican	https://envipath.org/package/5882df9c-dae1-4d80-a40e-db4724271456/compound/6c6baa04-1b16-4491-84fb-9a5fe58fe4d3/structure/4fb39b58-52db-43cf-a57c-c523ed8fb093	1	0.5028143019268864	0.20277756561623275			0.0	1.48	0.27
244	O=C(Nc1ccc(F)cc1F)c1cccnc1Oc1cccc(C(F)(F)F)c1	Diflufenican	9	146.3445627643601	176.3	2.1653765914414795	0.7489226668462816	0.22624015238092327	2.16	0.31	0.11	O=C(Nc1ccc(F)cc1F)c1cccnc1Oc1cccc(C(F)(F)F)c1	O=C(Nc1ccc(F)cc1F)c1cccnc1Oc1cccc(C(F)(F)F)c1	O=C(Nc1ccc(F)cc1F)c1cccnc1Oc1cccc(C(F)(F)F)c1	Diflufenican	https://envipath.org/package/5882df9c-dae1-4d80-a40e-db4724271456/compound/802cb70e-fb0d-43db-8009-d17827b43b4e/structure/c0911232-a973-4f22-99b2-c6ee6342ccc9	0	0.6036923425424945	0.3773944203868334			3.3993463423951895	2.16	0.11
245	O=C(O)c1cccnc1Oc1cccc(C(F)(F)F)c1	AE B107137	3	13.31744183092505	14.5	1.1244208085119873	0.29381163865879956	0.12276031143613486	1.14	0.37	0.26	O=C(O)c1cccnc1Oc1cccc(C(F)(F)F)c1	O=C(O)c1cccnc1Oc1cccc(C(F)(F)F)c1	O=C(O)c1cccnc1Oc1cccc(C(F)(F)F)c1	Diflufenican	https://envipath.org/package/5882df9c-dae1-4d80-a40e-db4724271456/compound/e46e11e0-6e6c-4237-a291-d649a5d425c6/structure/5523ab7a-a1cb-4948-8439-1fd8de673236	1	0.5028143019268864	0.20277756561623275			0.0	1.14	0.26
246	COCCN(C(=O)CS(=O)(=O)[O-])c1c(C)cccc1C	CGA 354742	3	15.131711203327825	13.1	1.1798880439610455	0.3085831335544269	0.13353284353749212	1.18	0.36	0.24	COCCN(C(=O)CS(=O)(=O)[O-])c1c(C)cccc1C	COCCN(C(=O)CS(=O)(=O)[O-])c1c(C)cccc1C	COCCN(C(=O)CS(=O)(=O)[O-])c1c(C)cccc1C	Dimethachlor	https://envipath.org/package/5882df9c-dae1-4d80-a40e-db4724271456/compound/cc2a0779-c367-41aa-8d62-9b5d87c9cad7/structure/adf57e6c-ec36-4cdb-b400-7db3ec922a18	1	0.8730533902472533	0.07081311098186273			0.0	1.18	0.24
247	COCCN(C(=O)CCl)c1c(C)cccc1C	Dimethachlor	12	7.26885044049792	7.15	0.8614657331666087	0.7768371964858124	0.22465281655841826	0.86	0.3	0.09	COCCN(C(=O)CCl)c1c(C)cccc1C	COCCN(C(=O)CCl)c1c(C)cccc1C	COCCN(C(=O)CCl)c1c(C)cccc1C	Dimethachlor	https://envipath.org/package/5882df9c-dae1-4d80-a40e-db4724271456/compound/3680003b-60ba-4ab2-bdd3-affef51ba9ec/structure/9547dc0e-7f31-462b-bc0d-3ae6cd211b21	0	0.7679337355672181	0.2276918533406029			3.3281209246193093	0.86	0.09
248	COCCN(C(=O)C(=O)O)c1c(C)cccc1C	CGA 50266	10	24.972208089794844	19.28	1.3974569451873757	1.5730081942701402	0.49887273579782293	1.41	0.52	0.18	COCCN(C(=O)C(=O)O)c1c(C)cccc1C	COCCN(C(=O)C(=O)O)c1c(C)cccc1C	COCCN(C(=O)C(=O)O)c1c(C)cccc1C	Dimethachlor	https://envipath.org/package/5882df9c-dae1-4d80-a40e-db4724271456/compound/3a2882e9-647b-4496-abb2-dc46ff567a2d/structure/cdb51cfb-76d4-4785-bcb6-98b0e8c046e9	2	0.5458937625582472	0.2276918533406029			3.5	1.41	0.18
249	COCC(C)N(C(=O)CS(=O)(=O)[O-])c1c(C)csc1C	M27	3	69.52053289772897	60.0	1.8421130924632811	0.5440680443502759	0.2266728143565064	1.82	0.39	0.27	COCC(C)N(C(=O)CS(=O)(=O)[O-])c1c(C)csc1C	COCC(C)N(C(=O)CS(=O)(=O)[O-])c1c(C)csc1C	COCC(C)N(C(=O)CS(=O)(=O)[O-])c1c(C)csc1C	Dimethenamid	https://envipath.org/package/5882df9c-dae1-4d80-a40e-db4724271456/compound/c86dad56-ec47-48c3-bf4d-d49e46a8bb8c/structure/f5d5c716-d9cd-4e6f-a760-3205f9d1bf8b	3	0.6902656493457189	0.055806043394534134			0.0	1.82	0.27
250	COCC(C)N(C(=O)CCl)c1c(C)csc1C	Dimethenamid, racemic	5	14.174058059030374	13.0	1.1514942073633327	0.7453951268220302	0.2566127162667807	1.15	0.35	0.18	COCC(C)N(C(=O)CCl)c1c(C)csc1C	COCC(C)N(C(=O)CCl)c1c(C)csc1C	COCC(C)N(C(=O)CCl)c1c(C)csc1C	Dimethenamid	https://envipath.org/package/5882df9c-dae1-4d80-a40e-db4724271456/compound/414209f3-4c37-4d70-a4cc-145c6d7918bc/structure/e899a908-e0c8-4f61-9dfc-3bca9a26dbbc	0	0.5884352130863686	0.12607520105751796			2.0591260281974	1.15	0.18
251	COCC(C)N(C(=O)C(=O)O)c1c(C)csc1C	M23	3	29.428285056170413	25.9	1.4687649541708643	0.23257261500812954	0.10272875545723163	1.45	0.36	0.25	COCC(C)N(C(=O)C(=O)O)c1c(C)csc1C	COCC(C)N(C(=O)C(=O)O)c1c(C)csc1C	COCC(C)N(C(=O)C(=O)O)c1c(C)csc1C	Dimethenamid	https://envipath.org/package/5882df9c-dae1-4d80-a40e-db4724271456/compound/2032a075-fc68-46cc-8581-2787fdf63372/structure/c617d49f-5852-48cb-bd91-b3c71cdccf78	2	0.6902656493457189	0.055806043394534134			0.0	1.45	0.25
252	CC1=C(C)S(=O)(=O)CCS1(=O)=O	Dimethipin	5	246.800282472807	158.0	2.3923456524289155	0.685000263969882	0.2779402312090692	2.39	0.37	0.19	CC1=C(C)S(=O)(=O)CCS1(=O)=O	CC1=C(C)S(=O)(=O)CCS1(=O)=O	CC1=C(C)S(=O)(=O)CCS1(=O)=O	Dimethipin	https://envipath.org/package/5882df9c-dae1-4d80-a40e-db4724271456/compound/a805738c-a519-49f9-9e37-53a5d5d42049/structure/3cd09aef-7b4e-4c57-ad40-10b3bb3c4ea6	0	0.2756809750418044	0.19346867310082064			1.4696938456699067	2.39	0.19
253	CNC(=O)CSP(=S)(OC)OC	Dimethoate	4	2.6215556660831463	2.4	0.41855908395173214	0.31175386105575426	0.11670203828498421	0.44	0.35	0.2	CNC(=O)CSP(=S)(OC)OC	CNC(=O)CSP(=S)(OC)OC	CNC(=O)CSP(=S)(OC)OC	Dimethoate	https://envipath.org/package/5882df9c-dae1-4d80-a40e-db4724271456/compound/c4d36601-5491-4ba5-9e26-6c0adb7ddaf9/structure/d354b514-151b-4ece-a60d-64ef3849302c	0	0.6324555320336759	0.1184086390365338			0.8660254037844386	0.44	0.2
254	COc1ccc(C(=CC(=O)N2CCOCC2)c2ccc(Cl)cc2)cc1OC	Dimethomorph	12	61.754512952985266	56.5	1.7906687008622508	0.6297314179258207	0.1687978307699495	1.78	0.28	0.08	COc1ccc(C(=CC(=O)N2CCOCC2)c2ccc(Cl)cc2)cc1OC	COc1ccc(C(=CC(=O)N2CCOCC2)c2ccc(Cl)cc2)cc1OC	COc1ccc(C(=CC(=O)N2CCOCC2)c2ccc(Cl)cc2)cc1OC	Dimethomorph	https://envipath.org/package/5882df9c-dae1-4d80-a40e-db4724271456/compound/e98cd963-288f-46c2-b486-6075ccd5d4ef/structure/6a08f6fd-a4fb-4568-959b-d2ada916ac9c	0	0.5497474167490213	0.08634125802098917			4.183300132670378	1.78	0.08
255	CNC(=O)C(=NOC)c1ccccc1COc1cc(C)ccc1C(=O)O	505M08 BF 505-7	7	28.71739602787295	27.0	1.4581450573670436	0.6392017993325292	0.1922700545991755	1.46	0.31	0.12	CNC(=O)C(=NOC)c1ccccc1COc1cc(C)ccc1C(=O)O	CNC(=O)C(=NOC)c1ccccc1COc1cc(C)ccc1C(=O)O	CNC(=O)C(=NOC)c1ccccc1COc1cc(C)ccc1C(=O)O	Dimoxystrobin	https://envipath.org/package/5882df9c-dae1-4d80-a40e-db4724271456/compound/e6a70f41-2852-408b-b672-e3f6fa7fabae/structure/d3a21425-66c9-4cb5-bdbb-085d3a8199e6	1	0.7309485031694876	0.07200599273067923			3.4992710611188254	1.46	0.12
256	CNC(=O)C(=NOC)c1ccccc1COc1cc(C(=O)O)ccc1C	505M09 BF 505-8	7	33.370921988537155	35.0	1.5233682057258922	0.6627578316815739	0.22488517002721267	1.51	0.33	0.13	CNC(=O)C(=NOC)c1ccccc1COc1cc(C(=O)O)ccc1C	CNC(=O)C(=NOC)c1ccccc1COc1cc(C(=O)O)ccc1C	CNC(=O)C(=NOC)c1ccccc1COc1cc(C(=O)O)ccc1C	Dimoxystrobin	https://envipath.org/package/5882df9c-dae1-4d80-a40e-db4724271456/compound/e9a7aa4c-dbe8-4078-8fa7-680196413ede/structure/beda8ee3-b1d6-4099-9439-db66e710312e	1	0.7309485031694876	0.07200599273067923			3.4992710611188254	1.51	0.13
257	CNC(=O)C(=NOC)c1ccccc1COc1cc(C)ccc1C	Dimoxystrobin, E isomer more prevalent	10	271.46495850661915	301.0	2.4337137775367115	1.135782955189676	0.3081221093444152	2.44	0.36	0.12	CNC(=O)C(=NOC)c1ccccc1COc1cc(C)ccc1C	CNC(=O)C(=NOC)c1ccccc1COc1cc(C)ccc1C	CNC(=O)C(=NOC)c1ccccc1COc1cc(C)ccc1C	Dimoxystrobin	https://envipath.org/package/5882df9c-dae1-4d80-a40e-db4724271456/compound/02a3ebb9-baeb-45bf-9abc-bfc5a4216898/structure/884b625f-f7c9-4cc1-a934-aade55285547	0	0.9644169222903547	0.16769295264040382			5.678908345800274	2.44	0.12
258	c1cc[n+]2c(c1)-c1cccc[n+]1CC2	Diquat	4	2345.1366241816886	2923.0	3.3701681491405604	1.0138654411576655	0.3741255981237906	3.33	0.5	0.45	c1cc[n+]2c(c1)-c1cccc[n+]1CC2	c1cc[n+]2c(c1)-c1cccc[n+]1CC2	c1cc[n+]2c(c1)-c1cccc[n+]1CC2	Diquat	https://envipath.org/package/5882df9c-dae1-4d80-a40e-db4724271456/compound/d455a6c2-85a6-453e-8056-29e223177bce/structure/0bcc186d-aa16-4440-a81d-cb80dca5dbdb	0	1.0319883720275147	0.11984776698353619			0.0	3.33	0.45
260	N#Cc1sc2c(=O)c3ccccc3c(=O)c=2sc1C#N	Dithianon	6	13.901006245637362	17.0	1.1430462384634947	1.16558112878077	0.3658677074199278	1.15	0.42	0.18	N#Cc1sc2c(=O)c3ccccc3c(=O)c=2sc1C#N	N#Cc1sc2c(=O)c3ccccc3c(=O)c=2sc1C#N	N#Cc1sc2c(=O)c3ccccc3c(=O)c=2sc1C#N	Dithianon	https://envipath.org/package/5882df9c-dae1-4d80-a40e-db4724271456/compound/8873d63e-b88f-4589-87f1-a4a60818782c/structure/ee570be0-ae18-4d69-8b3b-f6eba30afdc8	0	0.8144527815247077	0.1019733563202854			0.0	1.15	0.18
261	O=C(O)c1ccccc1C(=O)O	Phthalic acid	7	0.660891596234962	1.0	-0.17986977049602118	1.7676858167054785	0.6830347138605234	-0.27	0.84	0.37	O=C(O)c1ccccc1C(=O)O	O=C(O)c1ccccc1C(=O)O	O=C(O)c1ccccc1C(=O)O	Dithianon	https://envipath.org/package/5882df9c-dae1-4d80-a40e-db4724271456/compound/7ff0bc9f-ca9e-4fea-baf3-9d1d6aaed103/structure/af3efc82-8eed-42f3-afd1-12dc946fd5e5	3	0.8907689867497084	0.29622083202207394			3.499271061118826	-0.27	0.37
262	CN(C)C(=O)Nc1ccc(Cl)c(Cl)c1	Diuron	7	79.18779881632379	112.0	1.898658271047225	1.269512944217916	0.4111497299917444	1.9	0.46	0.19	CN(C)C(=O)Nc1ccc(Cl)c(Cl)c1	CN(C)C(=O)Nc1ccc(Cl)c(Cl)c1	CN(C)C(=O)Nc1ccc(Cl)c(Cl)c1	Diuron	https://envipath.org/package/5882df9c-dae1-4d80-a40e-db4724271456/compound/761600e0-d151-4871-8783-fb07ee00527f/structure/a8357992-229b-463f-82f8-dfa588f7b420	0	0.7247800510837612	0.22040166168599742			4.164965639175215	1.9	0.19
263	CNC(=O)Nc1ccc(Cl)c(Cl)c1	DCPMU	1	34.99999999999999	35.0	1.5440680443502754	0.0	0.0	1.55	0.47	0.59	CNC(=O)Nc1ccc(Cl)c(Cl)c1	CNC(=O)Nc1ccc(Cl)c(Cl)c1	CNC(=O)Nc1ccc(Cl)c(Cl)c1	Diuron	https://envipath.org/package/5882df9c-dae1-4d80-a40e-db4724271456/compound/b21e035d-5336-41ee-9ac6-5a0e48c125b1/structure/f5b7981b-1ce8-494c-ae25-2a6743c476bc	1	0.0				0.0	1.55	0.59
264	CC1CN(C2CCCCCCCCCCC2)CC(C)O1	Dodemorph, cis/trans isomer mixture	8	28.643193180731444	28.5	1.4570214320530122	0.919078092376074	0.2819120211357074	1.46	0.35	0.13	CC1CN(C2CCCCCCCCCCC2)CC(C)O1	CC1CN(C2CCCCCCCCCCC2)CC(C)O1	CC1CN(C2CCCCCCCCCCC2)CC(C)O1	Dodemorph	https://envipath.org/package/5882df9c-dae1-4d80-a40e-db4724271456/compound/493e6c1f-8a78-4142-a79a-8a255c4addf0/structure/67bd3df9-b826-41ed-b5b4-b4487dc5c9bc	0	0.641165930161608	0.4330824219282539			1.653594569415369	1.46	0.13
265	CC1CNCC(C)O1	cis-2,6-dimethylmorpholine	7	151.3740854098574	149.0	2.1800515321864378	0.9100707604191527	0.3056608144310259	2.18	0.37	0.15	CC1CNCC(C)O1	CC1CNCC(C)O1	CC1CNCC(C)O1	Dodemorph	https://envipath.org/package/5882df9c-dae1-4d80-a40e-db4724271456/compound/4c42f985-dd2e-40d4-acc0-dbab5abd2d9b/structure/d2956f0f-26c9-439e-b71e-dd828c972eda	1	0.948252958587205	0.011220434524122691			4.746642207381757	2.18	0.15
266	CCCCCCCCCCCCNC(=N)N	Dodine	6	4.754420353230643	4.35	0.6770975764283537	0.5463598411298604	0.21226353623853092	0.67	0.33	0.15	CCCCCCCCCCCCNC(=N)N	CCCCCCCCCCCCNC(=N)N	CCCCCCCCCCCCNC(=N)N	Dodine	https://envipath.org/package/5882df9c-dae1-4d80-a40e-db4724271456/compound/866cfb80-358f-4c8e-9044-6b53928c22c3/structure/5ab0eec9-4ff3-458e-b850-4efc828dece3	0	0.8117197107923948	0.2046520784942224			2.3570226039551585	0.67	0.15
267	CCC(C)C1OC2(C=CC1C)CC1CC(CC=C(C)C(OC3CC(OC)C(OC4CC(OC)C(N(C)N=O)C(C)O4)C(C)O3)C(C)C=CC=C3COC4C(O)C(C)=CC(C(=O)O1)C34O)O2	N-nitroso MAB 1a	6	19.74031282418673	17.9	1.2953540306406914	0.792903929953042	0.25249476875553223	1.3	0.34	0.15	CCC(C)C1OC2(C=CC1C)CC1CC(CC=C(C)C(OC3CC(OC)C(OC4CC(OC)C(N(C)N=O)C(C)O4)C(C)O3)C(C)C=CC=C3COC4C(O)C(C)=CC(C(=O)O1)C34O)O2	CCC(C)C1OC2(C=CC1C)CC1CC(CC=C(C)C(OC3CC(OC)C(OC4CC(OC)C(N(C)N=O)C(C)O4)C(C)O3)C(C)C=CC=C3COC4C(O)C(C)=CC(C(=O)O1)C34O)O2	CCC(C)C1OC2(C=CC1C)CC1CC(CC=C(C)C(OC3CC(OC)C(OC4CC(OC)C(N(C)N=O)C(C)O4)C(C)O3)C(C)C=CC=C3COC4C(O)C(C)=CC(C(=O)O1)C34O)O2	Emamectin	https://envipath.org/package/5882df9c-dae1-4d80-a40e-db4724271456/compound/1e2d921e-6b1b-4b58-84f4-6a5c577078db/structure/4a298b19-001f-494d-b257-956fafc294d6	1	0.813524567682023	0.05088816624757618			3.552713678800501e-15	1.3	0.15
268	C[NH2+]C1C(C)OC(OC2C(C)OC(OC3C(C)=CCC4CC(CC5(C=CC(C)C(C(C)C)O5)O4)OC(=O)C4C=C(C)C(O)C5OCC(=CC=CC3C)C45O)CC2OC)CC1OC	Emamectin 1b minor part	1	71.6	71.6	1.8549130223078556	0.0	0.0	1.82	0.47	0.57	C[NH2+]C1C(C)OC(OC2C(C)OC(OC3C(C)=CCC4CC(CC5(C=CC(C)C(C(C)C)O5)O4)OC(=O)C4C=C(C)C(O)C5OCC(=CC=CC3C)C45O)CC2OC)CC1OC	C[NH2+]C1C(C)OC(OC2C(C)OC(OC3C(C)=CCC4CC(CC5(C=CC(C)C(C(C)C)O5)O4)OC(=O)C4C=C(C)C(O)C5OCC(=CC=CC3C)C45O)CC2OC)CC1OC	C[NH2+]C1C(C)OC(OC2C(C)OC(OC3C(C)=CCC4CC(CC5(C=CC(C)C(C(C)C)O5)O4)OC(=O)C4C=C(C)C(O)C5OCC(=CC=CC3C)C45O)CC2OC)CC1OC	Emamectin	https://envipath.org/package/5882df9c-dae1-4d80-a40e-db4724271456/compound/e8fb1069-3534-4574-b47b-01904baf102c/structure/fc8c37b6-39b1-4844-9c7a-9261ac8dd11e	-99	0.0	0.0			0.0	1.82	0.57
269	CCC(C)C1OC2(C=CC1C)CC1CC(CC=C(C)C(OC3CC(OC)C(OC4CC(OC)C([NH2+]C)C(C)O4)C(C)O3)C(C)C=CC=C3COC4C(O)C(C)=CC(C(=O)O1)C34O)O2	Emamectin 1a	3	93.33705582375303	92.1	1.9700540976026621	0.3376237979404375	0.13789522380735098	1.95	0.37	0.25	CCC(C)C1OC2(C=CC1C)CC1CC(CC=C(C)C(OC3CC(OC)C(OC4CC(OC)C([NH2+]C)C(C)O4)C(C)O3)C(C)C=CC=C3COC4C(O)C(C)=CC(C(=O)O1)C34O)O2	CCC(C)C1OC2(C=CC1C)CC1CC(CC=C(C)C(OC3CC(OC)C(OC4CC(OC)C([NH2+]C)C(C)O4)C(C)O3)C(C)C=CC=C3COC4C(O)C(C)=CC(C(=O)O1)C34O)O2	CCC(C)C1OC2(C=CC1C)CC1CC(CC=C(C)C(OC3CC(OC)C(OC4CC(OC)C([NH2+]C)C(C)O4)C(C)O3)C(C)C=CC=C3COC4C(O)C(C)=CC(C(=O)O1)C34O)O2	Emamectin	https://envipath.org/package/5882df9c-dae1-4d80-a40e-db4724271456/compound/d53a7ecc-4f60-4d17-8bf4-f5dc171ac065/structure/848cbce7-090e-4e46-a00f-cc5e5f42d756	0	0.8013876853447544	0.17579240405734683			0.0	1.95	0.25
270	CCC(C)C1OC2(C=CC1C)CC1CC(CC=C(C)C(OC3CC(OC)C(OC4CC(OC)C(N(C)C=O)C(C)O4)C(C)O3)C(C)C=CC=C3COC4C(O)C(C)=CC(C(=O)O1)C34O)O2	MFB 1a	2	53.99629616927443	56.7	1.7323639707782752	0.2737354979054021	0.13686774895270104	1.72	0.41	0.36	CCC(C)C1OC2(C=CC1C)CC1CC(CC=C(C)C(OC3CC(OC)C(OC4CC(OC)C(N(C)C=O)C(C)O4)C(C)O3)C(C)C=CC=C3COC4C(O)C(C)=CC(C(=O)O1)C34O)O2	CCC(C)C1OC2(C=CC1C)CC1CC(CC=C(C)C(OC3CC(OC)C(OC4CC(OC)C(N(C)C=O)C(C)O4)C(C)O3)C(C)C=CC=C3COC4C(O)C(C)=CC(C(=O)O1)C34O)O2	CCC(C)C1OC2(C=CC1C)CC1CC(CC=C(C)C(OC3CC(OC)C(OC4CC(OC)C(N(C)C=O)C(C)O4)C(C)O3)C(C)C=CC=C3COC4C(O)C(C)=CC(C(=O)O1)C34O)O2	Emamectin	https://envipath.org/package/5882df9c-dae1-4d80-a40e-db4724271456/compound/a54c7682-08af-4f40-839a-3f2ee8e6dfbe/structure/2ac0e33d-98ff-44f4-8ffa-47de75b0a793	1	0.0	0.0			0.0	1.72	0.36
271	CCC(C)C1OC2(C=CC1C)CC1CC(CC=C(C)C(OC3CC(OC)C(OC4CC(OC)C(NC)C(C)O4)C(C)O3)C(C)C=CC=C3C(O)OC4C(O)C(C)=CC(C(=O)O1)C34O)O2	8a-OH MAB 1a	6	26.686105816423222	17.200000000000003	1.4262852037676816	1.4738922845894642	0.4836154296344412	1.43	0.52	0.22	CCC(C)C1OC2(C=CC1C)CC1CC(CC=C(C)C(OC3CC(OC)C(OC4CC(OC)C(NC)C(C)O4)C(C)O3)C(C)C=CC=C3C(O)OC4C(O)C(C)=CC(C(=O)O1)C34O)O2	CCC(C)C1OC2(C=CC1C)CC1CC(CC=C(C)C(OC3CC(OC)C(OC4CC(OC)C(NC)C(C)O4)C(C)O3)C(C)C=CC=C3C(O)OC4C(O)C(C)=CC(C(=O)O1)C34O)O2	CCC(C)C1OC2(C=CC1C)CC1CC(CC=C(C)C(OC3CC(OC)C(OC4CC(OC)C(NC)C(C)O4)C(C)O3)C(C)C=CC=C3C(O)OC4C(O)C(C)=CC(C(=O)O1)C34O)O2	Emamectin	https://envipath.org/package/5882df9c-dae1-4d80-a40e-db4724271456/compound/f7b7e977-1ede-43dc-9639-c973e2c8e555/structure/19c1abe7-6c5b-42a8-9e78-7794cde9c820	1	0.8588687650366356	0.12849009459788419			0.19999999999999926	1.43	0.22
272	Fc1ccc(C2(Cn3cncn3)OC2c2ccccc2Cl)cc1	Epoxiconazole	17	466.0018130588156	453.0	2.668387606389372	1.1180736210204638	0.2887555352052435	2.66	0.33	0.08	Fc1ccc(C2(Cn3cncn3)OC2c2ccccc2Cl)cc1	Fc1ccc(C2(Cn3cncn3)OC2c2ccccc2Cl)cc1	Fc1ccc(C2(Cn3cncn3)OC2c2ccccc2Cl)cc1	Epoxiconazole	https://envipath.org/package/5882df9c-dae1-4d80-a40e-db4724271456/compound/5150a6ff-acda-48d6-a866-b7ed345c15ea/structure/6342d41a-aed4-44a2-a791-2eba39a0fd2d	0	0.7626234088118592	0.17409209490403169			4.991341984846218	2.66	0.08
273	CC(C)C(C(=O)OC(C#N)c1cccc(Oc2ccccc2)c1)c1ccc(Cl)cc1	Esfenvalerate	12	59.53267997292219	66.5	1.774755433555514	0.6273507378138792	0.16879784238703308	1.78	0.27	0.08	CC(C)C(C(=O)OC(C#N)c1cccc(Oc2ccccc2)c1)c1ccc(Cl)cc1	CC(C)C(C(=O)OC(C#N)c1cccc(Oc2ccccc2)c1)c1ccc(Cl)cc1	CC(C)C(C(=O)OC(C#N)c1cccc(Oc2ccccc2)c1)c1ccc(Cl)cc1	Esfenvalerate	https://envipath.org/package/5882df9c-dae1-4d80-a40e-db4724271456/compound/c0280b12-4cbd-45f9-866b-608a61f29f8f/structure/698c31e2-4231-4eca-8d5c-c8e6c245747f	0	0.6956212251569734	0.28566589387029223			3.7960139913101245	1.78	0.08
274	CC(C)C(C(=O)OC(CON)c1cccc(Oc2ccccc2)c1)c1ccc(Cl)cc1	CONH2-Fen	3	2.562935678449635	3.5	0.40873770690803585	0.4542583717601582	0.20868379948735905	0.43	0.38	0.26	CC(C)C(C(=O)OC(CON)c1cccc(Oc2ccccc2)c1)c1ccc(Cl)cc1	CC(C)C(C(=O)OC(CON)c1cccc(Oc2ccccc2)c1)c1ccc(Cl)cc1	CC(C)C(C(=O)OC(CON)c1cccc(Oc2ccccc2)c1)c1ccc(Cl)cc1	Esfenvalerate	https://envipath.org/package/5882df9c-dae1-4d80-a40e-db4724271456/compound/fdd0a446-dc81-4e2d-bf27-4abe1322cf96/structure/64d9d216-66e1-4ab5-85d0-eec24763cc8a	1	0.6182412330330466	0.07337029081239026			0.0	0.43	0.26
275	C=C(C)CN(CC)c1c([N+](=O)[O-])cc(C(F)(F)F)cc1[N+](=O)[O-]	Ethalfluralin 	4	32.27535612264356	31.5	1.508871042921284	0.2918866162241116	0.11782746329834864	1.51	0.34	0.2	C=C(C)CN(CC)c1c([N+](=O)[O-])cc(C(F)(F)F)cc1[N+](=O)[O-]	C=C(C)CN(CC)c1c([N+](=O)[O-])cc(C(F)(F)F)cc1[N+](=O)[O-]	C=C(C)CN(CC)c1c([N+](=O)[O-])cc(C(F)(F)F)cc1[N+](=O)[O-]	Ethalfluralin 	https://envipath.org/package/5882df9c-dae1-4d80-a40e-db4724271456/compound/cc886312-ba76-4589-add1-2ffbcbca913f/structure/3a20c8a9-a2c6-49b9-8a7f-7374bc63545d	0	0.412310562561766	0.08899831390482682			1.7320508075688772	1.51	0.2
276	CCOc1nc(N)nc(N)n1	R7558	3	144.68475212839917	91.0	2.1604227645991747	0.6935405872375493	0.3169284665471621	2.16	0.43	0.3	CCOc1nc(N)nc(N)n1	CCOc1nc(N)nc(N)n1	CCOc1nc(N)nc(N)n1	Ethametsulfuron methyl	https://envipath.org/package/5882df9c-dae1-4d80-a40e-db4724271456/compound/e82ab45a-8b5f-4688-a1f4-986fa5c69d6f/structure/95398fcb-1a15-4117-9645-dbd3f65f2ed5	2	1.4704496666741849	0.2068418258279704			0.0	2.16	0.3
277	COC(=O)c1ccccc1S(N)(=O)=O	Ester sulfonamide (IN-D5803)	19	3.898561370872195	3.3	0.5909043752429469	1.561631334272354	0.4319569823794542	0.6	0.45	0.1	COC(=O)c1ccccc1S(N)(=O)=O	COC(=O)c1ccccc1S(N)(=O)=O	COC(=O)c1ccccc1S(N)(=O)=O	Ethametsulfuron methyl	https://envipath.org/package/5882df9c-dae1-4d80-a40e-db4724271456/compound/15d003e4-f1b8-43d0-9c2d-1f2bc6541475/structure/2c04b82f-52f4-4f55-82a5-d189f8097046	1	0.8986601291371676	0.1687684372472382			0.0	0.6	0.1
278	CCOc1nc(NC)nc(NC(=O)NS(=O)(=O)c2ccccc2C(=O)OC)n1	Ethametsulfuron methyl	8	35.20845875046676	29.799999999999997	1.5466470142545683	0.40480345325057243	0.14471996187782554	1.54	0.29	0.11	CCOc1nc(NC)nc(NC(=O)NS(=O)(=O)c2ccccc2C(=O)OC)n1	CCOc1nc(NC)nc(NC(=O)NS(=O)(=O)c2ccccc2C(=O)OC)n1	CCOc1nc(NC)nc(NC(=O)NS(=O)(=O)c2ccccc2C(=O)OC)n1	Ethametsulfuron methyl	https://envipath.org/package/5882df9c-dae1-4d80-a40e-db4724271456/compound/e135197a-f61c-4f13-aa8b-e575b9be6cbe/structure/dc72d324-551d-4c72-86a1-af6a7a97e8b8	0	0.36206870894900584	0.14431089251955403			0.0	1.54	0.11
279	NS(=O)(=O)c1ccccc1C(=O)O	Acid sulphonamide (IN-D5119)	19	9.898785607051877	9.4	0.9955819181827879	2.0633333589517497	0.42450055276960197	0.99	0.46	0.11	NS(=O)(=O)c1ccccc1C(=O)O	NS(=O)(=O)c1ccccc1C(=O)O	NS(=O)(=O)c1ccccc1C(=O)O	Ethametsulfuron methyl	https://envipath.org/package/5882df9c-dae1-4d80-a40e-db4724271456/compound/31748349-7ad0-467e-a338-2cdab3c896d2/structure/5a1f818c-ba12-45aa-b19f-a8722855e97a	2	0.9564477213979409	0.20715660645414757			0.0	0.99	0.11
280	CNc1nc(N)nc(O)n1	A9795	3	3.213355639191743	3.0	0.506958793896114	0.7514990556122034	0.30752280858996256	0.52	0.44	0.3	CNc1nc(N)nc(O)n1	CNc1nc(N)nc(O)n1	CNc1nc(N)nc(O)n1	Ethametsulfuron methyl	https://envipath.org/package/5882df9c-dae1-4d80-a40e-db4724271456/compound/b422411d-c2ad-46e1-a108-55f101798d9c/structure/6843b70a-0ac3-47c7-85c2-e2865e6ae331	2	1.470449666674185	0.2074788688196177				0.52	0.3
281	CCOc1nc(NC)nc(NC(=O)NS(=O)(=O)c2ccccc2C(=O)O)n1	A8768	12	97.65825882229609	85.55	1.9897089768535943	1.562249437179612	0.4366058114818854	2.0	0.49	0.15	CCOc1nc(NC)nc(NC(=O)NS(=O)(=O)c2ccccc2C(=O)O)n1	CCOc1nc(NC)nc(NC(=O)NS(=O)(=O)c2ccccc2C(=O)O)n1	CCOc1nc(NC)nc(NC(=O)NS(=O)(=O)c2ccccc2C(=O)O)n1	Ethametsulfuron methyl	https://envipath.org/package/5882df9c-dae1-4d80-a40e-db4724271456/compound/70d11b30-3cce-49de-8569-77e0b161b8dd/structure/5e4ff5bd-be86-4758-a9ba-4e9ee87e12f3	1	0.7608474807008885	0.16464842243170874			0.0	2.0	0.15
282	COC(=O)c1ccccc1S(=O)(=O)NC(=O)Nc1nc(N)nc(O)n1	RXR81	3	151.6792193343293	161.5	2.180926084764129	0.31231100607367024	0.12894783848767916	2.16	0.37	0.25	COC(=O)c1ccccc1S(=O)(=O)NC(=O)Nc1nc(N)nc(O)n1	COC(=O)c1ccccc1S(=O)(=O)NC(=O)Nc1nc(N)nc(O)n1	COC(=O)c1ccccc1S(=O)(=O)NC(=O)Nc1nc(N)nc(O)n1	Ethametsulfuron methyl	https://envipath.org/package/5882df9c-dae1-4d80-a40e-db4724271456/compound/74367905-6e53-482a-a1d4-321c28eecd78/structure/8f1d0b15-84da-4791-a010-b02988202bec	2	1.470449666674185	0.2074788688196177			0.0	2.16	0.25
283	CCOc1nc(NC)nc(NC(N)=O)n1	B9161	5	132.673644205949	103.0	2.122784658261977	1.0206354482846622	0.39176431374644394	2.12	0.44	0.21	CCOc1nc(NC)nc(NC(N)=O)n1	CCOc1nc(NC)nc(NC(N)=O)n1	CCOc1nc(NC)nc(NC(N)=O)n1	Ethametsulfuron methyl	https://envipath.org/package/5882df9c-dae1-4d80-a40e-db4724271456/compound/c79b2b5f-d0a1-4c9e-9b6d-b40fe32bd733/structure/dcef3793-3dcf-440c-989f-de00542a19cc	1	0.9939818911831341	0.19569276210160388			0.0	2.12	0.21
284	CCOc1nc(N)nc(NC)n1	D7556	5	242.07069459670745	213.0	2.383942216350889	1.2565377484800748	0.4507303186478458	2.38	0.5	0.24	CCOc1nc(N)nc(NC)n1	CCOc1nc(N)nc(NC)n1	CCOc1nc(N)nc(NC)n1	Ethametsulfuron methyl	https://envipath.org/package/5882df9c-dae1-4d80-a40e-db4724271456/compound/e5be2871-899e-4a9c-b5d8-403a4e696ed6/structure/a482a71c-6e08-49e3-b9a4-bed0027cb110	1	0.9785703858180054	0.23086996010868932			0.0	2.38	0.24
285	CCOc1nc(N)nc(NC(=O)NS(=O)(=O)c2ccccc2C(=O)O)n1	RYM15	3	21.00266632811398	16.8	1.3222744327377476	0.7328712689220946	0.3069492407396142	1.32	0.42	0.29	CCOc1nc(N)nc(NC(=O)NS(=O)(=O)c2ccccc2C(=O)O)n1	CCOc1nc(N)nc(NC(=O)NS(=O)(=O)c2ccccc2C(=O)O)n1	CCOc1nc(N)nc(NC(=O)NS(=O)(=O)c2ccccc2C(=O)O)n1	Ethametsulfuron methyl	https://envipath.org/package/5882df9c-dae1-4d80-a40e-db4724271456/compound/f329b4ea-6b84-4ce4-8601-fec1a70e47aa/structure/8d5c3d1e-8e9f-4cc7-9c71-aec86162c3d0	2	1.470449666674185	0.20684182582797045			0.0	1.32	0.29
286	CCOc1nc(N)nc(NC(=O)NS(=O)(=O)c2ccccc2C(=O)OC)n1	N7468	7	20.486205879416524	21.8	1.3114615329151147	0.6164351162808062	0.19115330674529435	1.3	0.31	0.12	CCOc1nc(N)nc(NC(=O)NS(=O)(=O)c2ccccc2C(=O)OC)n1	CCOc1nc(N)nc(NC(=O)NS(=O)(=O)c2ccccc2C(=O)OC)n1	CCOc1nc(N)nc(NC(=O)NS(=O)(=O)c2ccccc2C(=O)OC)n1	Ethametsulfuron methyl	https://envipath.org/package/5882df9c-dae1-4d80-a40e-db4724271456/compound/be03ea0d-6a96-45c6-b739-ddc06b0ed2a8/structure/f1d88d13-0c3b-4a69-9ecc-933899971aab	1	0.15518257844571715	0.10056854443841466			0.0	1.3	0.12
287	CNc1nc(O)nc(NC(=O)NS(=O)(=O)c2ccccc2C(=O)OC)n1	N7469	5	41.19469566868485	36.2	1.6148412987970833	1.1315196298004913	0.4003440925623671	1.61	0.46	0.22	CNc1nc(O)nc(NC(=O)NS(=O)(=O)c2ccccc2C(=O)OC)n1	CNc1nc(O)nc(NC(=O)NS(=O)(=O)c2ccccc2C(=O)OC)n1	CNc1nc(O)nc(NC(=O)NS(=O)(=O)c2ccccc2C(=O)OC)n1	Ethametsulfuron methyl	https://envipath.org/package/5882df9c-dae1-4d80-a40e-db4724271456/compound/0f023464-153d-4c50-93e2-d4a13b8d0171/structure/905590b3-f7e7-4795-9bf5-899e84b1227f	1	1.2116104984688767	0.16742611675506322			0.0	1.61	0.22
288	O=P(O)(O)CCCl	Ethephon	6	16.867369046442807	18.2	1.2270473470989762	1.2795993548362883	0.4112702519520615	1.21	0.46	0.2	O=P(O)(O)CCCl	O=P(O)(O)CCCl	O=P(O)(O)CCCl	Ethephon	https://envipath.org/package/5882df9c-dae1-4d80-a40e-db4724271456/compound/da3b4e0d-0f83-44b3-bd27-8670e18217a6/structure/a1aa90b4-b71e-4465-92d7-caebe99f829c	0	0.5627314338711377	0.33268889068513735			4.487637339278753	1.21	0.2
289	CCOC1Oc2ccc(OS(C)(=O)=O)cc2C1(C)C	Ethofumesate	17	19.1454266356888	17.72	1.2820650485871259	1.163592713556708	0.24615802638525597	1.28	0.29	0.08	CCOC1Oc2ccc(OS(C)(=O)=O)cc2C1(C)C	CCOC1Oc2ccc(OS(C)(=O)=O)cc2C1(C)C	CCOC1Oc2ccc(OS(C)(=O)=O)cc2C1(C)C	Ethofumesate	https://envipath.org/package/5882df9c-dae1-4d80-a40e-db4724271456/compound/3cdcc57a-04e6-403b-9134-dbcff0dbf65b/structure/b870e4e8-857a-4b57-b127-3889082543b4	0	0.614349178802096	0.17827232055357245			1.1727588506591233	1.28	0.08
290	CC1(C)c2cc(OS(C)(=O)=O)ccc2OC1O	NC8493	7	0.02814795591958917	0.02	-1.5505531377602515	0.8450980400142569	0.2800889226623801	-2.29	0.41	0.79	CC1(C)c2cc(OS(C)(=O)=O)ccc2OC1O	CC1(C)c2cc(OS(C)(=O)=O)ccc2OC1O	CC1(C)c2cc(OS(C)(=O)=O)ccc2OC1O	Ethofumesate	https://envipath.org/package/5882df9c-dae1-4d80-a40e-db4724271456/compound/dde70288-5f64-4b69-aca8-187bda9ddd44/structure/a55740c1-4902-43fc-9133-034bce49d125	1	0.7867810939492117	0.1975318807846877			0.0	-2.29	0.79
291	CC(C)(C(=O)O)c1cc(OS(C)(=O)=O)ccc1O	NC20645	4	0.09013344775740004	0.095	-1.0451140161145327	0.4771212547196625	0.17648724954736242	-1.1	0.4	0.28	CC(C)(C(=O)O)c1cc(OS(C)(=O)=O)ccc1O	CC(C)(C(=O)O)c1cc(OS(C)(=O)=O)ccc1O	CC(C)(C(=O)O)c1cc(OS(C)(=O)=O)ccc1O	Ethofumesate	https://envipath.org/package/5882df9c-dae1-4d80-a40e-db4724271456/compound/4207167f-ced7-4e60-857b-f20f08f9e404/structure/f8426dc2-ed5d-4b2b-9834-431d382f2850	3	0.8287792227125388	0.13921140391101441			0.0	-1.1	0.28
292	CC1(C)C(=O)Oc2ccc(OS(C)(=O)=O)cc21	NC9607	4	0.002140220974339925	0.00195	-2.6695413841358397	0.2880650184996134	0.11780473433031974	-2.1	0.43	0.84	CC1(C)C(=O)Oc2ccc(OS(C)(=O)=O)cc21	CC1(C)C(=O)Oc2ccc(OS(C)(=O)=O)cc21	CC1(C)C(=O)Oc2ccc(OS(C)(=O)=O)cc21	Ethofumesate	https://envipath.org/package/5882df9c-dae1-4d80-a40e-db4724271456/compound/d14a91df-c8cc-4393-9632-fce4545827cb/structure/fe8b847d-17ca-4d9f-a0e2-b6fde4ec984a	2	0.6456585785072478	0.13529916340900533			0.0	-2.1	0.84
293	CCCSP(=O)(OCC)SCCC	Ethoprophos	8	30.677274231721654	26.0	1.4868167686174858	1.0530784434834195	0.2883244206815716	1.49	0.36	0.13	CCCSP(=O)(OCC)SCCC	CCCSP(=O)(OCC)SCCC	CCCSP(=O)(OCC)SCCC	Ethoprophos	https://envipath.org/package/5882df9c-dae1-4d80-a40e-db4724271456/compound/40c07c80-f720-4a50-9a7a-a86dbda6de6f/structure/1273e571-50be-483e-a879-65d110a11f52	0	0.7172168430816442	0.22820388924617088			5.218656436287025	1.49	0.13
294	CCOc1ccc(C(C)(C)COC(=O)c2cccc(Oc3ccccc3)c2)cc1	alpha-CO	10	24.502113689153443	34.0	1.3892035506478113	0.5740312677277188	0.2424315840488098	1.39	0.32	0.11	CCOc1ccc(C(C)(C)COC(=O)c2cccc(Oc3ccccc3)c2)cc1	CCOc1ccc(C(C)(C)COC(=O)c2cccc(Oc3ccccc3)c2)cc1	CCOc1ccc(C(C)(C)COC(=O)c2cccc(Oc3ccccc3)c2)cc1	Etofenprox	https://envipath.org/package/5882df9c-dae1-4d80-a40e-db4724271456/compound/9901cd16-97d0-4e45-94b9-2e7ad511dba7/structure/e0372369-0f6a-4337-99d4-4fb1907764a7	1	0.28705400188814656	0.251456156231301			4.0	1.39	0.11
295	CCOc1ccc(C(C)(C)COCc2cccc(Oc3ccc(O)cc3)c2)cc1	4-OH	10	28.561700947531016	29.0	1.4557840676044822	0.6020599913279625	0.22270607110653526	1.46	0.3	0.1	CCOc1ccc(C(C)(C)COCc2cccc(Oc3ccc(O)cc3)c2)cc1	CCOc1ccc(C(C)(C)COCc2cccc(Oc3ccc(O)cc3)c2)cc1	CCOc1ccc(C(C)(C)COCc2cccc(Oc3ccc(O)cc3)c2)cc1	Etofenprox	https://envipath.org/package/5882df9c-dae1-4d80-a40e-db4724271456/compound/aba08107-553f-47d5-9682-b8de02de43ed/structure/6206726d-4235-4521-8c0d-bfcf6d22a4ae	1	0.28705400188814656	0.251456156231301			4.0	1.46	0.1
296	CC(C)(COCc1cccc(Oc2ccccc2)c1)c1ccc(O)cc1	DE	4	36.22154055254966	36.5	1.5589669175198206	0.10763387839982941	0.053816939199914704	1.55	0.33	0.18	CC(C)(COCc1cccc(Oc2ccccc2)c1)c1ccc(O)cc1	CC(C)(COCc1cccc(Oc2ccccc2)c1)c1ccc(O)cc1	CC(C)(COCc1cccc(Oc2ccccc2)c1)c1ccc(O)cc1	Etofenprox	https://envipath.org/package/5882df9c-dae1-4d80-a40e-db4724271456/compound/4c1c8e86-188e-4da4-b529-8d14bcdae8f4/structure/b95217b9-d792-4237-ae34-a1a32945d602	1	0.30000000000000027	0.16830307496258867			0.0	1.55	0.18
297	CCOc1ccc(C(C)(C)COCc2cccc(Oc3ccccc3)c2)cc1	Etofenprox	20	9.77273672037795	9.0	0.9900161989414576	0.9507819773298185	0.1978053668278085	0.99	0.26	0.06	CCOc1ccc(C(C)(C)COCc2cccc(Oc3ccccc3)c2)cc1	CCOc1ccc(C(C)(C)COCc2cccc(Oc3ccccc3)c2)cc1	CCOc1ccc(C(C)(C)COCc2cccc(Oc3ccccc3)c2)cc1	Etofenprox	https://envipath.org/package/5882df9c-dae1-4d80-a40e-db4724271456/compound/e3fc2597-b907-408c-ac59-988a7e7b1f52/structure/46d03a14-04db-4198-9be1-6fae6f9fc136	0	0.4722012282914987	0.26980628615229			4.153311931459037	0.99	0.06
298	CCOc1ccc(C(C)(C)COCc2cccc(O)c2)cc1	DP	10	37.37684338016906	43.0	1.5726026207329833	0.5890950141635949	0.23245573679110712	1.58	0.31	0.1	CCOc1ccc(C(C)(C)COCc2cccc(O)c2)cc1	CCOc1ccc(C(C)(C)COCc2cccc(O)c2)cc1	CCOc1ccc(C(C)(C)COCc2cccc(O)c2)cc1	Etofenprox	https://envipath.org/package/5882df9c-dae1-4d80-a40e-db4724271456/compound/6602a3c7-61f8-40b7-b21a-08198f0bf458/structure/4d638b07-a733-4596-9a09-cbb4f940f761	1	0.28705400188814656	0.251456156231301			4.0	1.58	0.1
299	CCOc1nc(C(Cl)(Cl)Cl)ns1	Etridiazole	3	7.856007140055704	4.8	0.8952018694944461	1.3116584222064738	0.5564448569318259	0.91	0.59	0.4	CCOc1nc(C(Cl)(Cl)Cl)ns1	CCOc1nc(C(Cl)(Cl)Cl)ns1	CCOc1nc(C(Cl)(Cl)Cl)ns1	Etridiazole	https://envipath.org/package/5882df9c-dae1-4d80-a40e-db4724271456/compound/0636719f-ce36-4abe-a7f9-815c6da39680/structure/ead2820e-54cd-471f-b0f0-5dfefff81463	0	0.5734883511361752	0.3150625754970569			2.3570226039551585	0.91	0.4
300	CCOc1nc(C(=O)O)ns1	Etridiazole acid	3	21.57228956863794	36.0	1.333896241266484	0.6791995058807847	0.31877515628420555	1.34	0.43	0.3	CCOc1nc(C(=O)O)ns1	CCOc1nc(C(=O)O)ns1	CCOc1nc(C(=O)O)ns1	Etridiazole	https://envipath.org/package/5882df9c-dae1-4d80-a40e-db4724271456/compound/d714b3dd-fd4d-4849-b66d-64da1de1a8f9/structure/b3085a43-397f-46d1-ba28-47e07b693a61	1	0.9463379711052263	0.13435034956331798			0.0	1.34	0.3
301	CCOc1nc(C(Cl)Cl)ns1	Dichloro-etridiazole	3	16.265404437876327	7.76	1.2112648664469068	1.4071610447025305	0.6177920565664898	1.17	0.65	0.41	CCOc1nc(C(Cl)Cl)ns1	CCOc1nc(C(Cl)Cl)ns1	CCOc1nc(C(Cl)Cl)ns1	Etridiazole	https://envipath.org/package/5882df9c-dae1-4d80-a40e-db4724271456/compound/f13bfe84-1b7a-4926-9b54-272230cd7749/structure/2552a4bb-fd23-4699-ad8c-1555d22b7e11	1	0.5734883511361754	0.3150625754970569			2.3570226039551585	1.17	0.41
302	CC1(c2ccc(Oc3ccccc3)cc2)OC(=O)N(Nc2ccccc2[N+](=O)[O-])C1=O	IN-MN467	6	9.644825637913641	5.1	0.9842943807433621	1.2171463658977228	0.4715196605570154	0.99	0.52	0.23	CC1(c2ccc(Oc3ccccc3)cc2)OC(=O)N(Nc2ccccc2[N+](=O)[O-])C1=O	CC1(c2ccc(Oc3ccccc3)cc2)OC(=O)N(Nc2ccccc2[N+](=O)[O-])C1=O	CC1(c2ccc(Oc3ccccc3)cc2)OC(=O)N(Nc2ccccc2[N+](=O)[O-])C1=O	Famoxadone	https://envipath.org/package/5882df9c-dae1-4d80-a40e-db4724271456/compound/2d7e4522-8e9e-4e25-970b-7d79ab5867dd/structure/7fbad759-439f-428f-9d4c-5173d4fb67d8	1	0.9551032521262935	0.14806577205045415			0.0	0.99	0.23
303	CC1(c2ccc(Oc3ccccc3)cc2)OC(=O)N(Nc2ccc([N+](=O)[O-])cc2)C1=O	IN-MN468	4	20.166724412515627	29.849999999999998	1.3046353635031032	1.158778283876079	0.5246233297365245	1.31	0.57	0.32	CC1(c2ccc(Oc3ccccc3)cc2)OC(=O)N(Nc2ccc([N+](=O)[O-])cc2)C1=O	CC1(c2ccc(Oc3ccccc3)cc2)OC(=O)N(Nc2ccc([N+](=O)[O-])cc2)C1=O	CC1(c2ccc(Oc3ccccc3)cc2)OC(=O)N(Nc2ccc([N+](=O)[O-])cc2)C1=O	Famoxadone	https://envipath.org/package/5882df9c-dae1-4d80-a40e-db4724271456/compound/fc386cfe-a907-45c7-bc97-a207a2c8b371/structure/a1ddcc01-b245-4e01-9254-239e124cd18d	1	0.6179603547154137	0.15881503339568068			0.0	1.31	0.32
304	CCCCCCCCCCCCCCC(=O)[O-]	Fatty acids	2	3.0000000000000004	3.0	0.4771212547196625	0.0	0.0	0.5	0.41	0.36	CCCCCCCCCCCCCCC(=O)[O-]	CCCCCCCCCCCCCCC(=O)[O-]	CCCCCCCCCCCCCCC(=O)[O-]	Fatty acids	https://envipath.org/package/5882df9c-dae1-4d80-a40e-db4724271456/compound/e7b3267e-eb2c-42ef-8a7f-4c0750e5e834/structure/d7950c48-f479-40a8-8415-8b16d9bbff8e	0	1.1				0.0	0.5	0.36
305	CC1(c2ccccc2)NC(=O)N(Nc2ccc([N+](=O)[O-])cc2)C1=O	RPA 221607	6	47.33841576422288	18.45	1.6752137196604766	1.475997594372506	0.6465614294807144	1.67	0.66	0.3	CC1(c2ccccc2)NC(=O)N(Nc2ccc([N+](=O)[O-])cc2)C1=O	CC1(c2ccccc2)NC(=O)N(Nc2ccc([N+](=O)[O-])cc2)C1=O	CC1(c2ccccc2)NC(=O)N(Nc2ccc([N+](=O)[O-])cc2)C1=O	Fenamidone	https://envipath.org/package/5882df9c-dae1-4d80-a40e-db4724271456/compound/687ab5af-0454-4944-bac4-c9549e1a90bf/structure/434b47c9-2567-4665-9d4a-92a79fa26951	2	0.9480975102218595	0.14059225712507542			0.0	1.67	0.3
306	CSC1=NC(C)(c2ccccc2)C(=O)N1N(c1ccccc1)N(c1ccccc1)N1C(=O)C(C)(c2ccccc2)N=C1SC	BCS-CV62706	4	87.43862819409472	59.75	1.9417033354420088	0.8282647903213671	0.33919671456636474	1.93	0.44	0.25	CSC1=NC(C)(c2ccccc2)C(=O)N1N(c1ccccc1)N(c1ccccc1)N1C(=O)C(C)(c2ccccc2)N=C1SC	CSC1=NC(C)(c2ccccc2)C(=O)N1N(c1ccccc1)N(c1ccccc1)N1C(=O)C(C)(c2ccccc2)N=C1SC	CSC1=NC(C)(c2ccccc2)C(=O)N1N(c1ccccc1)N(c1ccccc1)N1C(=O)C(C)(c2ccccc2)N=C1SC	Fenamidone	https://envipath.org/package/5882df9c-dae1-4d80-a40e-db4724271456/compound/0fd55487-6622-4e3f-aaf1-bd5e392ab921/structure/28c3476d-a20e-4d3d-bbb8-27407a3d753f	1	0.7697402159170325	0.14808220978641712			0.0	1.93	0.25
307	CC1(c2ccccc2)NC(=O)N(Nc2ccccc2)C1=O	RPA 410193	4	0.22776050886264665	0.24	-0.6425215755590614	0.44235914846045044	0.15850515920911376	-0.62	0.35	0.2	CC1(c2ccccc2)NC(=O)N(Nc2ccccc2)C1=O	CC1(c2ccccc2)NC(=O)N(Nc2ccccc2)C1=O	CC1(c2ccccc2)NC(=O)N(Nc2ccccc2)C1=O	Fenamidone	https://envipath.org/package/5882df9c-dae1-4d80-a40e-db4724271456/compound/ba5bd4ac-7ed6-48e5-be80-bde19a495c25/structure/c7384422-8b4c-418d-ab22-cb022f9bf196	1	0.6538348415311009	0.14227190770839976			0.0	-0.62	0.2
308	CSC1=NC(C)(c2ccccc2)C(=O)N1	RPA 412708	9	68.7024072234158	70.8	1.8369719543161827	1.4556996504920572	0.4410201144529852	1.85	0.47	0.16	CSC1=NC(C)(c2ccccc2)C(=O)N1	CSC1=NC(C)(c2ccccc2)C(=O)N1	CSC1=NC(C)(c2ccccc2)C(=O)N1	Fenamidone	https://envipath.org/package/5882df9c-dae1-4d80-a40e-db4724271456/compound/b40bfd9b-f23f-467a-aabd-ebaa267ca7ce/structure/47e623fc-b51c-4bac-9ec4-d4e72953b504	1	1.0336319759606873	0.28919118251331666			3.1426968052735447	1.85	0.16
309	CSC1NC(C)(c2ccccc2)C(=O)N1Nc1ccc([N+](=O)[O-])cc1	RPA 411639	6	93.2808271355101	91.3	1.9697923883883006	0.48387740928865375	0.16988909558106557	1.95	0.31	0.13	CSC1NC(C)(c2ccccc2)C(=O)N1Nc1ccc([N+](=O)[O-])cc1	CSC1NC(C)(c2ccccc2)C(=O)N1Nc1ccc([N+](=O)[O-])cc1	CSC1NC(C)(c2ccccc2)C(=O)N1Nc1ccc([N+](=O)[O-])cc1	Fenamidone	https://envipath.org/package/5882df9c-dae1-4d80-a40e-db4724271456/compound/2ee2c026-9405-4187-81a6-5619671ae5ce/structure/27733dca-3d83-4684-aec7-6dfc3f03e6b6	1	1.1015141094572205	0.2317412614686371			0.0	1.95	0.13
310	CC1(c2ccccc2)NC(=O)N(Nc2ccccc2[N+](=O)[O-])C1=O	RPA 221701	6	64.64546813659894	35.099999999999994	1.8105380847886692	1.5374171566069135	0.6373842976804618	1.8	0.64	0.27	CC1(c2ccccc2)NC(=O)N(Nc2ccccc2[N+](=O)[O-])C1=O	CC1(c2ccccc2)NC(=O)N(Nc2ccccc2[N+](=O)[O-])C1=O	CC1(c2ccccc2)NC(=O)N(Nc2ccccc2[N+](=O)[O-])C1=O	Fenamidone	https://envipath.org/package/5882df9c-dae1-4d80-a40e-db4724271456/compound/14f28a53-615e-4e4b-838b-c4ef1f2f838f/structure/dc45d1ee-9b81-412e-b124-1b739d2458f5	2	0.9154537429906306	0.14059225712507542			0.0	1.8	0.27
311	CSC1=NC(C)(c2ccccc2)C(=O)N1Nc1ccccc1[N+](=O)[O-]	RPA 413255	6	157.6661228052485	164.5	2.1977383879436023	0.22764909602795846	0.09627248794807418	2.19	0.3	0.13	CSC1=NC(C)(c2ccccc2)C(=O)N1Nc1ccccc1[N+](=O)[O-]	CSC1=NC(C)(c2ccccc2)C(=O)N1Nc1ccccc1[N+](=O)[O-]	CSC1=NC(C)(c2ccccc2)C(=O)N1Nc1ccccc1[N+](=O)[O-]	Fenamidone	https://envipath.org/package/5882df9c-dae1-4d80-a40e-db4724271456/compound/8cd3d90a-f81f-4cf8-821b-8229fa200c82/structure/93ad114e-d828-43d2-9f83-ce598ebb9e43	1	1.1015141094572205	0.23174126146863713			0.0	2.19	0.13
312	CSC1=NC(C)(c2ccccc2)C(=O)N1Nc1ccccc1	Fenamidone	9	4.624253038783354	4.5	0.6650415906245369	1.6211762817750353	0.41546394881379217	0.67	0.45	0.16	CSC1=NC(C)(c2ccccc2)C(=O)N1Nc1ccccc1	CSC1=NC(C)(c2ccccc2)C(=O)N1Nc1ccccc1	CSC1=NC(C)(c2ccccc2)C(=O)N1Nc1ccccc1	Fenamidone	https://envipath.org/package/5882df9c-dae1-4d80-a40e-db4724271456/compound/8043905a-4ea6-4065-9382-2575cb68439d/structure/26709d16-a8ec-43bf-b6a5-fb99c41ab36c	0	1.0336319759606873	0.28919118251331666			3.1426968052735447	0.67	0.16
313	CC1(c2ccccc2)NC(=O)NC1=O	RPA 412636	12	632.4061105041238	1000.0	2.8009960575685233	0.9507819773298185	0.31601684090552556	3.23	0.74	0.35	CC1(c2ccccc2)NC(=O)NC1=O	CC1(c2ccccc2)NC(=O)NC1=O	CC1(c2ccccc2)NC(=O)NC1=O	Fenamidone	https://envipath.org/package/5882df9c-dae1-4d80-a40e-db4724271456/compound/cec3f985-4dbc-4af0-b33d-e8aa6e942b8b/structure/0dbf418a-8c04-46f3-a3b3-4d4452d29245	2	1.0386957633921923	0.35384897921984176			2.7638539919628333	3.23	0.35
314	Cc1cc(O)ccc1S(C)=O	Fenamiphos-sulfoxide-phenol	1	12.0	12.0	1.0791812460476249	0.0	0.0	1.09	0.46	0.57	Cc1cc(O)ccc1S(C)=O	Cc1cc(O)ccc1S(C)=O	Cc1cc(O)ccc1S(C)=O	Fenamiphos	https://envipath.org/package/5882df9c-dae1-4d80-a40e-db4724271456/compound/318c495c-4787-45e9-aa07-648b7f747343/structure/c30ae1f7-5291-4071-bc37-134ae8720852	2	0.0				0.0	1.09	0.57
315	CCOP(=O)(NC(C)C)Oc1ccc(S(C)(=O)=O)c(C)c1	Fenamiphos-sulfone	8	32.408776395266415	42.0	1.5106626344010656	0.6494846412561006	0.2441785630221259	1.51	0.33	0.13	CCOP(=O)(NC(C)C)Oc1ccc(S(C)(=O)=O)c(C)c1	CCOP(=O)(NC(C)C)Oc1ccc(S(C)(=O)=O)c(C)c1	CCOP(=O)(NC(C)C)Oc1ccc(S(C)(=O)=O)c(C)c1	Fenamiphos	https://envipath.org/package/5882df9c-dae1-4d80-a40e-db4724271456/compound/2a396ef0-d3a6-4343-9aed-c0b594bcdcfe/structure/11973740-15e8-4ff3-9296-2da260a88a17	2	0.5356071321407136	0.1188396947390333			0.9682458365518543	1.51	0.13
316	CCOP(=O)(NC(C)C)Oc1ccc(SC)c(C)c1	Fenamiphos	4	0.761350819167864	0.8	-0.118415180652539	0.5440680443502757	0.20786888955753383	-0.11	0.36	0.2	CCOP(=O)(NC(C)C)Oc1ccc(SC)c(C)c1	CCOP(=O)(NC(C)C)Oc1ccc(SC)c(C)c1	CCOP(=O)(NC(C)C)Oc1ccc(SC)c(C)c1	Fenamiphos	https://envipath.org/package/5882df9c-dae1-4d80-a40e-db4724271456/compound/62986076-1ba0-4e7a-8a56-bf3cf975b882/structure/f48eca5f-f5d4-41f9-9d31-4228657c9885	0	0.6647367900154164	0.1322091667626881			0.0	-0.11	0.2
317	Cc1cc(O)ccc1S(C)(=O)=O	Fenamiphos-sulfone-phenol	5	24.55254832984563	19.0	1.390096574591535	0.9631286400468737	0.35100428282731616	1.4	0.41	0.2	Cc1cc(O)ccc1S(C)(=O)=O	Cc1cc(O)ccc1S(C)(=O)=O	Cc1cc(O)ccc1S(C)(=O)=O	Fenamiphos	https://envipath.org/package/5882df9c-dae1-4d80-a40e-db4724271456/compound/94d7fe79-addb-4a29-bfb3-76de0ddfa0f2/structure/e29ee183-6ac8-44f7-8522-9da172dba24d	3	0.33704599092705445	0.1188396947390333			0.9797958971132713	1.4	0.2
318	CCOP(=O)(NC(C)C)Oc1ccc(S(C)=O)c(C)c1	Fenamiphos-sulfoxide	19	50.29949519395995	48.0	1.7015636264957337	1.296665190261531	0.30635214582539233	1.7	0.34	0.08	CCOP(=O)(NC(C)C)Oc1ccc(S(C)=O)c(C)c1	CCOP(=O)(NC(C)C)Oc1ccc(S(C)=O)c(C)c1	CCOP(=O)(NC(C)C)Oc1ccc(S(C)=O)c(C)c1	Fenamiphos	https://envipath.org/package/5882df9c-dae1-4d80-a40e-db4724271456/compound/d07d72ab-ce4c-4d25-9d0a-ce688a40fb7f/structure/4fba5c18-690a-4538-a1d7-4ea008ad55a6	1	0.6128811211793531	0.05185165322771165			2.5524959269436085	1.7	0.08
319	CC(C)(C)c1ccc(CCOc2ncnc3ccccc23)cc1	Fenazaquin	5	72.87740036082182	74.5	1.8625928723474	0.37106786227173627	0.1284443655600174	1.86	0.32	0.16	CC(C)(C)c1ccc(CCOc2ncnc3ccccc23)cc1	CC(C)(C)c1ccc(CCOc2ncnc3ccccc23)cc1	CC(C)(C)c1ccc(CCOc2ncnc3ccccc23)cc1	Fenazaquin	https://envipath.org/package/5882df9c-dae1-4d80-a40e-db4724271456/compound/b3c2e90f-75a1-4135-be13-349640b8a272/structure/8ad6e7aa-4c6e-48b9-bae9-665e861cf7cf	0	0.5268775948927797	0.25358761001849206			0.7999999999999999	1.86	0.16
320	O=c1nc[nH]c2ccccc12	4-Hydroxyquinazoline	3	0.07999999999999999	0.08	-1.0969100130080565	0.0	0.0	-1.99	0.47	0.84	O=c1nc[nH]c2ccccc12	O=c1nc[nH]c2ccccc12	O=c1nc[nH]c2ccccc12	Fenazaquin	https://envipath.org/package/5882df9c-dae1-4d80-a40e-db4724271456/compound/0cee1135-9d5e-49a1-917e-ba32ea0d434f/structure/68c4df94-3608-40d2-bad1-c25c56ad0561	2	0.6265780079128214	0.19797971580622037			0.0	-1.99	0.84
321	CC(C)(C)c1ccc(CCOc2nc(=O)[nH]c3ccccc23)cc1	M1  2-Oxy-fenazaquin	4	52.98897328807293	69.1	1.7241855047257992	0.8314262210095544	0.3549260066103006	1.72	0.44	0.24	CC(C)(C)c1ccc(CCOc2nc(=O)[nH]c3ccccc23)cc1	CC(C)(C)c1ccc(CCOc2nc(=O)[nH]c3ccccc23)cc1	CC(C)(C)c1ccc(CCOc2nc(=O)[nH]c3ccccc23)cc1	Fenazaquin	https://envipath.org/package/5882df9c-dae1-4d80-a40e-db4724271456/compound/c885879d-5a42-442b-a9d7-fcbdefccbb0f/structure/f6145c97-e963-4bde-b2bf-343993849f8a	1	0.43011626335213154	0.28213584218083415			0.0	1.72	0.24
322	N#CC(CCc1ccc(Cl)cc1)(Cn1cncn1)c1ccccc1	Fenbuconazole	7	153.39563431081297	222.0	2.1858129996279314	0.8964594080929302	0.3302061735004824	2.18	0.39	0.16	N#CC(CCc1ccc(Cl)cc1)(Cn1cncn1)c1ccccc1	N#CC(CCc1ccc(Cl)cc1)(Cn1cncn1)c1ccccc1	N#CC(CCc1ccc(Cl)cc1)(Cn1cncn1)c1ccccc1	Fenbuconazole	https://envipath.org/package/5882df9c-dae1-4d80-a40e-db4724271456/compound/fd7f032c-8d3c-497c-a2ec-d2f4bf151cb0/structure/4761411a-fc4a-41b1-9def-c6b94913b51b	0	0.9207361739612583	0.18386184016309662			2.4743582965269675	2.18	0.16
323	CC(C)(C[Sn](CC(C)(C)c1ccccc1)(CC(C)(C)c1ccccc1)O[Sn](CC(C)(C)c1ccccc1)(CC(C)(C)c1ccccc1)CC(C)(C)c1ccccc1)c1ccccc1	Fenbutatin oxide	8	439.4916740423282	406.9	2.642950651988348	0.46897947394094563	0.15479597529202996	2.64	0.3	0.11	CC(C)(C[Sn](CC(C)(C)c1ccccc1)(CC(C)(C)c1ccccc1)O[Sn](CC(C)(C)c1ccccc1)(CC(C)(C)c1ccccc1)CC(C)(C)c1ccccc1)c1ccccc1	CC(C)(C[Sn](CC(C)(C)c1ccccc1)(CC(C)(C)c1ccccc1)O[Sn](CC(C)(C)c1ccccc1)(CC(C)(C)c1ccccc1)CC(C)(C)c1ccccc1)c1ccccc1	CC(C)(C[Sn](CC(C)(C)c1ccccc1)(CC(C)(C)c1ccccc1)O[Sn](CC(C)(C)c1ccccc1)(CC(C)(C)c1ccccc1)CC(C)(C)c1ccccc1)c1ccccc1	Fenbutatin oxide	https://envipath.org/package/5882df9c-dae1-4d80-a40e-db4724271456/compound/1c8be4cb-8847-41f9-8bd6-7778bdbe2baf/structure/dfb2e400-346f-423a-8fa3-6a17ac25b011	0	0.8138450405329014	0.2196422347410118			4.635124054434789	2.64	0.11
324	CC1(C(=O)Nc2cc(-c3cc(NC(=O)C4(C)CCCCC4)c(Cl)c(Cl)c3O)c(O)c(Cl)c2Cl)CCCCC1	M24	8	6.221651882034068	12.685	0.7939057075214473	2.1087282791853554	0.8982132565091326	0.79	0.88	0.33	CC1(C(=O)Nc2cc(-c3cc(NC(=O)C4(C)CCCCC4)c(Cl)c(Cl)c3O)c(O)c(Cl)c2Cl)CCCCC1	CC1(C(=O)Nc2cc(-c3cc(NC(=O)C4(C)CCCCC4)c(Cl)c(Cl)c3O)c(O)c(Cl)c2Cl)CCCCC1	CC1(C(=O)Nc2cc(-c3cc(NC(=O)C4(C)CCCCC4)c(Cl)c(Cl)c3O)c(O)c(Cl)c2Cl)CCCCC1	Fenhexamid	https://envipath.org/package/5882df9c-dae1-4d80-a40e-db4724271456/compound/5b93d5d5-0c1f-4ab8-9163-a6d1e3a5ce25/structure/750a253f-c497-4312-b56c-8953ae494f64	1	0.7445636305917714	0.13861266833960362			0.0	0.79	0.33
325	CC1(C(=O)Nc2ccc(O)c(Cl)c2Cl)CCCCC1	Fenhexamid	8	0.2908354226311981	0.315	-0.536352699200968	0.9661417327390327	0.29506051399453515	-0.53	0.37	0.15	CC1(C(=O)Nc2ccc(O)c(Cl)c2Cl)CCCCC1	CC1(C(=O)Nc2ccc(O)c(Cl)c2Cl)CCCCC1	CC1(C(=O)Nc2ccc(O)c(Cl)c2Cl)CCCCC1	Fenhexamid	https://envipath.org/package/5882df9c-dae1-4d80-a40e-db4724271456/compound/23ad2561-b869-4570-894d-6ce82598a9cb/structure/caa600b0-2fd9-47c1-aa86-a097e03d6d0a	0	0.5406882188470542	0.13497920718152262			0.0	-0.53	0.15
326	COP(=S)(OC)Oc1ccc([N+](=O)[O-])c(C)c1	Fenitrothion	6	2.4230401633776912	2.6	0.3843606128947258	0.1504928410806881	0.0614567192000329	0.4	0.29	0.13	COP(=S)(OC)Oc1ccc([N+](=O)[O-])c(C)c1	COP(=S)(OC)Oc1ccc([N+](=O)[O-])c(C)c1	COP(=S)(OC)Oc1ccc([N+](=O)[O-])c(C)c1	Fenitrothion	https://envipath.org/package/5882df9c-dae1-4d80-a40e-db4724271456/compound/48e8cefd-f504-48ae-ad80-d403a0e56837/structure/a2c0c8fb-edfd-4524-b56b-7cc1cdfebcdf	0	0.7226494462892932	0.1352436702203201			1.863389981249825	0.4	0.13
327	Cc1cc(O)ccc1[N+](=O)[O-]	NMC	5	3.0940959114834583	3.1	0.4905337719303859	0.0713559085356682	0.026936278662501256	0.49	0.31	0.15	Cc1cc(O)ccc1[N+](=O)[O-]	Cc1cc(O)ccc1[N+](=O)[O-]	Cc1cc(O)ccc1[N+](=O)[O-]	Fenitrothion	https://envipath.org/package/5882df9c-dae1-4d80-a40e-db4724271456/compound/c8937461-c097-4e27-8b3c-9f840ca96b2e/structure/d89f0111-4809-4093-9ef3-e4eb4f865c7c	1	0.7914543574963749	0.13360206288957416			2.0	0.49	0.15
328	O=c1[nH]c2ccc(Cl)cc2o1	AE F054014	3	10.561543335037964	8.5	1.0237273853300268	0.36878177993082417	0.1646624111499163	1.02	0.38	0.25	O=c1[nH]c2ccc(Cl)cc2o1	O=c1[nH]c2ccc(Cl)cc2o1	O=c1[nH]c2ccc(Cl)cc2o1	Fenoxaprop-P-ethyl	https://envipath.org/package/5882df9c-dae1-4d80-a40e-db4724271456/compound/7def94eb-219a-4a0b-a88c-2a0036177e88/structure/5958c62d-7626-4567-9693-f1e180211708	2	0.28284271247461884	0.22465562795847563			0.0	1.02	0.25
329	CC(Oc1ccc(Oc2nc3ccc(Cl)cc3o2)cc1)C(=O)O	Hoe 053022, racemic mixture of Fenoxaprop acid	8	12.535190112210156	11.100000000000001	1.0981309249761428	1.3458636285037642	0.4112070662757646	1.1	0.45	0.17	CC(Oc1ccc(Oc2nc3ccc(Cl)cc3o2)cc1)C(=O)O	CC(Oc1ccc(Oc2nc3ccc(Cl)cc3o2)cc1)C(=O)O	CC(Oc1ccc(Oc2nc3ccc(Cl)cc3o2)cc1)C(=O)O	Fenoxaprop-P-ethyl	https://envipath.org/package/5882df9c-dae1-4d80-a40e-db4724271456/compound/5778cfd2-3b66-43a6-b878-50a36e9423ea/structure/f8bb7724-7d0a-4e56-98da-edf258e0cc95	-99	0.6431125484703281	0.21630065642230092			3.3166247903554	1.1	0.17
330	CCOC(=O)C(C)Oc1ccc(Oc2nc3ccc(Cl)cc3o2)cc1	Fenoxaprop-P-ethyl, D-enantiomer	6	0.4634393601348935	0.43	-0.3340070841337118	0.3581728818005499	0.1526241482476034	-0.33	0.31	0.14	CCOC(=O)C(C)Oc1ccc(Oc2nc3ccc(Cl)cc3o2)cc1	CCOC(=O)C(C)Oc1ccc(Oc2nc3ccc(Cl)cc3o2)cc1	CCOC(=O)C(C)Oc1ccc(Oc2nc3ccc(Cl)cc3o2)cc1	Fenoxaprop-P-ethyl	https://envipath.org/package/5882df9c-dae1-4d80-a40e-db4724271456/compound/6589fb52-1004-467f-8136-29d36b6f558a/structure/2197bf71-b099-4c30-9eeb-35ac83f8ff24	0	0.7388053419767168	0.23199235867779996			0.9428090415820634	-0.33	0.14
331	CCOC(=O)NCCOc1ccc(Oc2ccccc2)cc1	Fenoxycarb	7	1.296338967015038	1.5	0.11271857580621905	1.2041199826559248	0.39124219727864057	0.09	0.48	0.2	CCOC(=O)NCCOc1ccc(Oc2ccccc2)cc1	CCOC(=O)NCCOc1ccc(Oc2ccccc2)cc1	CCOC(=O)NCCOc1ccc(Oc2ccccc2)cc1	Fenoxycarb	https://envipath.org/package/5882df9c-dae1-4d80-a40e-db4724271456/compound/973ad852-5fe9-47b4-baaf-92d093222e5d/structure/3e16df33-ac68-4da5-81cb-c9da800d94e9	0	0.4802210375420459	0.07714466086227569			6.0877930721892906	0.09	0.2
332	CC(Cc1ccc(C(C)(C)C)cc1)CN1CCCCC1	Fenpropidin	8	99.77106954971096	91.0	1.9990046278968594	0.5730317402855922	0.17955484035730385	2.0	0.3	0.11	CC(Cc1ccc(C(C)(C)C)cc1)CN1CCCCC1	CC(Cc1ccc(C(C)(C)C)cc1)CN1CCCCC1	CC(Cc1ccc(C(C)(C)C)cc1)CN1CCCCC1	Fenpropidin	https://envipath.org/package/5882df9c-dae1-4d80-a40e-db4724271456/compound/e5cfce0f-2d6d-4c61-9532-14cf35a19530/structure/845ead4a-ec16-4f85-8601-eea3bc6cbc0a	0	0.2345207879911714				4.630064794363034	2.0	0.11
333	CC(Cc1ccc(C(C)(C)C(=O)O)cc1)CN1CCCCC1	CGA 289267	3	18.09532758936524	9.9	1.2575664497799932	0.821616944164734	0.3831619218778892	1.27	0.46	0.31	CC(Cc1ccc(C(C)(C)C(=O)O)cc1)CN1CCCCC1	CC(Cc1ccc(C(C)(C)C(=O)O)cc1)CN1CCCCC1	CC(Cc1ccc(C(C)(C)C(=O)O)cc1)CN1CCCCC1	Fenpropidin	https://envipath.org/package/5882df9c-dae1-4d80-a40e-db4724271456/compound/eb2868e1-1eba-4fa9-a9d2-dbbe8df95387/structure/fb069111-1e28-4ce8-a252-b9c62fa28c9c	2	0.758653778449403	0.11795585444766754			0.0	1.27	0.31
334	CC(Cc1ccc(C(C)(C)C)cc1)CN1CC(C)OC(C)C1	Fenpropimorph	11	22.35734519022653	14.0	1.3494202322337623	1.3034360654298598	0.39148678859174374	1.35	0.41	0.13	CC(Cc1ccc(C(C)(C)C)cc1)CN1CC(C)OC(C)C1	CC(Cc1ccc(C(C)(C)C)cc1)CN1CC(C)OC(C)C1	CC(Cc1ccc(C(C)(C)C)cc1)CN1CC(C)OC(C)C1	Fenpropimorph	https://envipath.org/package/5882df9c-dae1-4d80-a40e-db4724271456/compound/f66f21a6-e984-4a46-b163-94c6bbbb3109/structure/10bc3f67-640e-4007-9563-400543837bef	0	0.5898592071821214	0.0			7.676302484576199	1.35	0.13
335	C=CCSC(=O)n1c(N)c(-c2ccccc2C)c(=O)n1C(C)C	Fenpyrazamine	5	127.7789779566247	77.9	2.106459410094655	1.301029995663981	0.4920091127935495	2.1	0.52	0.26	C=CCSC(=O)n1c(N)c(-c2ccccc2C)c(=O)n1C(C)C	C=CCSC(=O)n1c(N)c(-c2ccccc2C)c(=O)n1C(C)C	C=CCSC(=O)n1c(N)c(-c2ccccc2C)c(=O)n1C(C)C	Fenpyrazamine	https://envipath.org/package/5882df9c-dae1-4d80-a40e-db4724271456/compound/b99749a8-1a3a-4591-9ea0-ebc21b796532/structure/e051d4e4-64c3-44b6-8fa5-d978847f38f5	0	1.072194012294417	0.137831996945262			0.0	2.1	0.26
336	Cc1nn(C)c(Oc2ccccc2)c1C=NOCc1ccc(C(=O)OC(C)(C)C)cc1	Fenpyroximate	9	41.9906481102977	35.6	1.6231525778661784	0.742075884938364	0.20518424984821376	1.62	0.31	0.11	Cc1nn(C)c(Oc2ccccc2)c1C=NOCc1ccc(C(=O)OC(C)(C)C)cc1	Cc1nn(C)c(Oc2ccccc2)c1C=NOCc1ccc(C(=O)OC(C)(C)C)cc1	Cc1nn(C)c(Oc2ccccc2)c1C=NOCc1ccc(C(=O)OC(C)(C)C)cc1	Fenpyroximate	https://envipath.org/package/5882df9c-dae1-4d80-a40e-db4724271456/compound/413e04a7-aa05-45b5-8352-473ae7f4eb48/structure/7cc19770-98de-4c64-bf17-adf8b573236c	0	0.5043024763515653	0.24200151826338015			4.581228472908512	1.62	0.11
337	N#Cc1nn(-c2c(Cl)cc(C(F)(F)F)cc2Cl)c(N)c1S(=O)C(F)(F)F	Fipronil	8	232.77554181037735	298.0	2.3669373461891428	1.2500713114174984	0.3778646085787833	2.36	0.42	0.16	N#Cc1nn(-c2c(Cl)cc(C(F)(F)F)cc2Cl)c(N)c1S(=O)C(F)(F)F	N#Cc1nn(-c2c(Cl)cc(C(F)(F)F)cc2Cl)c(N)c1S(=O)C(F)(F)F	N#Cc1nn(-c2c(Cl)cc(C(F)(F)F)cc2Cl)c(N)c1S(=O)C(F)(F)F	Fipronil	https://envipath.org/package/5882df9c-dae1-4d80-a40e-db4724271456/compound/696b64e6-2d84-4585-b49b-ef1f1eaf1ea0/structure/726db9a7-aba6-43ec-97ef-bd52b3108d21	0	1.092517162336592	0.3573667692898611			5.448623679425842	2.36	0.16
338	COc1cc(O)nc(Nc2ncccc2C(F)(F)F)n1	HTPP (SSRE-008)	3	11.874575854841547	8.78	1.0746181061123508	0.7535038153050756	0.3212860063881385	1.09	0.44	0.29	COc1cc(O)nc(Nc2ncccc2C(F)(F)F)n1	COc1cc(O)nc(Nc2ncccc2C(F)(F)F)n1	COc1cc(O)nc(Nc2ncccc2C(F)(F)F)n1	Flazasulfuron	https://envipath.org/package/5882df9c-dae1-4d80-a40e-db4724271456/compound/a11e4ba1-6af5-4d36-81a2-245e21d00da6/structure/ed342b8e-337e-4b33-a117-02b0451f7f79	3	1.1728408057172788	0.1843227007875416			0.0	1.09	0.29
339	COc1cc(OC)nc(NC(=O)NS(=O)(=O)c2ncccc2C(F)(F)F)n1	Flazasulfuron	19	23.731186317028136	29.77	1.3753194490500928	1.845571385545478	0.5254899290371503	1.37	0.53	0.12	COc1cc(OC)nc(NC(=O)NS(=O)(=O)c2ncccc2C(F)(F)F)n1	COc1cc(OC)nc(NC(=O)NS(=O)(=O)c2ncccc2C(F)(F)F)n1	COc1cc(OC)nc(NC(=O)NS(=O)(=O)c2ncccc2C(F)(F)F)n1	Flazasulfuron	https://envipath.org/package/5882df9c-dae1-4d80-a40e-db4724271456/compound/a9ecee2e-98a7-44ef-8e7a-9a8a88372c01/structure/04736457-c67f-4475-a619-dbf8cc8ce977	0	0.8713984048960624	0.2198614050537677			5.183609369366372	1.37	0.12
340	COc1cc(OC)nc(N(C(N)=O)c2ncccc2C(F)(F)F)n1	DTPU (SSRE-004)	6	225.8290070275285	339.895	2.353779724935702	1.118833912579727	0.41002153166847	2.34	0.46	0.2	COc1cc(OC)nc(N(C(N)=O)c2ncccc2C(F)(F)F)n1	COc1cc(OC)nc(N(C(N)=O)c2ncccc2C(F)(F)F)n1	COc1cc(OC)nc(N(C(N)=O)c2ncccc2C(F)(F)F)n1	Flazasulfuron	https://envipath.org/package/5882df9c-dae1-4d80-a40e-db4724271456/compound/443fb840-f10b-49b4-89a1-1a1ef918c08e/structure/a895e83b-a2b0-4fd5-9be1-570c8b9498b6	1	0.6342099196813483	0.21418768761991192			2.3570226039551585	2.34	0.2
341	COc1cc(O)nc(N(C(N)=O)c2ncccc2C(F)(F)F)n1	HTPU (SSRE-020)	3	0.7404720630522144	0.58	-0.13049132214093528	0.4471580313422192	0.19736161385303758	-0.09	0.37	0.26	COc1cc(O)nc(N(C(N)=O)c2ncccc2C(F)(F)F)n1	COc1cc(O)nc(N(C(N)=O)c2ncccc2C(F)(F)F)n1	COc1cc(O)nc(N(C(N)=O)c2ncccc2C(F)(F)F)n1	Flazasulfuron	https://envipath.org/package/5882df9c-dae1-4d80-a40e-db4724271456/compound/6766c080-3cce-4893-89b5-a4b2d45f4a46/structure/70bca91d-15b7-43e4-89c6-a2978d5c778d	2	0.41899350299921784	0.23102284398030354			0.0	-0.09	0.26
342	N=C(N)NC(=O)NS(=O)(=O)c1ncccc1C(F)(F)F	GTPS (SSRE-018)	3	34.97276366239603	30.9	1.5437299530385444	0.31563852225771116	0.13435139923399958	1.53	0.37	0.25	N=C(N)NC(=O)NS(=O)(=O)c1ncccc1C(F)(F)F	N=C(N)NC(=O)NS(=O)(=O)c1ncccc1C(F)(F)F	N=C(N)NC(=O)NS(=O)(=O)c1ncccc1C(F)(F)F	Flazasulfuron	https://envipath.org/package/5882df9c-dae1-4d80-a40e-db4724271456/compound/7dde27eb-1041-433d-95a8-41fe403d1bf6/structure/ea6a1e78-48c7-4b81-8c2e-2e4daa998e22	2	0.6377042156569664	0.23102284398030354			0.0	1.53	0.25
343	COc1cc(OC)nc(NC(N)=O)n1	S12 (N-(4,6-dimethoxypyrimidin-2-yl)urea	11	54.83483622017981	58.82	1.7390565506639577	1.2862760499069725	0.3230808377968331	1.74	0.37	0.12	COc1cc(OC)nc(NC(N)=O)n1	COc1cc(OC)nc(NC(N)=O)n1	COc1cc(OC)nc(NC(N)=O)n1	Flazasulfuron	https://envipath.org/package/5882df9c-dae1-4d80-a40e-db4724271456/compound/3dd6b0b4-80f7-44cd-aa27-4dbe1bf8e14f/structure/345f18c1-117b-47e6-8b0d-870d796acdd2	1	0.9095453409658736	0.20126619442435328			0.0	1.74	0.12
344	COc1cc(OC)nc(Nc2ncccc2C(F)(F)F)n1	DTPP (SSRE-005)	5	181.0387653070763	141.5	2.2577715790479087	0.5208248799577602	0.1909362339656134	2.25	0.35	0.17	COc1cc(OC)nc(Nc2ncccc2C(F)(F)F)n1	COc1cc(OC)nc(Nc2ncccc2C(F)(F)F)n1	COc1cc(OC)nc(Nc2ncccc2C(F)(F)F)n1	Flazasulfuron	https://envipath.org/package/5882df9c-dae1-4d80-a40e-db4724271456/compound/2837d921-4099-4cd9-915c-8e5800277f50/structure/b561e9e9-4ee0-4999-af41-0ea1b14c266f	2	0.6899275324264137	0.2141876876199119			2.449489742783178	2.25	0.17
345	NS(=O)(=O)c1ncccc1C(F)(F)F	TPSA (SSRE-001)	4	801.1206897770155	1000.0	2.9036979479891043	0.38520820804358236	0.16680004695601172	3.32	0.58	0.5	NS(=O)(=O)c1ncccc1C(F)(F)F	NS(=O)(=O)c1ncccc1C(F)(F)F	NS(=O)(=O)c1ncccc1C(F)(F)F	Flazasulfuron	https://envipath.org/package/5882df9c-dae1-4d80-a40e-db4724271456/compound/eca4451f-3869-4fa0-9dc9-346f3f0fede0/structure/5a5f8d98-d89d-4139-a573-8a00862917a0	1	0.6647367900154165	0.19417599066252864			2.165063509461097	3.32	0.5
346	COc1cc(O)nc(NC(=O)NS(=O)(=O)c2ncccc2C(F)(F)F)n1	HMTU (SSRE-006)	3	4.1946507136389934	4.224	0.6226958031969675	0.03261595895987501	0.013486468914481143	0.63	0.35	0.24	COc1cc(O)nc(NC(=O)NS(=O)(=O)c2ncccc2C(F)(F)F)n1	COc1cc(O)nc(NC(=O)NS(=O)(=O)c2ncccc2C(F)(F)F)n1	COc1cc(O)nc(NC(=O)NS(=O)(=O)c2ncccc2C(F)(F)F)n1	Flazasulfuron	https://envipath.org/package/5882df9c-dae1-4d80-a40e-db4724271456/compound/2c4d255f-8801-4bcc-b945-26bc16826058/structure/0facb4f0-5c3c-438b-a393-a5041d69a9ae	1	0.7408703590297624	0.23102284398030354			0.0	0.63	0.24
347	Oc1ncccc1C(F)(F)F	HTF (SSRE-021)	3	13.500449115374249	10.37	1.1303482162790381	0.5566888441235721	0.24127472328934352	1.12	0.4	0.28	Oc1ncccc1C(F)(F)F	Oc1ncccc1C(F)(F)F	Oc1ncccc1C(F)(F)F	Flazasulfuron	https://envipath.org/package/5882df9c-dae1-4d80-a40e-db4724271456/compound/a7932131-e0bb-455d-821b-f746d99f33a4/structure/a8e3303d-ca64-4289-af53-1beba074fb5e	2	0.4988876515698589	0.1843227007875416			0.0	1.12	0.28
348	NC(=O)CNC(=O)c1cnccc1C(F)(F)F	TFNG-AM	4	0.452701905583787	0.5	-0.34418767740052486	0.6989700043360187	0.27932742316920295	-0.31	0.4	0.23	NC(=O)CNC(=O)c1cnccc1C(F)(F)F	NC(=O)CNC(=O)c1cnccc1C(F)(F)F	NC(=O)CNC(=O)c1cnccc1C(F)(F)F	Flonicamid	https://envipath.org/package/5882df9c-dae1-4d80-a40e-db4724271456/compound/76b69589-8584-43e0-a394-30d069efb378/structure/859e6bc8-2f79-4971-9086-d2b91fd3fa5b	1	0.32015621187164245	0.2523714479940214			4.330127018922194	-0.31	0.23
349	O=C(O)c1cnc(O)cc1C(F)(F)F	TFNA-OH	4	1.97484176581315	1.9500000000000002	0.29553230351324966	0.6532125137753437	0.2561811788238664	0.25	0.45	0.28	O=C(O)c1cnc(O)cc1C(F)(F)F	O=C(O)c1cnc(O)cc1C(F)(F)F	O=C(O)c1cnc(O)cc1C(F)(F)F	Flonicamid	https://envipath.org/package/5882df9c-dae1-4d80-a40e-db4724271456/compound/af6b6e41-2532-44dd-be61-7fe6d54de6b7/structure/0d7189cc-1c80-43af-b55a-7b2d98f0706f	2	0.44930501889028557	0.2860776529385841			4.330127018922194	0.25	0.28
350	O=C(O)CNC(=O)c1cnccc1C(F)(F)F	TFNG	4	0.28502698827717987	0.25	-0.5451140161145328	1.0413926851582251	0.3791693030013049	-0.57	0.54	0.31	O=C(O)CNC(=O)c1cnccc1C(F)(F)F	O=C(O)CNC(=O)c1cnccc1C(F)(F)F	O=C(O)CNC(=O)c1cnccc1C(F)(F)F	Flonicamid	https://envipath.org/package/5882df9c-dae1-4d80-a40e-db4724271456/compound/9db8336f-2631-4830-b0a8-e445cb0c9f05/structure/d2412860-7d62-461f-a527-34a6038abdc0	2	0.44930501889028557	0.2860776529385841			4.330127018922194	-0.57	0.31
351	NC(=O)c1cnccc1C(F)(F)F	TFNA-AM	4	1.9357166112422135	1.9	0.2868417769484466	0.6532125137753437	0.2627005507192067	0.23	0.45	0.27	NC(=O)c1cnccc1C(F)(F)F	NC(=O)c1cnccc1C(F)(F)F	NC(=O)c1cnccc1C(F)(F)F	Flonicamid	https://envipath.org/package/5882df9c-dae1-4d80-a40e-db4724271456/compound/49da8756-feb8-43a6-8cd3-bd182648ee5d/structure/a04e0ff0-5fc7-4b72-b2a3-71514c2ead28	3	0.32015621187164245	0.2523714479940214			4.330127018922194	0.23	0.27
352	O=C(O)c1cnccc1C(F)(F)F	TFNA	4	0.49374292381028717	0.455	-0.30649911551164405	0.5332371966985938	0.19187363917804165	-0.3	0.36	0.2	O=C(O)c1cnccc1C(F)(F)F	O=C(O)c1cnccc1C(F)(F)F	O=C(O)c1cnccc1C(F)(F)F	Flonicamid	https://envipath.org/package/5882df9c-dae1-4d80-a40e-db4724271456/compound/4290af8f-5c23-48d9-87ef-e3e22818a055/structure/6c528019-f7c3-4b61-84f4-eb64ccef373a	1	0.44930501889028557	0.2860776529385841			4.330127018922194	-0.3	0.2
353	N#CCNC(=O)c1cnccc1C(F)(F)F	Flonicamid	5	1.1618122876096397	1.0	0.06513596536868511	0.5351132016973492	0.21748581778033046	0.08	0.35	0.17	N#CCNC(=O)c1cnccc1C(F)(F)F	N#CCNC(=O)c1cnccc1C(F)(F)F	N#CCNC(=O)c1cnccc1C(F)(F)F	Flonicamid	https://envipath.org/package/5882df9c-dae1-4d80-a40e-db4724271456/compound/064ddbd9-b10c-4f5b-b997-b5fc8cd40133/structure/51cb3af4-a929-496d-bb89-edb0e19002bb	0	0.33823069050575527	0.2621198540507673			4.0	0.08	0.17
354	NS(=O)(=O)c1nc(C(=O)O)n[nH]1	ASTCA	7	222.21558716536487	214.11	2.346774518972458	0.5991752158563957	0.19298757966326588	2.35	0.31	0.13	NS(=O)(=O)c1nc(C(=O)O)n[nH]1	NS(=O)(=O)c1nc(C(=O)O)n[nH]1	NS(=O)(=O)c1nc(C(=O)O)n[nH]1	Florasulam	https://envipath.org/package/5882df9c-dae1-4d80-a40e-db4724271456/compound/fd83b479-bbf4-4235-9a7b-8b605dc40551/structure/f38f0def-7883-4b25-a5d4-d07064735e17	3	0.7445036697597363	0.18677207182662545			0.0	2.35	0.13
355	O=C(O)c1n[nH]c(S(=O)(=O)Nc2c(F)cccc2F)n1	DFP-ASTCA	7	8.899581258092997	4.29	0.9493695727597613	1.4006853755894348	0.5268295339144827	0.96	0.55	0.22	O=C(O)c1n[nH]c(S(=O)(=O)Nc2c(F)cccc2F)n1	O=C(O)c1n[nH]c(S(=O)(=O)Nc2c(F)cccc2F)n1	O=C(O)c1n[nH]c(S(=O)(=O)Nc2c(F)cccc2F)n1	Florasulam	https://envipath.org/package/5882df9c-dae1-4d80-a40e-db4724271456/compound/88bd7613-b6a5-415f-bea6-0e7bc78daf41/structure/18c95ecc-063a-4a7c-8cb2-63334927d62e	2	0.7045044574821689	0.1631838310855438			0.0	0.96	0.22
356	COc1ncc(F)c2nc(S(=O)(=O)Nc3c(F)cccc3F)nn12	Florasulam	21	3.4644247117471925	4.29	0.5396311277626507	1.9904546820937696	0.5317457980302186	0.54	0.54	0.12	COc1ncc(F)c2nc(S(=O)(=O)Nc3c(F)cccc3F)nn12	COc1ncc(F)c2nc(S(=O)(=O)Nc3c(F)cccc3F)nn12	COc1ncc(F)c2nc(S(=O)(=O)Nc3c(F)cccc3F)nn12	Florasulam	https://envipath.org/package/5882df9c-dae1-4d80-a40e-db4724271456/compound/8514e60c-6f4a-490a-8a13-eaeae474cee1/structure/2696e181-dc86-4920-be41-e7b5b0e9663f	0	0.4872524663728183	0.14883009677309028			5.259695722470124	0.54	0.12
357	O=S(=O)(Nc1c(F)cccc1F)c1nc2c(F)cnc(O)n2n1	5-OH Florasulam	19	24.32266605394147	21.0	1.38601117705858	1.0900212754978864	0.29231002350322177	1.39	0.32	0.08	O=S(=O)(Nc1c(F)cccc1F)c1nc2c(F)cnc(O)n2n1	O=S(=O)(Nc1c(F)cccc1F)c1nc2c(F)cnc(O)n2n1	O=S(=O)(Nc1c(F)cccc1F)c1nc2c(F)cnc(O)n2n1	Florasulam	https://envipath.org/package/5882df9c-dae1-4d80-a40e-db4724271456/compound/6ae6ca26-2b39-43f5-936b-fc10b7270d98/structure/eb2c6fdd-d032-40e6-8f04-019e9e95a144	1	0.4993624744475965	0.15105270360211556			2.7600232846582933	1.39	0.08
358	NS(=O)(=O)c1nc[nH]n1	TSA	4	26.466160012706666	17.72	1.422690933886583	1.4529712545466578	0.5713510608614923	1.42	0.6	0.34	NS(=O)(=O)c1nc[nH]n1	NS(=O)(=O)c1nc[nH]n1	NS(=O)(=O)c1nc[nH]n1	Florasulam	https://envipath.org/package/5882df9c-dae1-4d80-a40e-db4724271456/compound/5e3547cb-d473-4863-aa63-7bc5d7dc5893/structure/ac4e843d-72e4-4ce5-a5f3-819a8d21eb26	4	0.7549834435270754	0.15692627064463605			0.0	1.42	0.34
359	CCCCOC(=O)C(C)Oc1ccc(Oc2ccc(C(F)(F)F)cn2)cc1	Fluazifop-P-butyl R isomer	2	0.083	0.083	-1.080921907623926	0.0	0.0	-1.9	0.48	0.94	CCCCOC(=O)C(C)Oc1ccc(Oc2ccc(C(F)(F)F)cn2)cc1	CCCCOC(=O)C(C)Oc1ccc(Oc2ccc(C(F)(F)F)cn2)cc1	CCCCOC(=O)C(C)Oc1ccc(Oc2ccc(C(F)(F)F)cn2)cc1	Fluazifop-P-butyl	https://envipath.org/package/5882df9c-dae1-4d80-a40e-db4724271456/compound/64d2fb01-2cd9-415e-b604-6a416e50cc2e/structure/cc03764b-9307-4a38-a2fe-630a36975d86	0	0.0				0.0	-1.9	0.94
360	O=[N+]([O-])c1cc(C(F)(F)F)c(Cl)c([N+](=O)[O-])c1Nc1ncc(C(F)(F)F)cc1Cl	Fluazinam	13	78.96706501545607	79.7	1.8974459968040072	1.1127695827223343	0.2752796478748193	2.4	0.61	0.45	O=[N+]([O-])c1cc(C(F)(F)F)c(Cl)c([N+](=O)[O-])c1Nc1ncc(C(F)(F)F)cc1Cl	O=[N+]([O-])c1cc(C(F)(F)F)c(Cl)c([N+](=O)[O-])c1Nc1ncc(C(F)(F)F)cc1Cl	O=[N+]([O-])c1cc(C(F)(F)F)c(Cl)c([N+](=O)[O-])c1Nc1ncc(C(F)(F)F)cc1Cl	Fluazinam	https://envipath.org/package/5882df9c-dae1-4d80-a40e-db4724271456/compound/9e44e968-d4b7-4096-8a44-038e5cfdca99/structure/63cc6bef-83e7-4329-9224-41145f58f3fc	0	0.6257776227511612	0.2162417572080539			3.608012122941099	2.4	0.45
361	O=[N+]([O-])c1cc(C(F)(F)F)c(O)c([N+](=O)[O-])c1Nc1ncc(C(F)(F)F)cc1Cl	HYPA compound XII	1	105.20000000000002	105.2	2.0220157398177205	0.0	0.0	1.99	0.48	0.57	O=[N+]([O-])c1cc(C(F)(F)F)c(O)c([N+](=O)[O-])c1Nc1ncc(C(F)(F)F)cc1Cl	O=[N+]([O-])c1cc(C(F)(F)F)c(O)c([N+](=O)[O-])c1Nc1ncc(C(F)(F)F)cc1Cl	O=[N+]([O-])c1cc(C(F)(F)F)c(O)c([N+](=O)[O-])c1Nc1ncc(C(F)(F)F)cc1Cl	Fluazinam	https://envipath.org/package/5882df9c-dae1-4d80-a40e-db4724271456/compound/6a1fda10-e554-4042-acfd-abc02e91b515/structure/8b59c955-ca06-4a0b-8356-aa03261b1aac	1	0.0	0.0			0.0	1.99	0.57
362	O=C(O)c1cccc2c1OC(F)(F)O2	CGA 192155	3	18.187269203465426	16.1	1.259767495165865	0.18067730464727827	0.08271712189162013	1.26	0.36	0.23	O=C(O)c1cccc2c1OC(F)(F)O2	O=C(O)c1cccc2c1OC(F)(F)O2	O=C(O)c1cccc2c1OC(F)(F)O2	Fludioxonil	https://envipath.org/package/5882df9c-dae1-4d80-a40e-db4724271456/compound/8678c214-e971-4e55-9733-45a279d708b3/structure/3bc3d7d6-2ff4-4138-aaf7-55b57fa38889	3	0.10530379332620883	0.15998158252191497			0.0	1.26	0.23
363	N#Cc1c[nH]cc1-c1cccc2c1OC(F)(F)O2	Fludioxonil	15	285.09690001479987	342.0	2.4549924950583697	1.0224962350002826	0.24863468581069575	2.51	0.37	0.12	N#Cc1c[nH]cc1-c1cccc2c1OC(F)(F)O2	N#Cc1c[nH]cc1-c1cccc2c1OC(F)(F)O2	N#Cc1c[nH]cc1-c1cccc2c1OC(F)(F)O2	Fludioxonil	https://envipath.org/package/5882df9c-dae1-4d80-a40e-db4724271456/compound/25a0222a-2762-4a5a-a474-76cd080cf42a/structure/765b1d8c-ddce-440d-87f6-ab801982502f	0	0.7249827584156742	0.05730070831688053			3.6514837167011076	2.51	0.12
364	N#CC1(C(=O)O)OC1(C(N)=O)c1cccc2c1OC(F)(F)O2	CGA 339833	3	12.190777317177531	12.1	1.086031398300745	0.23834292747791463	0.09733016076887212	1.08	0.36	0.25	N#CC1(C(=O)O)OC1(C(N)=O)c1cccc2c1OC(F)(F)O2	N#CC1(C(=O)O)OC1(C(N)=O)c1cccc2c1OC(F)(F)O2	N#CC1(C(=O)O)OC1(C(N)=O)c1cccc2c1OC(F)(F)O2	Fludioxonil	https://envipath.org/package/5882df9c-dae1-4d80-a40e-db4724271456/compound/7c1729e4-34a6-4254-be6a-a30d93ff6e78/structure/de02910d-b4d0-44a9-b7a6-9c81eac80fd5	2	0.10530379332620883	0.15998158252191497			0.0	1.08	0.25
365	O=C(NC(=O)c1c(F)cccc1F)Nc1ccc(Oc2ccc(C(F)(F)F)cc2Cl)cc1F	Flufenoxuron	8	107.41331774278356	115.9	2.0310581311180167	0.3924672785148131	0.11685128952952901	2.02	0.28	0.11	O=C(NC(=O)c1c(F)cccc1F)Nc1ccc(Oc2ccc(C(F)(F)F)cc2Cl)cc1F	O=C(NC(=O)c1c(F)cccc1F)Nc1ccc(Oc2ccc(C(F)(F)F)cc2Cl)cc1F	O=C(NC(=O)c1c(F)cccc1F)Nc1ccc(Oc2ccc(C(F)(F)F)cc2Cl)cc1F	Flufenoxuron	https://envipath.org/package/5882df9c-dae1-4d80-a40e-db4724271456/compound/1876f12e-97ab-4429-adcd-17b24f94e67c/structure/3e95c7ba-4a0c-4644-971b-27ba6d7f9b14	0	0.846961480824246	0.18130548445199393			0.8569568250501305	2.02	0.11
366	NC(=O)Nc1ccc(Oc2ccc(C(F)(F)F)cc2Cl)cc1F	4064702	6	50.27355512453143	56.5	1.7013395977081582	0.5006023505691855	0.15609306010501395	1.7	0.32	0.14	NC(=O)Nc1ccc(Oc2ccc(C(F)(F)F)cc2Cl)cc1F	NC(=O)Nc1ccc(Oc2ccc(C(F)(F)F)cc2Cl)cc1F	NC(=O)Nc1ccc(Oc2ccc(C(F)(F)F)cc2Cl)cc1F	Flufenoxuron	https://envipath.org/package/5882df9c-dae1-4d80-a40e-db4724271456/compound/9aa43538-e1b0-4763-a606-efa0ae03552d/structure/7f08b09b-aca7-4ddb-91c5-4a4c1629eaff	1	0.6238322424070967	0.19441261539755067			0.7637626158259734	1.7	0.14
367	O=Cc1c(F)cccc1Cl	SYN 546418	3	0.6	0.6	-0.2218487496163564	0.0	0.0	-1.36	0.46	0.93	O=Cc1c(F)cccc1Cl	O=Cc1c(F)cccc1Cl	O=Cc1c(F)cccc1Cl	Flumetralin	https://envipath.org/package/5882df9c-dae1-4d80-a40e-db4724271456/compound/7b54b659-02d7-401d-90de-8be5b4dfc289/structure/c9527dce-861f-40f1-a458-274eb9551682	-99	0.9273618495495702	0.4558218635507424			0.0	-1.36	0.93
368	O=C(O)c1c(F)cccc1Cl	CGA152604	3	35.650591915853326	61.2	1.552066744949589	0.9904103074659694	0.43706278539560134	1.56	0.52	0.35	O=C(O)c1c(F)cccc1Cl	O=C(O)c1c(F)cccc1Cl	O=C(O)c1c(F)cccc1Cl	Flumetralin	https://envipath.org/package/5882df9c-dae1-4d80-a40e-db4724271456/compound/af9c707a-b850-4102-a569-0af99d01e660/structure/4e3df617-db57-4212-a0c3-5e34b3e92a94	-99	0.9273618495495702	0.4558218635507424			0.0	1.56	0.35
369	CCN(Cc1c(F)cccc1Cl)c1c([N+](=O)[O-])cc(C(F)(F)F)cc1[N+](=O)[O-]	Flumetralin	9	729.6827197450327	906.0	2.86313406146681	0.42406809693284675	0.14570073742589998	2.87	0.29	0.1	CCN(Cc1c(F)cccc1Cl)c1c([N+](=O)[O-])cc(C(F)(F)F)cc1[N+](=O)[O-]	CCN(Cc1c(F)cccc1Cl)c1c([N+](=O)[O-])cc(C(F)(F)F)cc1[N+](=O)[O-]	CCN(Cc1c(F)cccc1Cl)c1c([N+](=O)[O-])cc(C(F)(F)F)cc1[N+](=O)[O-]	Flumetralin	https://envipath.org/package/5882df9c-dae1-4d80-a40e-db4724271456/compound/e351f9f1-021a-43a5-8226-ddab261e7849/structure/e65a47d1-a183-477a-9de1-6dbbee8523e1	0	0.9854496999396322	0.37727580927360843			0.0	2.87	0.1
370	C#CCN1C(=O)COc2cc(F)c(N3C(=O)C4=C(CCCC4)C3=O)cc21	Flumioxazin	8	21.536802496103263	19.2	1.3331812253603814	0.9513375187959177	0.2710921002542964	1.34	0.34	0.13	C#CCN1C(=O)COc2cc(F)c(N3C(=O)C4=C(CCCC4)C3=O)cc21	C#CCN1C(=O)COc2cc(F)c(N3C(=O)C4=C(CCCC4)C3=O)cc21	C#CCN1C(=O)COc2cc(F)c(N3C(=O)C4=C(CCCC4)C3=O)cc21	Flumioxazin	https://envipath.org/package/5882df9c-dae1-4d80-a40e-db4724271456/compound/1933a64d-43dc-446d-8016-8a270ac1b03d/structure/cf3a5f3d-21cc-4ec0-9ef9-0ff875a7fe5d	0	1.2211034968420982	0.266157267180107			4.330127018922194	1.34	0.13
371	CN(C)C(=O)Nc1cccc(C(F)(F)F)c1	Fluometuron	4	94.17476640191138	89.5	1.9739345516203364	0.54519461951353	0.21475361089267014	1.96	0.36	0.2	CN(C)C(=O)Nc1cccc(C(F)(F)F)c1	CN(C)C(=O)Nc1cccc(C(F)(F)F)c1	CN(C)C(=O)Nc1cccc(C(F)(F)F)c1	Fluometuron	https://envipath.org/package/5882df9c-dae1-4d80-a40e-db4724271456/compound/a2a182b6-3ddc-4b94-8a08-96a409099e34/structure/58b5b37d-a1cb-4bb6-90c8-390205067252	0	0.6832825184358223	0.20478285960946216			2.5	1.96	0.2
372	CNC(=O)Nc1cccc(C(F)(F)F)c1	CGA 41686	2	332.2920402296751	350.5	2.5215199382521316	0.2862440746079882	0.1431220373039941	2.48	0.42	0.37	CNC(=O)Nc1cccc(C(F)(F)F)c1	CNC(=O)Nc1cccc(C(F)(F)F)c1	CNC(=O)Nc1cccc(C(F)(F)F)c1	Fluometuron	https://envipath.org/package/5882df9c-dae1-4d80-a40e-db4724271456/compound/b17cfca1-96cd-4ee6-b7a8-aaa7d40f847d/structure/e5ef536c-3fa2-4cc1-aee0-dc4f6c49113e	1	0.8999999999999999	0.0014428441187440688			0.0	2.48	0.37
373	CS(=O)c1cc(C(F)(F)F)cnc1C(=O)O	AE 1344122	3	67.26088232474913	63.0	1.827762560068365	0.5958110420509608	0.24406769207606194	1.8	0.41	0.28	CS(=O)c1cc(C(F)(F)F)cnc1C(=O)O	CS(=O)c1cc(C(F)(F)F)cnc1C(=O)O	CS(=O)c1cc(C(F)(F)F)cnc1C(=O)O	Fluopicolide	https://envipath.org/package/5882df9c-dae1-4d80-a40e-db4724271456/compound/c9552d9e-2e85-425d-86bf-08afb3a79e1c/structure/242bb1ca-1583-441b-8611-7441fff5728e	3	0.9273618495495702	0.5929147290142052			0.0	1.8	0.28
374	O=C(O)c1nc(O)c(C(F)(F)F)cc1Cl	M-13 Hydroxy group isomer	3	16.90093478951008	10.9	1.2279107260751272	0.6206312308744142	0.2869482671843723	1.23	0.42	0.28	O=C(O)c1nc(O)c(C(F)(F)F)cc1Cl	O=C(O)c1nc(O)c(C(F)(F)F)cc1Cl	O=C(O)c1nc(O)c(C(F)(F)F)cc1Cl	Fluopicolide	https://envipath.org/package/5882df9c-dae1-4d80-a40e-db4724271456/compound/98571a63-ab31-4db0-876c-01dc78357110/structure/eee6c07c-f938-462a-907a-4b291100aa77	2	0.9273618495495702				0.0	1.23	0.28
375	NC(=O)c1c(Cl)cccc1Cl	AE C653711	4	768.4727016739846	721.5	2.8856284447402247	0.6414985922810388	0.24479418357716537	2.87	0.39	0.24	NC(=O)c1c(Cl)cccc1Cl	NC(=O)c1c(Cl)cccc1Cl	NC(=O)c1c(Cl)cccc1Cl	Fluopicolide	https://envipath.org/package/5882df9c-dae1-4d80-a40e-db4724271456/compound/6792ab10-810f-4b80-bc9b-67b1f20cd6f6/structure/56c92dfe-38c2-480b-9e17-da75dc1b6e02	1	1.4500000000000002	0.2592569699389438			0.0	2.87	0.24
376	O=C(O)c1ncc(C(F)(F)F)cc1Cl	AE C657188	3	4.015936423283094	4.4	0.6037868288292226	0.15760785336166805	0.07019066159671777	0.62	0.35	0.23	O=C(O)c1ncc(C(F)(F)F)cc1Cl	O=C(O)c1ncc(C(F)(F)F)cc1Cl	O=C(O)c1ncc(C(F)(F)F)cc1Cl	Fluopicolide	https://envipath.org/package/5882df9c-dae1-4d80-a40e-db4724271456/compound/f4e4203d-87cd-4367-ab39-6a6042ca4000/structure/7c2fd1ad-70ac-4b77-80fc-3304d11f58c5	1	0.9273618495495702				0.0	0.62	0.23
377	O=C(NCc1ncc(C(F)(F)F)cc1Cl)c1c(Cl)cccc1Cl	Fluopicolide	11	379.5213245883244	345.0	2.579236183105939	0.767685816705479	0.23975603049393784	2.59	0.32	0.11	O=C(NCc1ncc(C(F)(F)F)cc1Cl)c1c(Cl)cccc1Cl	O=C(NCc1ncc(C(F)(F)F)cc1Cl)c1c(Cl)cccc1Cl	O=C(NCc1ncc(C(F)(F)F)cc1Cl)c1c(Cl)cccc1Cl	Fluopicolide	https://envipath.org/package/5882df9c-dae1-4d80-a40e-db4724271456/compound/8bb485f3-fc4c-4f3d-b2c9-6e217d7d9421/structure/c3e8e00c-5a40-4928-a7e6-a58cfdcc5343	0	0.9079993446679108	0.2531830100438425			5.222329678670935	2.59	0.11
378	O=C(NCCc1ncc(C(F)(F)F)cc1Cl)c1ccccc1C(F)(F)F	Fluopyram	12	332.0746183539008	294.5	2.521235682192485	0.6632238129300378	0.23154358324853963	2.51	0.3	0.09	O=C(NCCc1ncc(C(F)(F)F)cc1Cl)c1ccccc1C(F)(F)F	O=C(NCCc1ncc(C(F)(F)F)cc1Cl)c1ccccc1C(F)(F)F	O=C(NCCc1ncc(C(F)(F)F)cc1Cl)c1ccccc1C(F)(F)F	Fluopyram	https://envipath.org/package/5882df9c-dae1-4d80-a40e-db4724271456/compound/635370b1-e609-4137-9c1f-3b9885aba93c/structure/8eb89d39-0664-4a2f-a629-2f871b51caef	0	0.7372527834241569	0.11709490196774593			2.3570226039551585	2.51	0.09
379	CON=C(C1=NOCCO1)c1ccccc1Oc1ncnc(O)c1F	M48 (HEC 5725-E-des-chlorophenyl)	3	54.161337786876736	47.1	1.733689382897974	0.4702138410097163	0.1966990290323181	1.75	0.39	0.26	CON=C(C1=NOCCO1)c1ccccc1Oc1ncnc(O)c1F	CON=C(C1=NOCCO1)c1ccccc1Oc1ncnc(O)c1F	CON=C(C1=NOCCO1)c1ccccc1Oc1ncnc(O)c1F	Fluoxastrobin	https://envipath.org/package/5882df9c-dae1-4d80-a40e-db4724271456/compound/c1c8245c-5fc4-4a10-a2eb-c64fa4a401cf/structure/2d981654-c797-48fd-9926-54f287a4106a	1	0.4642796092394705	0.1365006360318689			0.0	1.75	0.26
380	CON=C(C1=NOCCO1)c1ccccc1Oc1ncnc(Oc2ccccc2Cl)c1F	Fluoxastrobin	6	51.45165086984587	36.95	1.7113993140287158	1.4722687519252504	0.594932755550081	1.7	0.61	0.27	CON=C(C1=NOCCO1)c1ccccc1Oc1ncnc(Oc2ccccc2Cl)c1F	CON=C(C1=NOCCO1)c1ccccc1Oc1ncnc(Oc2ccccc2Cl)c1F	CON=C(C1=NOCCO1)c1ccccc1Oc1ncnc(Oc2ccccc2Cl)c1F	Fluoxastrobin	https://envipath.org/package/5882df9c-dae1-4d80-a40e-db4724271456/compound/9874f4d8-ff64-4b68-a092-a6e0fa9bc54e/structure/0bd01554-a09e-4f2a-aef6-2d22ecd209fb	0	0.5145116346811045	0.2431209624723861			0.0	1.7	0.27
381	O=C1C=C(N(Cc2ccc(Cl)nc2)CC(F)F)CO1	Flupyradifurone	16	64.66974179112097	57.3	1.8107011269295628	0.8653014261025436	0.26120105976891567	1.81	0.3	0.08	O=C1C=C(N(Cc2ccc(Cl)nc2)CC(F)F)CO1	O=C1C=C(N(Cc2ccc(Cl)nc2)CC(F)F)CO1	O=C1C=C(N(Cc2ccc(Cl)nc2)CC(F)F)CO1	Flupyradifurone	https://envipath.org/package/5882df9c-dae1-4d80-a40e-db4724271456/compound/6c4655a6-4596-43a7-b653-42a4a2d3bc94/structure/2ae8608e-69c5-4d86-93ba-11015d9343e8	0	0.6311881157784897	0.1768504154936892			0.3739568825412902	1.81	0.08
382	COC(=O)c1ccc(C(F)(F)F)nc1Nc1nc(O)cc(OC)n1	IN-KV996	5	30.764044021938233	26.9	1.4880434241388962	0.30598209586323377	0.1203613269055923	1.49	0.32	0.16	COC(=O)c1ccc(C(F)(F)F)nc1Nc1nc(O)cc(OC)n1	COC(=O)c1ccc(C(F)(F)F)nc1Nc1nc(O)cc(OC)n1	COC(=O)c1ccc(C(F)(F)F)nc1Nc1nc(O)cc(OC)n1	Flupyrsulfuron-methyl	https://envipath.org/package/5882df9c-dae1-4d80-a40e-db4724271456/compound/da06c4c4-599e-4bac-8257-b4fe423f8122/structure/a6878647-3688-41b4-9e40-31d962c733c2	2	1.1359577456930343	0.19454862955253213			0.0	1.49	0.16
383	COc1cc(OC)nc(C2C(=O)NC(=O)c3cc(C(F)(F)F)ncc32)n1	IN-JV460	11	90.78842415190714	57.0	1.9580304779545925	1.1357085542254788	0.3753514327457881	1.97	0.4	0.13	COc1cc(OC)nc(C2C(=O)NC(=O)c3cc(C(F)(F)F)ncc32)n1	COc1cc(OC)nc(C2C(=O)NC(=O)c3cc(C(F)(F)F)ncc32)n1	COc1cc(OC)nc(C2C(=O)NC(=O)c3cc(C(F)(F)F)ncc32)n1	Flupyrsulfuron-methyl	https://envipath.org/package/5882df9c-dae1-4d80-a40e-db4724271456/compound/bd3bc67d-21c3-4033-9d27-104465d6dcf9/structure/e1b8baea-d8f2-4249-bc3b-bc2977cb57f7	2	0.9439673618114607	0.2800049716593795			0.2987577586391822	1.97	0.13
384	COc1cc(O)nc(C2C(=O)NC(=O)c3cc(C(F)(F)F)ncc32)n1	IN-KC576	5	149.10192667932313	125.4	2.1734832553966044	1.7931741239681502	0.7321055844076413	2.4	1.01	0.53	COc1cc(O)nc(C2C(=O)NC(=O)c3cc(C(F)(F)F)ncc32)n1	COc1cc(O)nc(C2C(=O)NC(=O)c3cc(C(F)(F)F)ncc32)n1	COc1cc(O)nc(C2C(=O)NC(=O)c3cc(C(F)(F)F)ncc32)n1	Flupyrsulfuron-methyl	https://envipath.org/package/5882df9c-dae1-4d80-a40e-db4724271456/compound/ca98fa09-9d0c-4827-a6d4-609f26c5a7ed/structure/7f1e69ec-d271-4d2b-965a-7f6a7ae327c2	3	0.9967948635501689	0.2848562779868429			0.0	2.4	0.53
385	COC(=O)c1ccc(C(F)(F)F)nc1S(=O)(=O)NC(=O)Nc1nc(OC)cc(OC)n1	Flupyrsulfuron-methyl	11	13.23108647767637	12.3	1.1215955079732811	0.8639090091293826	0.22693187248971952	1.13	0.3	0.1	COC(=O)c1ccc(C(F)(F)F)nc1S(=O)(=O)NC(=O)Nc1nc(OC)cc(OC)n1	COC(=O)c1ccc(C(F)(F)F)nc1S(=O)(=O)NC(=O)Nc1nc(OC)cc(OC)n1	COC(=O)c1ccc(C(F)(F)F)nc1S(=O)(=O)NC(=O)Nc1nc(OC)cc(OC)n1	Flupyrsulfuron-methyl	https://envipath.org/package/5882df9c-dae1-4d80-a40e-db4724271456/compound/7819e3a0-8f4d-4f5c-927b-5f607d07be15/structure/c7a5a0f3-6911-40df-b7ca-7aba246088c0	0	0.5184209974321182	0.46651172641664534			2.8747978728803445	1.13	0.1
386	COC(=O)c1ccc(C(F)(F)F)nc1N(C(N)=O)c1nc(OC)cc(OC)n1	IN-KT982	5	2.1061240594339194	1.0	0.3234839493474353	1.0492180226701815	0.42438245272432285	-0.0	0.76	0.47	COC(=O)c1ccc(C(F)(F)F)nc1N(C(N)=O)c1nc(OC)cc(OC)n1	COC(=O)c1ccc(C(F)(F)F)nc1N(C(N)=O)c1nc(OC)cc(OC)n1	COC(=O)c1ccc(C(F)(F)F)nc1N(C(N)=O)c1nc(OC)cc(OC)n1	Flupyrsulfuron-methyl	https://envipath.org/package/5882df9c-dae1-4d80-a40e-db4724271456/compound/ad4991b1-7f06-4b4e-8735-ba452070a358/structure/24aad921-ea6f-4118-ba92-d5cce0641772	1	1.0392304845413265	0.15443376542638315			0.0	-0.0	0.47
387	NS(=O)(=O)c1nc(C(F)(F)F)ccc1C(=O)O	IN-KY374	3	83.94914415058294	124.1	1.9240162729270298	0.8317852894087436	0.3601660648802848	1.92	0.47	0.3	NS(=O)(=O)c1nc(C(F)(F)F)ccc1C(=O)O	NS(=O)(=O)c1nc(C(F)(F)F)ccc1C(=O)O	NS(=O)(=O)c1nc(C(F)(F)F)ccc1C(=O)O	Flupyrsulfuron-methyl	https://envipath.org/package/5882df9c-dae1-4d80-a40e-db4724271456/compound/20d2d71a-9753-439e-baaf-17c760ccf185/structure/3e59cfaa-f856-4043-9013-2b66ccfc4df8	2	0.4496912521077348	0.1067335917628606			0.0	1.92	0.3
388	O=c1c2cc(F)ccc2nc(-n2cncn2)n1-c1ccc(Cl)cc1Cl	Fluquinconazole	6	323.46059500535483	398.0	2.509821381097164	0.443306946614753	0.1728224206882054	2.5	0.31	0.13	O=c1c2cc(F)ccc2nc(-n2cncn2)n1-c1ccc(Cl)cc1Cl	O=c1c2cc(F)ccc2nc(-n2cncn2)n1-c1ccc(Cl)cc1Cl	O=c1c2cc(F)ccc2nc(-n2cncn2)n1-c1ccc(Cl)cc1Cl	Fluquinconazole	https://envipath.org/package/5882df9c-dae1-4d80-a40e-db4724271456/compound/673b6919-5815-4532-a2d8-8819e59be5c1/structure/ce1f201c-a870-4835-915f-1b6b8d444fa7	0	0.4921607686744468	0.228868453181857			0.0	2.5	0.13
389	O=c1[nH]c2ccc(F)cc2c(=O)n1-c1ccc(Cl)cc1Cl	Dione	4	364.15118544409654	385.1	2.5612817280785407	0.3581986353204023	0.13740025194991926	2.56	0.34	0.19	O=c1[nH]c2ccc(F)cc2c(=O)n1-c1ccc(Cl)cc1Cl	O=c1[nH]c2ccc(F)cc2c(=O)n1-c1ccc(Cl)cc1Cl	O=c1[nH]c2ccc(F)cc2c(=O)n1-c1ccc(Cl)cc1Cl	Fluquinconazole	https://envipath.org/package/5882df9c-dae1-4d80-a40e-db4724271456/compound/11b456e7-3fc7-415e-9fba-0c6706cd0e5c/structure/5b3cf4a7-6fc5-445e-9ca0-6ff4b8fe0a45	1	0.6057020719792858	0.25796519164435855			0.0	2.56	0.19
390	O=C1CC(CCl)CN1c1cccc(C(F)(F)F)c1	R42819	3	20.455027328715126	18.2	1.310800064069164	0.2063365834381088	0.09155597686356046	1.3	0.38	0.25	O=C1CC(CCl)CN1c1cccc(C(F)(F)F)c1	O=C1CC(CCl)CN1c1cccc(C(F)(F)F)c1	O=C1CC(CCl)CN1c1cccc(C(F)(F)F)c1	Flurochloridone	https://envipath.org/package/5882df9c-dae1-4d80-a40e-db4724271456/compound/dcbb7773-f756-4945-add5-145e9fabc202/structure/442600c1-63c7-498f-bae9-b0d2e99cfcce	1	0.7190734779330042	0.08299812901891501			0.0	1.3	0.25
391	O=C1C(Cl)C(CCl)CN1c1cccc(C(F)(F)F)c1	Flurochloridone	4	13.86385104450704	14.629999999999999	1.1418838835996745	0.7825741858026153	0.3376776292885235	1.14	0.42	0.25	O=C1C(Cl)C(CCl)CN1c1cccc(C(F)(F)F)c1	O=C1C(Cl)C(CCl)CN1c1cccc(C(F)(F)F)c1	O=C1C(Cl)C(CCl)CN1c1cccc(C(F)(F)F)c1	Flurochloridone	https://envipath.org/package/5882df9c-dae1-4d80-a40e-db4724271456/compound/8b769c39-d12c-480b-ad72-2c131f2fcbf1/structure/835c70d0-cfe9-4c49-a756-482f322d67fd	0	0.6219927652312367	0.21385936337327105			3.4641016151377544	1.14	0.25
392	CCCCCCC(C)OC(=O)COc1nc(F)c(Cl)c(N)c1Cl	Fluroxypyr acid	24	3.1017049081561665	2.35	0.49160047727656575	2.439332693830263	0.6997087554025457	0.5	0.7	0.15	CCCCCCC(C)OC(=O)COc1nc(F)c(Cl)c(N)c1Cl	CCCCCCC(C)OC(=O)COc1nc(F)c(Cl)c(N)c1Cl	CCCCCCC(C)OC(=O)COc1nc(F)c(Cl)c(N)c1Cl	Fluroxypyr	https://envipath.org/package/5882df9c-dae1-4d80-a40e-db4724271456/compound/cf1a1379-1df1-4f77-8c3d-19ebca6c8bec/structure/ee1475d1-1979-43d5-9de6-b6e28429b16f	0	0.7919736247011148				2.6246692913372702	0.5	0.15
393	COc1nc(F)c(Cl)c(N)c1Cl	Methoxypyridine (DMP)	12	206.01840085217037	202.55	2.313906011785016	1.7772835288524167	0.5455863491474428	2.36	0.65	0.2	COc1nc(F)c(Cl)c(N)c1Cl	COc1nc(F)c(Cl)c(N)c1Cl	COc1nc(F)c(Cl)c(N)c1Cl	Fluroxypyr	https://envipath.org/package/5882df9c-dae1-4d80-a40e-db4724271456/compound/5f6cf11a-253f-4110-b51f-34aeb857fe3a/structure/7ab776d6-e756-4158-88ba-7a5b31fd6dd1	2	0.7919736247011148				2.6246692913372702	2.36	0.2
394	Nc1c(Cl)c(O)nc(F)c1Cl	Pyridinol (DCP)	12	16.061300658266685	16.0	1.2057807119162403	1.4390779009324275	0.401986244769555	1.21	0.42	0.13	Nc1c(Cl)c(O)nc(F)c1Cl	Nc1c(Cl)c(O)nc(F)c1Cl	Nc1c(Cl)c(O)nc(F)c1Cl	Fluroxypyr	https://envipath.org/package/5882df9c-dae1-4d80-a40e-db4724271456/compound/89fd5575-9c5b-46da-bdca-64638188a25a/structure/32bc5649-986b-49bc-af3d-64befea64bfd	2	0.7919736247011148				2.6246692913372702	1.21	0.13
395	CC(C)C(O)(c1ccc(OC(F)(F)F)cc1)c1cncnc1	Flurprimidol	4	135.00961732311353	137.5	2.1303647062845714	0.2712250140379344	0.10550050528102985	0.27	0.47	1.28	CC(C)C(O)(c1ccc(OC(F)(F)F)cc1)c1cncnc1	CC(C)C(O)(c1ccc(OC(F)(F)F)cc1)c1cncnc1	CC(C)C(O)(c1ccc(OC(F)(F)F)cc1)c1cncnc1	Flurprimidol	https://envipath.org/package/5882df9c-dae1-4d80-a40e-db4724271456/compound/b54b4591-2f52-4d4b-b113-cc279a7898ee/structure/96bb1710-dca9-4150-81be-193640812f78	0	1.6309506430300091				0.0	0.27	1.28
396	O=C(O)c1cccc(C(F)(F)F)c1	M320I029	7	8.235521597764427	8.5	0.9156911104708191	0.7755584398053641	0.2366991300071534	0.92	0.33	0.13	O=C(O)c1cccc(C(F)(F)F)c1	O=C(O)c1cccc(C(F)(F)F)c1	O=C(O)c1cccc(C(F)(F)F)c1	Flurtamone	https://envipath.org/package/5882df9c-dae1-4d80-a40e-db4724271456/compound/446bbe4b-b667-455d-a343-422f30c5c60c/structure/1b6e7d3e-3c0c-4018-a291-4c1bb90d265c	1	0.6499607523472757	0.22176954385977135			0.0	0.92	0.13
397	O=C(O)C(F)(F)F	Trifluoroacetic acid (TFA) (M05)	4	999.9999999999998	1000.0	3.0	0.0	0.0	4.31	0.44	1.0	O=C(O)C(F)(F)F	O=C(O)C(F)(F)F	O=C(O)C(F)(F)F	Flurtamone	https://envipath.org/package/5882df9c-dae1-4d80-a40e-db4724271456/compound/73faf62b-cdc6-4321-8ac1-6890bf06da3c/structure/b393426c-ecd2-408b-afc1-b0f5a0ffbcc6	2	0.7533259586659683	0.14841391342690266			0.0	4.31	1.0
398	CNC1=C(c2cccc(C(F)(F)F)c2)C(=O)C(c2ccccc2)O1	Flurtamone	10	14.19829318193339	10.8	1.1522361397196224	0.8325089127062363	0.2888193918656086	1.15	0.35	0.11	CNC1=C(c2cccc(C(F)(F)F)c2)C(=O)C(c2ccccc2)O1	CNC1=C(c2cccc(C(F)(F)F)c2)C(=O)C(c2ccccc2)O1	CNC1=C(c2cccc(C(F)(F)F)c2)C(=O)C(c2ccccc2)O1	Flurtamone	https://envipath.org/package/5882df9c-dae1-4d80-a40e-db4724271456/compound/21b497b7-3994-409e-9f2b-bee78e1d34f9/structure/edb43b9e-0f88-4d07-9fd7-ee5df66f2b2a	0	0.7238784428341543	0.1959565980093952			0.7999999999999999	1.15	0.11
399	COc1ccccc1N1CCSC1=C(C#N)Sc1cc(C(F)(F)F)ccc1F	Flutianil	5	335.82923856381706	340.8	2.5261185047684807	0.12356220777949689	0.047754506885317446	2.52	0.31	0.15	COc1ccccc1N1CCSC1=C(C#N)Sc1cc(C(F)(F)F)ccc1F	COc1ccccc1N1CCSC1=C(C#N)Sc1cc(C(F)(F)F)ccc1F	COc1ccccc1N1CCSC1=C(C#N)Sc1cc(C(F)(F)F)ccc1F	Flutianil	https://envipath.org/package/5882df9c-dae1-4d80-a40e-db4724271456/compound/53363c8f-1f66-426c-9355-ce6f21853cc9/structure/132ecfd5-ebb0-4b40-8d49-233c9f9d876f	0	1.3105723940324703	0.1794846584084341			0.0	2.52	0.15
400	COc1ccccc1N1CCSC1=C(C#N)S(=O)c1cc(C(F)(F)F)ccc1F	OC 53276	2	246.46867955178416	259.5	2.391761738371616	0.2812207903925228	0.1406103951962614	2.37	0.4	0.36	COc1ccccc1N1CCSC1=C(C#N)S(=O)c1cc(C(F)(F)F)ccc1F	COc1ccccc1N1CCSC1=C(C#N)S(=O)c1cc(C(F)(F)F)ccc1F	COc1ccccc1N1CCSC1=C(C#N)S(=O)c1cc(C(F)(F)F)ccc1F	Flutianil	https://envipath.org/package/5882df9c-dae1-4d80-a40e-db4724271456/compound/5fbed75d-6add-4af6-b16f-0a18a612dce5/structure/81878852-84fd-4629-9877-d53d2faca133	1	0.0	0.0			0.0	2.37	0.36
401	COc1ccccc1N1CCS(=O)C1=C(C#N)Sc1cc(C(F)(F)F)ccc1F	OC 56574	5	131.30699134236812	156.0	2.118287850389383	0.6320232147054055	0.22028589876014956	2.11	0.34	0.17	COc1ccccc1N1CCS(=O)C1=C(C#N)Sc1cc(C(F)(F)F)ccc1F	COc1ccccc1N1CCS(=O)C1=C(C#N)Sc1cc(C(F)(F)F)ccc1F	COc1ccccc1N1CCS(=O)C1=C(C#N)Sc1cc(C(F)(F)F)ccc1F	Flutianil	https://envipath.org/package/5882df9c-dae1-4d80-a40e-db4724271456/compound/7a0f430b-23ff-4046-8119-7ccef23c1f3d/structure/c5dc45a4-b384-466b-ae8d-efd81a5c266a	1	1.1805083650698966	0.1316002525092536			0.0	2.11	0.17
402	CC(C)Oc1cccc(NC(=O)c2ccccc2C(F)(F)F)c1	Flutolanil	6	237.70887040679762	255.5	2.376045388277804	0.5393502546406039	0.2005759168120007	2.37	0.33	0.14	CC(C)Oc1cccc(NC(=O)c2ccccc2C(F)(F)F)c1	CC(C)Oc1cccc(NC(=O)c2ccccc2C(F)(F)F)c1	CC(C)Oc1cccc(NC(=O)c2ccccc2C(F)(F)F)c1	Flutolanil	https://envipath.org/package/5882df9c-dae1-4d80-a40e-db4724271456/compound/d4657104-cb0c-404c-b87c-37e3093a5819/structure/43101df5-b5bf-4364-a38c-148b69275e78	0	0.6910861017268398	0.2438490723254563			4.487637339278753	2.37	0.14
403	OC(Cn1cncn1)(c1ccc(F)cc1)c1ccccc1F	Flutriafol	12	1534.5462356677617	1555.0	3.1859799781981906	0.7157049619797067	0.20664964845007452	3.48	0.44	0.31	OC(Cn1cncn1)(c1ccc(F)cc1)c1ccccc1F	OC(Cn1cncn1)(c1ccc(F)cc1)c1ccccc1F	OC(Cn1cncn1)(c1ccc(F)cc1)c1ccccc1F	Flutriafol	https://envipath.org/package/5882df9c-dae1-4d80-a40e-db4724271456/compound/48dbbe6a-0365-4276-b333-d74604687d59/structure/e9921adb-4f63-4d08-a2fd-884cbda586f7	0	0.6605973727535471	0.29199095320447854			2.7638539919628333	3.48	0.31
404	O=C1c2ccccc2C(=O)N1SC(Cl)(Cl)Cl	Folpet	6	1.645751543928374	2.9	0.21636427118885213	1.3324384599156054	0.479803607534011	0.24	0.53	0.23	O=C1c2ccccc2C(=O)N1SC(Cl)(Cl)Cl	O=C1c2ccccc2C(=O)N1SC(Cl)(Cl)Cl	O=C1c2ccccc2C(=O)N1SC(Cl)(Cl)Cl	Folpet	https://envipath.org/package/5882df9c-dae1-4d80-a40e-db4724271456/compound/9a0d5d79-638e-444b-bd52-5cefae3963a4/structure/71d7b49d-32bd-40a2-a57c-6a11b5f14b1d	0	0.8789197915623472	0.37907121973759933			5.0	0.24	0.23
405	NC(=O)c1ccccc1C(=O)O	Phthalamic acid	2	0.565685424949238	0.6000000000000001	-0.247425010840047	0.3010299956639812	0.15051499783199063	-0.2	0.41	0.35	NC(=O)c1ccccc1C(=O)O	NC(=O)c1ccccc1C(=O)O	NC(=O)c1ccccc1C(=O)O	Folpet	https://envipath.org/package/5882df9c-dae1-4d80-a40e-db4724271456/compound/6d377dfd-f3e7-43ed-8e67-ce598f1591e7/structure/5fc2040d-5d91-41ba-8c25-73f27ded4742	2	0.0	0.0			5.0	-0.2	0.35
406	O=C1NC(=O)c2ccccc21	Phtalimide	5	2.523627439257768	3.2	0.40202524081884483	1.1953460583484197	0.41344204828479514	0.42	0.47	0.23	O=C1NC(=O)c2ccccc21	O=C1NC(=O)c2ccccc21	O=C1NC(=O)c2ccccc21	Folpet	https://envipath.org/package/5882df9c-dae1-4d80-a40e-db4724271456/compound/ce3d9558-7509-44ad-bffa-a068bdbc816d/structure/3cb2bbdc-197b-4c6f-8207-7d40a470572c	1	0.9086253353280438	0.37907121973759933			4.898979485566356	0.42	0.23
407	CN(C)C(=O)c1ccc(NC=O)cc1S(N)(=O)=O	AE F153745	4	0.5711305705405743	0.5	-0.2432645930102426	1.2653144433974468	0.5190005717132218	-0.19	0.55	0.31	CN(C)C(=O)c1ccc(NC=O)cc1S(N)(=O)=O	CN(C)C(=O)c1ccc(NC=O)cc1S(N)(=O)=O	CN(C)C(=O)c1ccc(NC=O)cc1S(N)(=O)=O	Foramsulfuron	https://envipath.org/package/5882df9c-dae1-4d80-a40e-db4724271456/compound/5f02b079-83c3-43ec-86f1-3dfe1f73be41/structure/efdcd491-aaa3-4761-9530-0ebb7ab37e09	1	0.4062019202317982	0.21135578511015182			0.0	-0.19	0.31
408	COc1cc(OC)nc(NC(=O)NS(=O)(=O)c2cc(NC=O)ccc2C(=O)N(C)C)n1	Foramsulfuron	12	5.794823601721369	7.05	0.7630402202883937	1.3117538610557542	0.39353863533873384	0.75	0.45	0.14	COc1cc(OC)nc(NC(=O)NS(=O)(=O)c2cc(NC=O)ccc2C(=O)N(C)C)n1	COc1cc(OC)nc(NC(=O)NS(=O)(=O)c2cc(NC=O)ccc2C(=O)N(C)C)n1	COc1cc(OC)nc(NC(=O)NS(=O)(=O)c2cc(NC=O)ccc2C(=O)N(C)C)n1	Foramsulfuron	https://envipath.org/package/5882df9c-dae1-4d80-a40e-db4724271456/compound/437d290c-bb38-4743-8987-1a9c25e79d9c/structure/d5e8a043-12a3-4ef7-8a3a-0d6ade36699e	0	0.9330356668185604	0.27879051093374857			5.0	0.75	0.14
409	COc1cc(OC)nc(NC(=O)NS(=O)(=O)c2cc(N)ccc2C(=O)N(C)C)n1	AE F130619	12	0.8296681358650103	0.6499999999999999	-0.08109558905019917	1.5118833609788744	0.4001244270343224	-0.08	0.43	0.13	COc1cc(OC)nc(NC(=O)NS(=O)(=O)c2cc(N)ccc2C(=O)N(C)C)n1	COc1cc(OC)nc(NC(=O)NS(=O)(=O)c2cc(N)ccc2C(=O)N(C)C)n1	COc1cc(OC)nc(NC(=O)NS(=O)(=O)c2cc(N)ccc2C(=O)N(C)C)n1	Foramsulfuron	https://envipath.org/package/5882df9c-dae1-4d80-a40e-db4724271456/compound/e89e72da-9ac5-47f8-bece-b4e3e1c5b050/structure/95282c11-16b4-4c5f-81b7-047f39fa9f82	1	1.0701440712975676	0.13939776899582998			0.0	-0.08	0.13
410	CN(C)C=Nc1cccc(O)c1	3-HPDMF (N-(3-hydroxyphenyl)-NN-dimethylformamidine)	2	3.089983818727859	3.27	0.4899562051673585	0.2950670486903044	0.1475335243451522	0.51	0.42	0.37	CN(C)C=Nc1cccc(O)c1	CN(C)C=Nc1cccc(O)c1	CN(C)C=Nc1cccc(O)c1	Formetanate	https://envipath.org/package/5882df9c-dae1-4d80-a40e-db4724271456/compound/91c7a1be-9dbe-4bf7-ad66-10e314cdd9d2/structure/9d17e691-387c-4b25-b44b-903995325fdd	1	0.10000000000000009				0.0	0.51	0.37
411	O=CNc1cccc(O)c1	3-HF (3-Hydroxyformarilide)	2	1.0203920815059278	1.065	0.00876707971859904	0.2559069748756154	0.1279534874378077	0.04	0.4	0.36	O=CNc1cccc(O)c1	O=CNc1cccc(O)c1	O=CNc1cccc(O)c1	Formetanate	https://envipath.org/package/5882df9c-dae1-4d80-a40e-db4724271456/compound/e076d916-21a3-47fb-8337-ffd61b84b9aa/structure/9a6175a0-b5c0-46bc-80b0-763eb60a5569	2	0.10000000000000009				0.0	0.04	0.36
412	CNC(=O)Oc1cccc(N)c1	3-APMC (3-Aminophenyl methylcarbamate)	2	1.4587666023048373	1.7799999999999998	0.16398581181150523	0.5663444390614278	0.2831722195307139	0.19	0.45	0.39	CNC(=O)Oc1cccc(N)c1	CNC(=O)Oc1cccc(N)c1	CNC(=O)Oc1cccc(N)c1	Formetanate	https://envipath.org/package/5882df9c-dae1-4d80-a40e-db4724271456/compound/80e1a57f-e5e1-4159-8b82-3655e0e5e881/structure/e7f366bd-d626-44a7-98ea-b5de47627bf1	2	0.10000000000000009				0.0	0.19	0.39
413	CNC(=O)Oc1cccc(NC=O)c1	3-FAPMC (3-Formamidophenyl methylcarbamate)	2	1.0285912696499033	1.035	0.012242833849583506	0.09691001300805636	0.04845500650402818	0.03	0.39	0.34	CNC(=O)Oc1cccc(NC=O)c1	CNC(=O)Oc1cccc(NC=O)c1	CNC(=O)Oc1cccc(NC=O)c1	Formetanate	https://envipath.org/package/5882df9c-dae1-4d80-a40e-db4724271456/compound/5a805004-c85c-4931-8107-2769f8c2fbea/structure/ce607e99-2266-4b14-8b1c-5d67fa14c3c5	1	0.10000000000000009				0.0	0.03	0.34
414	CNC(=O)Oc1cccc(N=CN(C)C)c1	Formetanate	4	17.742315589026095	10.765	1.2490102999325106	1.2605709428579472	0.5023095079709441	1.25	0.54	0.3	CNC(=O)Oc1cccc(N=CN(C)C)c1	CNC(=O)Oc1cccc(N=CN(C)C)c1	CNC(=O)Oc1cccc(N=CN(C)C)c1	Formetanate	https://envipath.org/package/5882df9c-dae1-4d80-a40e-db4724271456/compound/e5172231-e5ba-4c2d-9cb6-205bd869ff37/structure/124c65bb-07dc-448b-8bf9-c6f5728dcea5	0	0.8366600265340756				2.0615528128088303	1.25	0.3
415	CCO[P+](=O)[O-]	Fosetyl-AL	13	1.1734604600046263	1.0	0.0694684605378418	0.3010299956639812	0.12683147623911142	-0.37	0.5	0.28	CCO[P+](=O)[O-]	CCO[P+](=O)[O-]	CCO[P+](=O)[O-]	Fosetyl-AL	https://envipath.org/package/5882df9c-dae1-4d80-a40e-db4724271456/compound/d363466e-1b13-43af-8518-5b4ee25baba9/structure/ac0a4106-8ebc-4754-bbf0-79c9befd2a34	0	0.7617326869647466	0.21280103636098463			3.370600353877945	-0.37	0.28
417	O=C(O)c1nc2ccccc2[nH]1	M01 2-Carboxybenzimidazole	3	13.076218922247227	18.2	1.1164821829337248	0.4906940619089364	0.22458637603920042	1.12	0.4	0.27	O=C(O)c1nc2ccccc2[nH]1	O=C(O)c1nc2ccccc2[nH]1	O=C(O)c1nc2ccccc2[nH]1	Fuberidazole	https://envipath.org/package/5882df9c-dae1-4d80-a40e-db4724271456/compound/2fd332a9-c024-4f2e-99d1-093168fec2e4/structure/c6f5d9e8-21d5-484c-a6cd-37d724b33cbb	1	0.35590260840104354				0.0	1.12	0.27
418	c1coc(-c2nc3ccccc3[nH]2)c1	Fuberidazole	4	10.144174960293268	11.4	1.0062167310379189	0.4038893411852388	0.1623782009019025	1.01	0.35	0.2	c1coc(-c2nc3ccccc3[nH]2)c1	c1coc(-c2nc3ccccc3[nH]2)c1	c1coc(-c2nc3ccccc3[nH]2)c1	Fuberidazole	https://envipath.org/package/5882df9c-dae1-4d80-a40e-db4724271456/compound/32171471-2068-411c-988b-68a0f99364af/structure/41673be7-3778-43a4-b8ca-9bd64d6f5e58	0	0.6647367900154164				0.0	1.01	0.2
419	CC1(C)C(C=C(Cl)C(F)(F)F)C1C(=O)OC(C#N)c1cccc(Oc2ccccc2)c1	Gamma-cyhalothrin	17	36.42171265018738	28.82	1.5613603636730113	1.5252199610952402	0.3670791729120577	1.57	0.39	0.1	CC1(C)C(C=C(Cl)C(F)(F)F)C1C(=O)OC(C#N)c1cccc(Oc2ccccc2)c1	CC1(C)C(C=C(Cl)C(F)(F)F)C1C(=O)OC(C#N)c1cccc(Oc2ccccc2)c1	CC1(C)C(C=C(Cl)C(F)(F)F)C1C(=O)OC(C#N)c1cccc(Oc2ccccc2)c1	Gamma-cyhalothrin	https://envipath.org/package/5882df9c-dae1-4d80-a40e-db4724271456/compound/b04d3135-76d3-46ba-810a-df8a2c69e3a1/structure/55a912dd-3c4e-4af7-b42f-f10e065818f9	0	0.6961669648199162	0.17267620994426097			3.0630803021631676	1.57	0.1
420	O=Cc1cccc(Oc2ccc(O)cc2)c1	3-(4-hydroxyphenoxy) benzaldehyde	2	16.24130536625674	17.55	1.2106209319605274	0.34638886803980773	0.17319443401990386	1.21	0.41	0.34	O=Cc1cccc(Oc2ccc(O)cc2)c1	O=Cc1cccc(Oc2ccc(O)cc2)c1	O=Cc1cccc(Oc2ccc(O)cc2)c1	Gamma-cyhalothrin	https://envipath.org/package/5882df9c-dae1-4d80-a40e-db4724271456/compound/0976c02d-3845-47f2-ae50-0a097041ed23/structure/0daa7056-9792-47de-95ba-deaeb2ba5712	2	0.25	0.2945629530569045			0.0	1.21	0.34
421	C=C1CC23CC1(O)CCC2C12C=CC(O)C(C)(C(=O)O1)C2C3C(=O)O	Gibberellic acid	2	2.078845833629805	2.21	0.3178222834216878	0.3069388552745015	0.15346942763725074	0.33	0.42	0.37	C=C1CC23CC1(O)CCC2C12C=CC(O)C(C)(C(=O)O1)C2C3C(=O)O	C=C1CC23CC1(O)CCC2C12C=CC(O)C(C)(C(=O)O1)C2C3C(=O)O	C=C1CC23CC1(O)CCC2C12C=CC(O)C(C)(C(=O)O1)C2C3C(=O)O	Gibberellic acid	https://envipath.org/package/5882df9c-dae1-4d80-a40e-db4724271456/compound/1c42e46f-42f3-4d73-9c5a-0539a61d1271/structure/54f1115d-7532-4605-9d17-db376a2fcd49	0	0.5549999999999997	0.17901387707639116			0.0	0.33	0.37
422	CP(=O)(O)CCC(=O)O	3-methylphosphinico-propionic acid (MPP)	9	12.309591058480114	14.0	1.0902436253118566	0.5099137681159699	0.18202114811139064	1.1	0.3	0.1	CP(=O)(O)CCC(=O)O	CP(=O)(O)CCC(=O)O	CP(=O)(O)CCC(=O)O	Glufosinate ammonium	https://envipath.org/package/5882df9c-dae1-4d80-a40e-db4724271456/compound/f5e5d599-6f5b-42c5-a08e-6858996f348e/structure/94a75cfc-6b52-4f98-a5ad-fa6b02762350	2	0.6182412330330469	0.3383069969204347			0.4714045207910317	1.1	0.1
423	CP(=O)([O-])CCC(N)C(=O)O	Glufosinate ammonium (GA)	13	7.8971864669023875	8.0	0.8974723926148988	0.5563025007672872	0.15687283942034336	0.9	0.27	0.08	CP(=O)([O-])CCC(N)C(=O)O	CP(=O)([O-])CCC(N)C(=O)O	CP(=O)([O-])CCC(N)C(=O)O	Glufosinate ammonium	https://envipath.org/package/5882df9c-dae1-4d80-a40e-db4724271456/compound/555118ac-df56-4c8f-b493-2dd8d8cc80b2/structure/ea2820b1-81dd-4bd3-975b-eb35a9572aee	0	0.5735800579171461	0.43761615954690775			2.9472683170258485	0.9	0.08
424	CC(=O)NC(CCP(C)(=O)O)C(=O)O	disodium L-2-acetamido-4-methylphosphinato-butyrate (NAG)	2	0.7071067811865476	0.75	-0.15051499783199057	0.3010299956639812	0.1505149978319906	-0.09	0.41	0.36	CC(=O)NC(CCP(C)(=O)O)C(=O)O	CC(=O)NC(CCP(C)(=O)O)C(=O)O	CC(=O)NC(CCP(C)(=O)O)C(=O)O	Glufosinate ammonium	https://envipath.org/package/5882df9c-dae1-4d80-a40e-db4724271456/compound/f79c7e66-3674-48e5-bafb-63e495804e7f/structure/d09ecac4-dd8e-4c13-80d1-ca8cc4a6d1ce	1	0.25	0.13786206519960548			0.0	-0.09	0.36
425	CP(=O)(O)CC(=O)O	2-methylphosphinico-acetic acid (MPA)	8	21.062427243761146	20.5	1.323508418028464	0.9665762445130504	0.32075680813657786	1.32	0.38	0.14	CP(=O)(O)CC(=O)O	CP(=O)(O)CC(=O)O	CP(=O)(O)CC(=O)O	Glufosinate ammonium	https://envipath.org/package/5882df9c-dae1-4d80-a40e-db4724271456/compound/42738cf7-ace7-4d44-b5d0-179b72aea71c/structure/d0e9d5b6-418e-44e5-bb1d-d9c03ee916fa	1	0.36657195746537946	0.10514348259052407			0.4841229182759271	1.32	0.14
426	NCP(=O)(O)O	AMPA	11	202.19234500942545	133.696	2.305764709202075	1.4399263464034684	0.5275014760886167	2.4	0.69	0.23	NCP(=O)(O)O	NCP(=O)(O)O	NCP(=O)(O)O	Glyphosate	https://envipath.org/package/5882df9c-dae1-4d80-a40e-db4724271456/compound/8622bed8-c347-45d7-bd1f-0a2e740ceffb/structure/3391ade7-fd3c-4b75-8172-8f9b31f4970e	1	0.7978276290150869	0.1788476899656578			3.692744729379982	2.4	0.23
427	O=C(O)CNCP(=O)(O)O	Glyphosate	11	7.60623140039733	8.07	0.8811695335902873	1.7711622142702481	0.6277750302781546	0.89	0.64	0.2	O=C(O)CNCP(=O)(O)O	O=C(O)CNCP(=O)(O)O	O=C(O)CNCP(=O)(O)O	Glyphosate	https://envipath.org/package/5882df9c-dae1-4d80-a40e-db4724271456/compound/fb49d2cc-8cb5-47dc-bb70-a8f2097e5237/structure/fa187ded-4e65-46d4-9d5a-176d35d4e0c2	0	0.7978276290150867	0.1788476899656578			3.692744729379982	0.89	0.2
428	N=C(N)NCCCCCCCCNC(=N)N	GG	5	27.866083836500778	29.1	1.44507593937347	0.5918592906551929	0.20664019602721745	1.44	0.34	0.18	N=C(N)NCCCCCCCCNC(=N)N	N=C(N)NCCCCCCCCNC(=N)N	N=C(N)NCCCCCCCCNC(=N)N	Guazatine	https://envipath.org/package/5882df9c-dae1-4d80-a40e-db4724271456/compound/fa235992-596f-45bd-bf2e-52c3b28bf14d/structure/91aa8bff-66e9-4b00-b973-a15e66dfeb5d	0	0.5238320341483518	0.08905464246854658			4.0	1.44	0.18
429	N=C(N)NCCCCCCCCN	GN	5	11.98325279957115	11.3	1.0785747213216828	0.7617608341954742	0.27232277630160656	1.08	0.36	0.18	N=C(N)NCCCCCCCCN	N=C(N)NCCCCCCCCN	N=C(N)NCCCCCCCCN	Guazatine	https://envipath.org/package/5882df9c-dae1-4d80-a40e-db4724271456/compound/bf31fd32-7cee-4470-b293-730fade49f19/structure/5aaf7d22-db7f-4a35-805e-31194563d0b4	1	0.5238320341483517	0.08905464246854658			4.0	1.08	0.18
431	COc1c(Cl)ccc(-c2cc(N)c(Cl)c(C(=O)O)n2)c1F	X11393729	4	10.519381901784676	10.6	1.021990222276804	1.0365805087004318	0.3775123949173618	1.04	0.44	0.25	COc1c(Cl)ccc(-c2cc(N)c(Cl)c(C(=O)O)n2)c1F	COc1c(Cl)ccc(-c2cc(N)c(Cl)c(C(=O)O)n2)c1F	COc1c(Cl)ccc(-c2cc(N)c(Cl)c(C(=O)O)n2)c1F	Halauxifen-methyl 	https://envipath.org/package/5882df9c-dae1-4d80-a40e-db4724271456/compound/4b6f47aa-b851-455d-8f31-af9713b0f32e/structure/455330f9-e6b0-47dc-aca4-6039798c641a	1	0.9883698700385397	0.14820675877777706			0.0	1.04	0.25
432	COC(=O)c1nc(-c2ccc(Cl)c(OC)c2F)cc(N)c1Cl	Halauxifen-methyl	4	1.23370908535031	1.2000000000000002	0.0912127630019232	0.3010299956639812	0.11031224907719397	0.1	0.33	0.19	COC(=O)c1nc(-c2ccc(Cl)c(OC)c2F)cc(N)c1Cl	COC(=O)c1nc(-c2ccc(Cl)c(OC)c2F)cc(N)c1Cl	COC(=O)c1nc(-c2ccc(Cl)c(OC)c2F)cc(N)c1Cl	Halauxifen-methyl 	https://envipath.org/package/5882df9c-dae1-4d80-a40e-db4724271456/compound/a078a894-5791-4006-bc6a-9eff819c9104/structure/89bf7acc-7788-43d5-94c5-701169332292	0	0.9883698700385396	0.14820675877777706			0.0	0.1	0.19
433	Nc1cc(-c2ccc(Cl)c(O)c2F)nc(C(=O)O)c1Cl	X11449757	4	41.0979851159301	39.2	1.6138205305261129	0.48512164246794276	0.18348848019157782	1.62	0.36	0.2	Nc1cc(-c2ccc(Cl)c(O)c2F)nc(C(=O)O)c1Cl	Nc1cc(-c2ccc(Cl)c(O)c2F)nc(C(=O)O)c1Cl	Nc1cc(-c2ccc(Cl)c(O)c2F)nc(C(=O)O)c1Cl	Halauxifen-methyl 	https://envipath.org/package/5882df9c-dae1-4d80-a40e-db4724271456/compound/be3fd56f-f356-45cc-b53f-b7d576028c19/structure/aecd65ff-9491-41a6-9bc8-eccb9177b2ef	2	0.9883698700385396	0.14820675877777706			0.0	1.62	0.2
434	COC(=O)C1=C(Cl)NN(C)C1S(=O)(=O)NC(=O)Nc1nc(OC)cc(OC)n1	Halosulfuron-methyl (HSM)	2	23.932404810214948	25.25	1.3789863402069342	0.2869157865987708	0.1434578932993854	1.38	0.41	0.36	COC(=O)C1=C(Cl)NN(C)C1S(=O)(=O)NC(=O)Nc1nc(OC)cc(OC)n1	COC(=O)C1=C(Cl)NN(C)C1S(=O)(=O)NC(=O)Nc1nc(OC)cc(OC)n1	COC(=O)C1=C(Cl)NN(C)C1S(=O)(=O)NC(=O)Nc1nc(OC)cc(OC)n1	Halosulfuron-methyl	https://envipath.org/package/5882df9c-dae1-4d80-a40e-db4724271456/compound/d9429ed0-453c-4981-a394-014f8025220e/structure/aa3cf15f-a856-42cd-aae8-bd70bae81306	0	1.25	0.08505044768324688			0.0	1.38	0.36
435	COC(=O)c1c(Cl)nn(C)c1S(N)(=O)=O	Chlorosulfonamide (CSE)	2	46.50483845794971	46.95	1.6674981401216122	0.12008623381388794	0.06004311690694397	1.67	0.39	0.35	COC(=O)c1c(Cl)nn(C)c1S(N)(=O)=O	COC(=O)c1c(Cl)nn(C)c1S(N)(=O)=O	COC(=O)c1c(Cl)nn(C)c1S(N)(=O)=O	Halosulfuron-methyl	https://envipath.org/package/5882df9c-dae1-4d80-a40e-db4724271456/compound/f129e821-a7ee-49ca-bd8c-08f69bfb1826/structure/bb2d9a25-7ae2-4607-b7e4-f82f362f914d	1	1.25	0.08505044768324688			0.0	1.67	0.35
436	COC(=O)c1c(Cl)nn(C)c1Nc1nc(OC)cc(OC)n1	Halosulfuron-methyl rearrangement (HSMR)	1	76.49999999999999	76.5	1.8836614351536176	0.0	0.0	1.82	0.47	0.61	COC(=O)c1c(Cl)nn(C)c1Nc1nc(OC)cc(OC)n1	COC(=O)c1c(Cl)nn(C)c1Nc1nc(OC)cc(OC)n1	COC(=O)c1c(Cl)nn(C)c1Nc1nc(OC)cc(OC)n1	Halosulfuron-methyl	https://envipath.org/package/5882df9c-dae1-4d80-a40e-db4724271456/compound/c30fbb3b-5120-4ba9-9174-eec7b49f416c/structure/361fd5cd-7ab6-4bd3-be26-bb53211e2976	1	0.0	0.0			0.0	1.82	0.61
437	Oc1ccc(Oc2ncc(C(F)(F)F)cc2Cl)cc1	DE-535 Phenol	7	33.594826047209004	25.5	1.5262723966704976	0.8624157378650554	0.2973505973883408	1.53	0.37	0.16	Oc1ccc(Oc2ncc(C(F)(F)F)cc2Cl)cc1	Oc1ccc(Oc2ncc(C(F)(F)F)cc2Cl)cc1	Oc1ccc(Oc2ncc(C(F)(F)F)cc2Cl)cc1	Haloxyfop-P (DE-535)	https://envipath.org/package/5882df9c-dae1-4d80-a40e-db4724271456/compound/fd1603be-98d7-4d74-9f70-eb2736d37742/structure/c19efdc8-43e5-457b-9d57-9e012954d891	1	0.575343730445779	0.15300844863001165			3.4992710611188254	1.53	0.16
438	CC(Oc1ccc(Oc2ncc(C(F)(F)F)cc2Cl)cc1)C(=O)O	DE-535 acid	19	10.931482048487434	12.0	1.0386790459246835	0.829303772831025	0.22486354244367698	1.04	0.28	0.07	CC(Oc1ccc(Oc2ncc(C(F)(F)F)cc2Cl)cc1)C(=O)O	CC(Oc1ccc(Oc2ncc(C(F)(F)F)cc2Cl)cc1)C(=O)O	CC(Oc1ccc(Oc2ncc(C(F)(F)F)cc2Cl)cc1)C(=O)O	Haloxyfop-P (DE-535)	https://envipath.org/package/5882df9c-dae1-4d80-a40e-db4724271456/compound/fe735811-6732-4dc4-a444-36f41126aacd/structure/a405bd20-0f2b-4f64-ac86-2fb5252fa65b	1	0.6993071363243245	0.12432762411047006			2.958978802822953	1.04	0.07
439	Oc1ncc(C(F)(F)F)cc1Cl	DE-535 pyridinol	13	158.65756839291268	153.0	2.2004607939459198	1.1256524499684404	0.31865228759796976	2.2	0.36	0.1	Oc1ncc(C(F)(F)F)cc1Cl	Oc1ncc(C(F)(F)F)cc1Cl	Oc1ncc(C(F)(F)F)cc1Cl	Haloxyfop-P (DE-535)	https://envipath.org/package/5882df9c-dae1-4d80-a40e-db4724271456/compound/13e1c711-ff27-4f08-ab94-912968bb5ced/structure/4d225e95-bfcd-43ae-b5ec-b580ad370e2e	2	0.7258539145898737	0.12965651293053707			3.6124783736376886	2.2	0.1
440	Cn1cc(C(F)(F)F)cc(Cl)c1=O	DE-535 pyridinone	6	176.03297758838315	184.0	2.2455940351042334	0.30050004504068273	0.09914263512731278	2.24	0.29	0.13	Cn1cc(C(F)(F)F)cc(Cl)c1=O	Cn1cc(C(F)(F)F)cc(Cl)c1=O	Cn1cc(C(F)(F)F)cc(Cl)c1=O	Haloxyfop-P (DE-535)	https://envipath.org/package/5882df9c-dae1-4d80-a40e-db4724271456/compound/816c2eb5-d630-4d04-90c3-287b14944ab1/structure/74b87637-3be8-4b98-a11f-172bcbbbfa06	2	0.6335525936249403	0.16262269398730927			0.0	2.24	0.13
441	CC1NC(=O)SC1c1ccc(Cl)cc1	PT-1-3	3	25.893051807607332	31.0	1.4131832402801578	0.3399480616943509	0.1493878043048165	1.43	0.36	0.24	CC1NC(=O)SC1c1ccc(Cl)cc1	CC1NC(=O)SC1c1ccc(Cl)cc1	CC1NC(=O)SC1c1ccc(Cl)cc1	Hexythiazox 	https://envipath.org/package/5882df9c-dae1-4d80-a40e-db4724271456/compound/bdcd9bdf-7193-4817-8a58-ee81d12df60d/structure/773d9939-253f-4e9b-882e-c1a857491e78	4	1.1775681155103794	0.6399684424283593			0.0	1.43	0.24
442	CC1C(c2ccc(Cl)cc2)SC(=O)N1C(N)=O	PT-1-2	3	107.51393365451527	165.0	2.0314647518528446	0.9825942486601889	0.42215733190365295	2.02	0.47	0.32	CC1C(c2ccc(Cl)cc2)SC(=O)N1C(N)=O	CC1C(c2ccc(Cl)cc2)SC(=O)N1C(N)=O	CC1C(c2ccc(Cl)cc2)SC(=O)N1C(N)=O	Hexythiazox 	https://envipath.org/package/5882df9c-dae1-4d80-a40e-db4724271456/compound/edca8c47-e4a1-49c3-ac77-ea610ea0b669/structure/247818aa-10b4-4a20-9b96-105b3e9ce716	3	1.1775681155103794	0.6399684424283593			0.0	2.02	0.32
443	CC1C(c2ccc(Cl)cc2)SC(=O)N1C(=O)NC1CCC(=O)CC1	PT-1-9	2	48.958553900212365	49.25	1.6898285814734293	0.09472812246261597	0.047364061231307986	1.67	0.4	0.32	CC1C(c2ccc(Cl)cc2)SC(=O)N1C(=O)NC1CCC(=O)CC1	CC1C(c2ccc(Cl)cc2)SC(=O)N1C(=O)NC1CCC(=O)CC1	CC1C(c2ccc(Cl)cc2)SC(=O)N1C(=O)NC1CCC(=O)CC1	Hexythiazox 	https://envipath.org/package/5882df9c-dae1-4d80-a40e-db4724271456/compound/cb6a7406-eb4f-482e-a225-5b2af7803ac1/structure/175b5df3-0ef3-41f6-a48c-cc0e52a0526e	2	0.25	0.14127329498498398			0.0	1.67	0.32
444	Cc1cc(O)no1	Hymexazol	5	22.560635940336354	15.4	1.3533513373984634	1.1066942824922013	0.3769259801317504	1.36	0.44	0.22	Cc1cc(O)no1	Cc1cc(O)no1	Cc1cc(O)no1	Hymexazol	https://envipath.org/package/5882df9c-dae1-4d80-a40e-db4724271456/compound/5fd30dfc-4aae-4266-804a-b9ee1b839b2d/structure/ea8b67f7-885e-4d8e-bf78-b54756feca20	0	1.2345039489608771	0.16667808457046254			4.898979485566356	1.36	0.22
445	C=CCOC(Cn1ccnc1)c1ccc(Cl)cc1Cl	Imazalil	2	40.69187879663459	53.254999999999995	1.609507742253727	0.6660918761609658	0.3330459380804829	1.6	0.46	0.4	C=CCOC(Cn1ccnc1)c1ccc(Cl)cc1Cl	C=CCOC(Cn1ccnc1)c1ccc(Cl)cc1Cl	C=CCOC(Cn1ccnc1)c1ccc(Cl)cc1Cl	Imazalil	https://envipath.org/package/5882df9c-dae1-4d80-a40e-db4724271456/compound/451aad54-af54-43ac-82dd-1774a7e274de/structure/dbc79f99-8de6-4594-83d8-8336ec6275eb	0	0.0	0.0			2.5	1.6	0.4
446	OC(Cn1ccnc1)c1ccc(Cl)cc1Cl	R014821	3	6.584091959933829	5.36	0.81849588803242	0.30439663641393844	0.13940196534472057	0.81	0.37	0.25	OC(Cn1ccnc1)c1ccc(Cl)cc1Cl	OC(Cn1ccnc1)c1ccc(Cl)cc1Cl	OC(Cn1ccnc1)c1ccc(Cl)cc1Cl	Imazalil	https://envipath.org/package/5882df9c-dae1-4d80-a40e-db4724271456/compound/ba8e6f49-edad-49e6-a707-b20dccb242fd/structure/0a30fc12-27fd-4126-b9fa-f18313269617	1	0.3983577398380618	0.1768104145057334			0.0	0.81	0.25
447	COCc1cnc(C2=NC(C)(C(C)C)C(=O)N2)c(C(=O)O)c1	Imazamox	6	33.80205873678519	26.15	1.5289431520763863	1.5653667512761655	0.5132918507541989	1.54	0.54	0.24	COCc1cnc(C2=NC(C)(C(C)C)C(=O)N2)c(C(=O)O)c1	COCc1cnc(C2=NC(C)(C(C)C)C(=O)N2)c(C(=O)O)c1	COCc1cnc(C2=NC(C)(C(C)C)C(=O)N2)c(C(=O)O)c1	Imazamox	https://envipath.org/package/5882df9c-dae1-4d80-a40e-db4724271456/compound/924de66a-fb14-4ece-ba64-c00f0829ff10/structure/6d610af6-2683-4a3d-8c66-bf690f27ca66	0	0.9650849127868949	0.164681148382344			2.3570226039551585	1.54	0.24
448	CC(C)C1(C)N=C(c2ncc(C(=O)O)cc2C(=O)O)NC1=O	CL 312622	6	25.414940417086985	27.35	1.4050890958777673	0.9535986331436197	0.30957673084244536	1.41	0.39	0.17	CC(C)C1(C)N=C(c2ncc(C(=O)O)cc2C(=O)O)NC1=O	CC(C)C1(C)N=C(c2ncc(C(=O)O)cc2C(=O)O)NC1=O	CC(C)C1(C)N=C(c2ncc(C(=O)O)cc2C(=O)O)NC1=O	Imazamox	https://envipath.org/package/5882df9c-dae1-4d80-a40e-db4724271456/compound/10d212c7-3fb9-42ba-86d4-5ed10af3e83e/structure/0e0238a6-4bc2-42c4-a7d6-7fb431b062fa	1	0.7197607627229727	0.16337171195603228			2.3570226039551585	1.41	0.17
449	CC(C)C1(C)N=C(c2ncc(C(=O)O)cc2O)NC1=O	CL 354825	7	386.83775802364363	300.0	2.5875288576059132	0.9586073148417751	0.37996275180082334	2.75	0.63	0.3	CC(C)C1(C)N=C(c2ncc(C(=O)O)cc2O)NC1=O	CC(C)C1(C)N=C(c2ncc(C(=O)O)cc2O)NC1=O	CC(C)C1(C)N=C(c2ncc(C(=O)O)cc2O)NC1=O	Imazamox	https://envipath.org/package/5882df9c-dae1-4d80-a40e-db4724271456/compound/ad680b60-31dc-4099-9743-02baa0752f0c/structure/e06ee69d-e801-49d7-a942-689eace0b27b	2	0.9705878715121729	0.15547685009287224			2.2587697572631282	2.75	0.3
450	CC(C)C1(C)N=C(c2nc3ccccc3cc2C(=O)O)NC1=O	Imazaquin	6	136.4431546328535	136.25	2.1349517519534964	1.1379720310603256	0.3441534084396548	2.12	0.41	0.19	CC(C)C1(C)N=C(c2nc3ccccc3cc2C(=O)O)NC1=O	CC(C)C1(C)N=C(c2nc3ccccc3cc2C(=O)O)NC1=O	CC(C)C1(C)N=C(c2nc3ccccc3cc2C(=O)O)NC1=O	Imazaquin	https://envipath.org/package/5882df9c-dae1-4d80-a40e-db4724271456/compound/44708426-2386-44aa-a130-443c8f225b07/structure/f36d473a-3f9a-4fe1-82d8-ee443559607f	0	1.1729592206608606	0.24801477832523872			4.487637339278753	2.12	0.19
451	CC(C)C(C)(NC(=O)c1nc2ccccc2cc1C(=O)O)C(N)=O	CL 266066 (2-(1-carbony-1,2-dimethyl-propylcarbamoyl)-quinoline-3-carboxylic acid)	3	36.37040423273468	30.0	1.560748127974439	0.2803271334057422	0.12881748297144568	1.56	0.38	0.26	CC(C)C(C)(NC(=O)c1nc2ccccc2cc1C(=O)O)C(N)=O	CC(C)C(C)(NC(=O)c1nc2ccccc2cc1C(=O)O)C(N)=O	CC(C)C(C)(NC(=O)c1nc2ccccc2cc1C(=O)O)C(N)=O	Imazaquin	https://envipath.org/package/5882df9c-dae1-4d80-a40e-db4724271456/compound/9eef407f-8f25-4930-961d-2939ae55c2d4/structure/eb943449-7944-476b-92c5-8451b8548f71	1	0.38586123009300727	0.15534176403847533			0.0	1.56	0.26
452	COc1cc(O)nc(NC(=O)NS(=O)(=O)c2c(Cl)nc3ccccn23)n1	HMS	3	10.028584879279089	8.2	1.001239654607705	0.26227740667196464	0.12363875520651203	1.01	0.37	0.24	COc1cc(O)nc(NC(=O)NS(=O)(=O)c2c(Cl)nc3ccccn23)n1	COc1cc(O)nc(NC(=O)NS(=O)(=O)c2c(Cl)nc3ccccn23)n1	COc1cc(O)nc(NC(=O)NS(=O)(=O)c2c(Cl)nc3ccccn23)n1	Imazosulfuron	https://envipath.org/package/5882df9c-dae1-4d80-a40e-db4724271456/compound/b92f0cf9-5dc2-4707-8d11-2f8ab1e672d9/structure/49821718-ecfd-4519-9bb1-3e962c51c17b	1	0.7408703590297624	0.14314803227415998			0.0	1.01	0.24
453	COc1cc(OC)nc(NC(=O)NS(=O)(=O)c2c(Cl)nc3ccccn23)n1	Imazosulfuron	5	39.41801345246108	34.0	1.5956947333788956	0.6052416501141515	0.21961460309016792	1.61	0.35	0.17	COc1cc(OC)nc(NC(=O)NS(=O)(=O)c2c(Cl)nc3ccccn23)n1	COc1cc(OC)nc(NC(=O)NS(=O)(=O)c2c(Cl)nc3ccccn23)n1	COc1cc(OC)nc(NC(=O)NS(=O)(=O)c2c(Cl)nc3ccccn23)n1	Imazosulfuron	https://envipath.org/package/5882df9c-dae1-4d80-a40e-db4724271456/compound/8962fd95-561f-43e7-9fc3-0fa0062538df/structure/9da9d010-8172-48dc-8a51-451b9d397a28	0	0.8221921916437785	0.2467367270477696			0.0	1.61	0.17
454	NS(=O)(=O)c1c(Cl)nc2ccccn12	IPSN	4	164.0432688456167	96.75	2.214958414769733	1.1101382787418117	0.4552220951828962	2.26	0.62	0.37	NS(=O)(=O)c1c(Cl)nc2ccccn12	NS(=O)(=O)c1c(Cl)nc2ccccn12	NS(=O)(=O)c1c(Cl)nc2ccccn12	Imazosulfuron	https://envipath.org/package/5882df9c-dae1-4d80-a40e-db4724271456/compound/485f56a0-d4bc-4694-a27f-917270e322f1/structure/32a850eb-1a98-48aa-aa2d-9cec83c39b4d	1	0.8257572282456871	0.15225082225418285			0.0	2.26	0.37
455	O=[N+]([O-])N=C1NCCN1Cc1ccnc(Cl)c1	Imidacloprid 	6	185.90504208742476	189.5	2.269291168798529	0.5369869991917042	0.15947541711172858	2.3	0.35	0.16	O=[N+]([O-])N=C1NCCN1Cc1ccnc(Cl)c1	O=[N+]([O-])N=C1NCCN1Cc1ccnc(Cl)c1	O=[N+]([O-])N=C1NCCN1Cc1ccnc(Cl)c1	Imidacloprid 	https://envipath.org/package/5882df9c-dae1-4d80-a40e-db4724271456/compound/41a4626d-e869-407e-b6f3-a3184b1d6fe3/structure/f397b524-a010-492b-b2cc-d80b4f95d0c5	0	0.389087250997625				0.0	2.3	0.16
456	COC(=O)c1ccc(I)cc1S(=O)(=O)NC(=O)Nc1nc(C)nc(O)n1	AE F145741	7	22.465242635850874	17.76	1.3515111135518838	1.688882114479484	0.5617210693765701	1.35	0.58	0.24	COC(=O)c1ccc(I)cc1S(=O)(=O)NC(=O)Nc1nc(C)nc(O)n1	COC(=O)c1ccc(I)cc1S(=O)(=O)NC(=O)Nc1nc(C)nc(O)n1	COC(=O)c1ccc(I)cc1S(=O)(=O)NC(=O)Nc1nc(C)nc(O)n1	Iodosulfuron-methyl-sodium	https://envipath.org/package/5882df9c-dae1-4d80-a40e-db4724271456/compound/ee9ecedb-ea85-4db3-9582-39621ad9b53c/structure/84b8de5a-1808-4910-bcf8-3cf3acc96194	1	0.10690449676496973	0.0862509196466487			3.499271061118826	1.35	0.24
457	COC(=O)c1ccccc1S(=O)(=O)NC(=O)Nc1nc(C)nc(O)n1	O-desmethyl metsulfuron-methyl (IN-B5067)	40	13.546471172810485	14.32	1.1318261771460916	1.63239266983777	0.4511471084213543	1.13	0.46	0.07	COC(=O)c1ccccc1S(=O)(=O)NC(=O)Nc1nc(C)nc(O)n1	COC(=O)c1ccccc1S(=O)(=O)NC(=O)Nc1nc(C)nc(O)n1	COC(=O)c1ccccc1S(=O)(=O)NC(=O)Nc1nc(C)nc(O)n1	Iodosulfuron-methyl-sodium	https://envipath.org/package/5882df9c-dae1-4d80-a40e-db4724271456/compound/467240f5-149a-4059-b443-ce035cc22e4e/structure/bfaf2143-211b-4341-be35-f9c387f24c22	2	0.8599382245254598	0.21974205351626291			1.5612494995995996	1.13	0.07
458	COc1nc(C)nc(NC(=O)NS(=O)(=O)c2cc(I)ccc2C(=O)O)n1	AE F145740	5	80.99512365147262	61.87	1.908458872767456	0.6512306343640311	0.24028825842895624	1.9	0.36	0.18	COc1nc(C)nc(NC(=O)NS(=O)(=O)c2cc(I)ccc2C(=O)O)n1	COc1nc(C)nc(NC(=O)NS(=O)(=O)c2cc(I)ccc2C(=O)O)n1	COc1nc(C)nc(NC(=O)NS(=O)(=O)c2cc(I)ccc2C(=O)O)n1	Iodosulfuron-methyl-sodium	https://envipath.org/package/5882df9c-dae1-4d80-a40e-db4724271456/compound/470b7699-7a38-40bb-8f26-584077f0624e/structure/90efbaf4-b804-49c6-a1df-2de00de38ab4	1	0.37735924528226406	0.010331799802966257			0.0	1.9	0.18
459	COC(=O)c1ccccc1S(=O)(=O)NC(=O)Nc1nc(C)nc(OC)n1	Metsulfuron-methyl	44	32.55715315946692	35.8	1.5126464225934662	0.9666630947246991	0.2570149425900366	1.51	0.28	0.04	COC(=O)c1ccccc1S(=O)(=O)NC(=O)Nc1nc(C)nc(OC)n1	COC(=O)c1ccccc1S(=O)(=O)NC(=O)Nc1nc(C)nc(OC)n1	COC(=O)c1ccccc1S(=O)(=O)NC(=O)Nc1nc(C)nc(OC)n1	Iodosulfuron-methyl-sodium	https://envipath.org/package/5882df9c-dae1-4d80-a40e-db4724271456/compound/b0168a17-1fb3-4941-9bf1-c6c123f875c5/structure/541d6040-6352-42de-b0b6-bf34910205e6	1	0.8739456457558086	0.2578367377665945			2.5205764787294127	1.51	0.04
460	COC(=O)c1ccc(O)cc1S(=O)(=O)NC(=O)Nc1nc(C)nc(OC)n1	AE 0002166	4	7.57101782607488	8.365	0.879154268738313	0.3298900148531896	0.12991649542582417	0.87	0.34	0.19	COC(=O)c1ccc(O)cc1S(=O)(=O)NC(=O)Nc1nc(C)nc(OC)n1	COC(=O)c1ccc(O)cc1S(=O)(=O)NC(=O)Nc1nc(C)nc(OC)n1	COC(=O)c1ccc(O)cc1S(=O)(=O)NC(=O)Nc1nc(C)nc(OC)n1	Iodosulfuron-methyl-sodium	https://envipath.org/package/5882df9c-dae1-4d80-a40e-db4724271456/compound/ef335bf5-152b-446b-bbd3-97d99ca4f0d9/structure/a7e912f5-ad9b-47a9-9274-f3df0e5d6361	1	0.37666297933298404	0.15970386431729633			0.0	0.87	0.19
461	COC(=O)c1ccccc1S(=O)(=O)NC(=O)NC(=N)NC(N)=O	BCS-CW81253	5	36.86742903330081	27.31	1.566642852941579	1.0333017063313068	0.3586796891357852	1.55	0.42	0.22	COC(=O)c1ccccc1S(=O)(=O)NC(=O)NC(=N)NC(N)=O	COC(=O)c1ccccc1S(=O)(=O)NC(=O)NC(=N)NC(N)=O	COC(=O)c1ccccc1S(=O)(=O)NC(=O)NC(=N)NC(N)=O	Iodosulfuron-methyl-sodium	https://envipath.org/package/5882df9c-dae1-4d80-a40e-db4724271456/compound/5600e1d7-9631-47e3-92c7-abebb5831e9b/structure/4b21be1e-d4ae-4741-bbb0-05770551342e	3	0.36660605559646714	0.19722300687272165			0.0	1.55	0.22
462	COC(=O)c1ccc(I)cc1S(=O)(=O)NC(=O)[N-]c1nc(C)nc(OC)n1	Iodosulfuron-methyl-sodium	15	3.47799884587856	3.04	0.5413294335526465	1.4722687519252504	0.37740599634114286	0.54	0.4	0.1	COC(=O)c1ccc(I)cc1S(=O)(=O)NC(=O)[N-]c1nc(C)nc(OC)n1	COC(=O)c1ccc(I)cc1S(=O)(=O)NC(=O)[N-]c1nc(C)nc(OC)n1	COC(=O)c1ccc(I)cc1S(=O)(=O)NC(=O)[N-]c1nc(C)nc(OC)n1	Iodosulfuron-methyl-sodium	https://envipath.org/package/5882df9c-dae1-4d80-a40e-db4724271456/compound/e7765ed0-cacb-4872-a24e-d7f2210dbb4c/structure/c3c51d71-fc9b-41f3-8213-25b73aa891ad	0	0.6441531908896619	0.27269259972412496			2.4944382578492936	0.54	0.1
463	COc1nc(C)nc(NC(N)=O)n1	IN-V7160	17	11.604056091692986	9.3	1.0646098194286158	1.2596373105057563	0.3495240549508199	1.07	0.37	0.1	COc1nc(C)nc(NC(N)=O)n1	COc1nc(C)nc(NC(N)=O)n1	COc1nc(C)nc(NC(N)=O)n1	Iodosulfuron-methyl-sodium	https://envipath.org/package/5882df9c-dae1-4d80-a40e-db4724271456/compound/61951402-056f-4a5c-98f0-85ca2ee27c48/structure/75384dfc-d6d8-4e87-b893-6193dab4be39	2	1.0639838305611142	0.2599571486597262			0.0	1.07	0.1
464	CC(C)C1CCC(Cc2ccc(Cl)cc2)C1(O)Cn1cncn1	Ipconazole	6	266.80856647588365	259.5	2.4261997694479582	0.5426057719859885	0.17967667845657562	2.42	0.32	0.14	CC(C)C1CCC(Cc2ccc(Cl)cc2)C1(O)Cn1cncn1	CC(C)C1CCC(Cc2ccc(Cl)cc2)C1(O)Cn1cncn1	CC(C)C1CCC(Cc2ccc(Cl)cc2)C1(O)Cn1cncn1	Ipconazole	https://envipath.org/package/5882df9c-dae1-4d80-a40e-db4724271456/compound/ba3ff8ca-f35c-4733-a2e6-0056f249251f/structure/5f5e2fa6-90e9-445a-8a51-9b475e8cf0c6	0	0.8500000000000001	0.04262764003677626			3.72677996249965	2.42	0.14
465	CC(C)N1C(=O)CN(C(=O)Nc2cc(Cl)cc(Cl)c2)C1=O	RP 30228	4	44.56285999402611	45.6	1.6489730555894906	0.5672181614371536	0.2014653400548804	1.65	0.36	0.21	CC(C)N1C(=O)CN(C(=O)Nc2cc(Cl)cc(Cl)c2)C1=O	CC(C)N1C(=O)CN(C(=O)Nc2cc(Cl)cc(Cl)c2)C1=O	CC(C)N1C(=O)CN(C(=O)Nc2cc(Cl)cc(Cl)c2)C1=O	Iprodione	https://envipath.org/package/5882df9c-dae1-4d80-a40e-db4724271456/compound/b0fc5091-af5b-4975-9838-a1f0d46538c1/structure/f6f50082-d6d8-4376-b068-1e23f51e6b5e	2	0.7778174593052021	0.09779500134942654			0.0	1.65	0.21
466	O=C1CNC(=O)N1C(=O)Nc1cc(Cl)cc(Cl)c1	RP 25040	7	33.82486252966836	22.5	1.5292360402222762	2.036212172654445	0.6630590864914758	1.57	0.77	0.31	O=C1CNC(=O)N1C(=O)Nc1cc(Cl)cc(Cl)c1	O=C1CNC(=O)N1C(=O)Nc1cc(Cl)cc(Cl)c1	O=C1CNC(=O)N1C(=O)Nc1cc(Cl)cc(Cl)c1	Iprodione	https://envipath.org/package/5882df9c-dae1-4d80-a40e-db4724271456/compound/11403f02-13ac-4fc8-aba5-2d4f546a6878/structure/7bcd55e3-6310-4987-b87c-100310b36c74	1	0.7267484195415373	0.10122085558632091			0.0	1.57	0.31
467	O=C1CNC(=O)N1	Hydantoin	3	4.895316919525722	4.7	0.6897808129820346	0.3869446243705743	0.1584635620717452	0.72	0.37	0.26	O=C1CNC(=O)N1	O=C1CNC(=O)N1	O=C1CNC(=O)N1	Iprodione	https://envipath.org/package/5882df9c-dae1-4d80-a40e-db4724271456/compound/f5a3bef6-05f6-4894-aabd-c2756b3c4614/structure/d60b4168-59b6-41ab-876e-e4148001dbf7	-99	0.7483314773547882	0.1598484350720485			0.0	0.72	0.26
468	CC(C)NC(=O)N1CC(=O)N(c2cc(Cl)cc(Cl)c2)C1=O	Iprodione	6	20.388457014672827	17.35	1.309384359894405	1.1601778275194166	0.38942002862375086	1.32	0.44	0.2	CC(C)NC(=O)N1CC(=O)N(c2cc(Cl)cc(Cl)c2)C1=O	CC(C)NC(=O)N1CC(=O)N(c2cc(Cl)cc(Cl)c2)C1=O	CC(C)NC(=O)N1CC(=O)N(c2cc(Cl)cc(Cl)c2)C1=O	Iprodione	https://envipath.org/package/5882df9c-dae1-4d80-a40e-db4724271456/compound/a0260d59-a6f3-4a35-8e71-cb524fdfcea5/structure/3761c01d-54d2-4de5-9338-86ae89ce5ab3	0	0.6894442206105822	0.09273319206213614			2.3570226039551585	1.32	0.2
469	CC(C)NC(=O)NC(=O)Nc1cc(Cl)cc(Cl)c1	RP 36221	7	746.3364519169994	1000.0	2.872934653572429	0.7437634667940771	0.2567354414161179	3.29	0.62	0.39	CC(C)NC(=O)NC(=O)Nc1cc(Cl)cc(Cl)c1	CC(C)NC(=O)NC(=O)Nc1cc(Cl)cc(Cl)c1	CC(C)NC(=O)NC(=O)Nc1cc(Cl)cc(Cl)c1	Iprodione	https://envipath.org/package/5882df9c-dae1-4d80-a40e-db4724271456/compound/08960c65-19c7-4e0a-9887-b6d7b0c63a88/structure/45464756-ea80-49c1-983a-81fcb917c5a3	2	0.6779320295831239	0.10122085558632091			0.0	3.29	0.39
470	CC(C)NC(=O)N(CC(=O)O)C(=O)Nc1cc(Cl)cc(Cl)c1	RP 35606	4	7.764818573682385	6.85	0.8901313128180732	1.0146780154558128	0.4180108055173155	0.91	0.48	0.27	CC(C)NC(=O)N(CC(=O)O)C(=O)Nc1cc(Cl)cc(Cl)c1	CC(C)NC(=O)N(CC(=O)O)C(=O)Nc1cc(Cl)cc(Cl)c1	CC(C)NC(=O)N(CC(=O)O)C(=O)Nc1cc(Cl)cc(Cl)c1	Iprodione	https://envipath.org/package/5882df9c-dae1-4d80-a40e-db4724271456/compound/b32590ac-fe98-4101-992c-2ce4d10fe03f/structure/b05eb0f7-5255-4a2c-9f4a-5dfea3d6bf6a	1	0.7778174593052021	0.09779500134942654			0.0	0.91	0.27
471	Nc1cc(Cl)cc(Cl)c1	RP 32596	7	24.02567274770951	15.5	1.3806755572782459	2.5686362358410126	0.7599968005281013	1.43	0.85	0.34	Nc1cc(Cl)cc(Cl)c1	Nc1cc(Cl)cc(Cl)c1	Nc1cc(Cl)cc(Cl)c1	Iprodione	https://envipath.org/package/5882df9c-dae1-4d80-a40e-db4724271456/compound/d8fa90f0-90f4-454a-ac3c-58faa3794004/structure/514db655-a395-4772-8aaa-7b11d5721fb1	2	0.6207303137828694	0.1988825545803248			2.4743582965269675	1.43	0.34
472	NC(=O)Nc1cc(Cl)cc(Cl)c1	LS720942	3	7.198147671644524	8.0	0.8572207520588339	0.4220736883887569	0.17533689408779884	0.87	0.37	0.25	NC(=O)Nc1cc(Cl)cc(Cl)c1	NC(=O)Nc1cc(Cl)cc(Cl)c1	NC(=O)Nc1cc(Cl)cc(Cl)c1	Iprodione	https://envipath.org/package/5882df9c-dae1-4d80-a40e-db4724271456/compound/c12c6dd4-a9ac-4c39-bc80-526b71d789fa/structure/d3412273-3746-4158-b544-c8ecd21c9e4a	-99	0.7318166133366716	0.20681925323353148			0.0	0.87	0.25
473	CC(C)N1C(=O)CNC1=O	RP 30181	1	8.9	8.9	0.9493900066449128	0.0	0.0	1.01	0.46	0.59	CC(C)N1C(=O)CNC1=O	CC(C)N1C(=O)CNC1=O	CC(C)N1C(=O)CNC1=O	Iprodione	https://envipath.org/package/5882df9c-dae1-4d80-a40e-db4724271456/compound/39c39e10-8895-4a33-93c4-4e27654e4a74/structure/4b03f857-d2f1-4892-bd06-54af1d9ae742	-99	0.0	0.0			0.0	1.01	0.59
474	Cc1ccc(C(C)NC(=O)C(NC(=O)OC(C)C)C(C)C)cc1	Iprovalicarb	4	5.770519593425569	5.7	0.7612149199837878	0.11850462660289007	0.04362411026217965	0.77	0.33	0.18	Cc1ccc(C(C)NC(=O)C(NC(=O)OC(C)C)C(C)C)cc1	Cc1ccc(C(C)NC(=O)C(NC(=O)OC(C)C)C(C)C)cc1	Cc1ccc(C(C)NC(=O)C(NC(=O)OC(C)C)C(C)C)cc1	Iprovalicarb	https://envipath.org/package/5882df9c-dae1-4d80-a40e-db4724271456/compound/b24d6ed2-ca4d-491a-a144-42d74deb7487/structure/077825d3-daa8-4068-b138-c327f96d1058	0	0.6759252917297885	0.133578273504347			0.0	0.77	0.18
475	Cc1cc(OC(C)C)ccc1C(=O)C(C)(C)NC(=O)c1sccc1C	Isofetamid	6	44.07559647499235	40.0	1.6441981983178129	0.6447965490857988	0.19337094573914754	1.64	0.32	0.14	Cc1cc(OC(C)C)ccc1C(=O)C(C)(C)NC(=O)c1sccc1C	Cc1cc(OC(C)C)ccc1C(=O)C(C)(C)NC(=O)c1sccc1C	Cc1cc(OC(C)C)ccc1C(=O)C(C)(C)NC(=O)c1sccc1C	Isofetamid	https://envipath.org/package/5882df9c-dae1-4d80-a40e-db4724271456/compound/76943e7c-26b0-470c-a767-728191fd5c20/structure/90123c0e-a8a6-4b20-a410-13b82e6775be	0	0.5647024782032473	0.21967725163937968			3.72677996249965	1.64	0.14
476	Cc1cc(O)ccc1C(=O)C(C)(C)NC(=O)c1sccc1C	4HP	3	2.238925930649399	2.21	0.3500397262532883	0.17609125905568118	0.07199978319104448	0.34	0.37	0.26	Cc1cc(O)ccc1C(=O)C(C)(C)NC(=O)c1sccc1C	Cc1cc(O)ccc1C(=O)C(C)(C)NC(=O)c1sccc1C	Cc1cc(O)ccc1C(=O)C(C)(C)NC(=O)c1sccc1C	Isofetamid	https://envipath.org/package/5882df9c-dae1-4d80-a40e-db4724271456/compound/9a869ebd-6c2d-4968-9481-09f0f7a08daa/structure/32c79d23-5bd0-4fdf-9587-36618bc180c6	1	0.6236095644623232	0.14185539136484107			0.0	0.34	0.26
477	CC(C(=O)O)c1ccc(NC(=O)N(C)C)cc1	2-{4-[(dimethylcarbamoyl)amino]phenyl}propanoic acid	3	2.6896724816950397	4.7	0.4296993996855388	1.0606978403536118	0.46571646349415347	0.45	0.52	0.37	CC(C(=O)O)c1ccc(NC(=O)N(C)C)cc1	CC(C(=O)O)c1ccc(NC(=O)N(C)C)cc1	CC(C(=O)O)c1ccc(NC(=O)N(C)C)cc1	Isoproturon	https://envipath.org/package/5882df9c-dae1-4d80-a40e-db4724271456/compound/442362e6-3d9e-48d2-9384-12297e8f576b/structure/3eaddcb8-9c3d-4015-be99-285ade2b4c80	2	0.873053390247253	0.2394365876095343			0.0	0.45	0.37
478	CC(CO)c1ccc(NC(=O)N(C)C)cc1	1-OH-isoproturon	4	7.228889445423107	7.9	0.8590715829417631	0.6789000215606849	0.25083571469068106	0.87	0.38	0.22	CC(CO)c1ccc(NC(=O)N(C)C)cc1	CC(CO)c1ccc(NC(=O)N(C)C)cc1	CC(CO)c1ccc(NC(=O)N(C)C)cc1	Isoproturon	https://envipath.org/package/5882df9c-dae1-4d80-a40e-db4724271456/compound/8db0cd2f-fb63-46ea-a66a-9eb2d91350c3/structure/c5914084-f578-49bf-aecc-2764d9b4f454	1	0.4791920283143283	0.17258362762835072			0.0	0.87	0.22
479	CC(C)c1ccc(NC(=O)N(C)C)cc1	Isoproturon	14	11.543791831466521	11.05	1.062348486548662	0.6212584533691695	0.1552468433371652	1.07	0.26	0.07	CC(C)c1ccc(NC(=O)N(C)C)cc1	CC(C)c1ccc(NC(=O)N(C)C)cc1	CC(C)c1ccc(NC(=O)N(C)C)cc1	Isoproturon	https://envipath.org/package/5882df9c-dae1-4d80-a40e-db4724271456/compound/b683b872-db27-4164-a074-b314a410969e/structure/baeaa372-d7d2-497f-9606-0f16aa426014	0	0.7785190021667384	0.22095812682530502			3.4992710611188254	1.07	0.07
480	CN(C)C(=O)Nc1ccc(C(C)(C)O)cc1	RPA 410260	4	4.763110440947759	4.65	0.6778906514964993	0.13262556527459102	0.053583777978703236	0.7	0.33	0.18	CN(C)C(=O)Nc1ccc(C(C)(C)O)cc1	CN(C)C(=O)Nc1ccc(C(C)(C)O)cc1	CN(C)C(=O)Nc1ccc(C(C)(C)O)cc1	Isoproturon	https://envipath.org/package/5882df9c-dae1-4d80-a40e-db4724271456/compound/febbf085-dfb0-4f2a-b71c-dda855d7c614/structure/b495c394-8fec-4d41-88f0-af3d567e803c	1	0.6495190528383292	0.1498612456884395			0.0	0.7	0.18
481	CNC(=O)Nc1ccc(C(C)C)cc1	Desmethyl-isoproturon	12	13.755781605762657	13.265	1.138485272110351	1.254174414804254	0.3380294892063384	1.14	0.37	0.11	CNC(=O)Nc1ccc(C(C)C)cc1	CNC(=O)Nc1ccc(C(C)C)cc1	CNC(=O)Nc1ccc(C(C)C)cc1	Isoproturon	https://envipath.org/package/5882df9c-dae1-4d80-a40e-db4724271456/compound/a3ffa54e-8d0e-4d13-9a62-df6724914843/structure/76898099-625d-4fb1-9b07-3119b06ae0b6	1	0.7614496408532581	0.3587035802476783			0.2357022603955158	1.14	0.11
482	CC(C)c1ccc(NC(N)=O)cc1	[N-(4-isopropylphenyl)-urea, LS730334, didesmethyl-isoproturon	3	31.098199094098646	38.35	1.4927352396332219	0.8909729249966651	0.3693896330534536	1.5	0.47	0.32	CC(C)c1ccc(NC(N)=O)cc1	CC(C)c1ccc(NC(N)=O)cc1	CC(C)c1ccc(NC(N)=O)cc1	Isoproturon	https://envipath.org/package/5882df9c-dae1-4d80-a40e-db4724271456/compound/1b5b63e2-568e-4ef6-b4f0-f7319f08a8d3/structure/12b9cab2-17fb-440c-8e42-536407cdbeea	2	0.6548960901462836	0.11342714354113631			0.0	1.5	0.32
483	CC(C)C1C2CCC1c1c(NC(=O)c3cn(C)nc3C(F)F)cccc12	Isopyrazam	9	202.99457393426619	231.0	2.3074844293324186	1.5152335535904364	0.4213948116246288	2.29	0.45	0.16	CC(C)C1C2CCC1c1c(NC(=O)c3cn(C)nc3C(F)F)cccc12	CC(C)C1C2CCC1c1c(NC(=O)c3cn(C)nc3C(F)F)cccc12	CC(C)C1C2CCC1c1c(NC(=O)c3cn(C)nc3C(F)F)cccc12	Isopyrazam	https://envipath.org/package/5882df9c-dae1-4d80-a40e-db4724271456/compound/ef462cb0-a979-4e65-b39a-af332fca6599/structure/0181261c-39e7-47bb-84c3-9f387737202f	0	0.6482645398139922	0.16724601344973797			0.0	2.29	0.16
484	Cn1cc(C(=O)Nc2cccc3c2C2CCC3C2C(C)(C)O)c(C(F)F)n1	CSCD459488 (syn)	6	194.0365949235932	199.0	2.2878836447477315	1.2092596223083358	0.43989632012852703	2.28	0.48	0.21	Cn1cc(C(=O)Nc2cccc3c2C2CCC3C2C(C)(C)O)c(C(F)F)n1	Cn1cc(C(=O)Nc2cccc3c2C2CCC3C2C(C)(C)O)c(C(F)F)n1	Cn1cc(C(=O)Nc2cccc3c2C2CCC3C2C(C)(C)O)c(C(F)F)n1	Isopyrazam	https://envipath.org/package/5882df9c-dae1-4d80-a40e-db4724271456/compound/5765d397-fa2e-41b8-abe6-f9ec3bd4a4ea/structure/7d9f9ef3-eca9-45ab-832c-74369eb16d30	1	0.5374838498865702	0.04813565046494369			0.0	2.28	0.21
485	CCC(C)(O)c1cc(NC(=O)c2c(OC)cccc2OC)on1	Hydroxyisoxaben	3	235.54273231619064	220.0	2.372069708601133	0.2632414347745815	0.10949344862483301	2.34	0.37	0.26	CCC(C)(O)c1cc(NC(=O)c2c(OC)cccc2OC)on1	CCC(C)(O)c1cc(NC(=O)c2c(OC)cccc2OC)on1	CCC(C)(O)c1cc(NC(=O)c2c(OC)cccc2OC)on1	Isoxaben	https://envipath.org/package/5882df9c-dae1-4d80-a40e-db4724271456/compound/a9f00553-4b3a-4b8a-ade0-2d86bf10604c/structure/ff426526-97a0-423c-afb6-3e9c035f5f82	1	0.3559026084010437	0.13331160146891216			0.0	2.34	0.26
486	CCC(C)(CC)c1cc(NC(=O)c2c(OC)cccc2OC)on1	Isoxaben	6	304.3989602030077	243.5	2.483443164593715	0.7567531056824133	0.2934261928443529	2.48	0.37	0.17	CCC(C)(CC)c1cc(NC(=O)c2c(OC)cccc2OC)on1	CCC(C)(CC)c1cc(NC(=O)c2c(OC)cccc2OC)on1	CCC(C)(CC)c1cc(NC(=O)c2c(OC)cccc2OC)on1	Isoxaben	https://envipath.org/package/5882df9c-dae1-4d80-a40e-db4724271456/compound/2fd7909c-fad3-4af8-a626-d1b365520bbd/structure/f75ef628-ef9b-48a9-b055-8f14a005c9f0	0	0.8434387285919998	0.1299793703451121			3.72677996249965	2.48	0.17
487	CS(=O)(=O)c1cc(C(F)(F)F)ccc1C(=O)O	Benzoic acid (RPA 203328)	10	150.87722623348387	207.0	2.178623691282933	2.4559319556497243	0.9012668944863613	2.45	1.23	0.45	CS(=O)(=O)c1cc(C(F)(F)F)ccc1C(=O)O	CS(=O)(=O)c1cc(C(F)(F)F)ccc1C(=O)O	CS(=O)(=O)c1cc(C(F)(F)F)ccc1C(=O)O	Isoxaflutole	https://envipath.org/package/5882df9c-dae1-4d80-a40e-db4724271456/compound/1e6d82e2-2b5f-4e1a-b4f1-e54a4ba39521/structure/51a45501-e0a5-4abc-b9f9-1e2ec79e028a	2	1.4226735395022991				4.0	2.45	0.45
488	CS(=O)(=O)c1cc(C(F)(F)F)ccc1C(=O)c1cnoc1C1CC1	Isoxaflutole	15	1.6210990137584707	2.4	0.20980954157010315	1.348953547981164	0.5072559466929208	0.21	0.52	0.14	CS(=O)(=O)c1cc(C(F)(F)F)ccc1C(=O)c1cnoc1C1CC1	CS(=O)(=O)c1cc(C(F)(F)F)ccc1C(=O)c1cnoc1C1CC1	CS(=O)(=O)c1cc(C(F)(F)F)ccc1C(=O)c1cnoc1C1CC1	Isoxaflutole	https://envipath.org/package/5882df9c-dae1-4d80-a40e-db4724271456/compound/69016607-6d09-4dfb-89e8-a128d934013b/structure/4f48b325-50bf-4dd5-9342-7831b8b98100	0	1.4478489792332163	0.38207419573967655			4.0	0.21	0.14
489	CS(=O)(=O)c1cc(C(F)(F)F)ccc1C(=O)C(C#N)C(=O)C1CC1	Diketonitrile (RPA 202248)	16	30.33759333656561	41.7	1.4819811254913895	0.8580279240929198	0.28119395699083405	1.48	0.32	0.08	CS(=O)(=O)c1cc(C(F)(F)F)ccc1C(=O)C(C#N)C(=O)C1CC1	CS(=O)(=O)c1cc(C(F)(F)F)ccc1C(=O)C(C#N)C(=O)C1CC1	CS(=O)(=O)c1cc(C(F)(F)F)ccc1C(=O)C(C#N)C(=O)C1CC1	Isoxaflutole	https://envipath.org/package/5882df9c-dae1-4d80-a40e-db4724271456/compound/5f49aa62-dbfb-40a0-8c55-ad8b04bd778c/structure/61809e38-a13b-4b55-806a-0cf868b600f4	1	1.4025506898148101	0.4845572701158171			3.9031237489989987	1.48	0.08
490	CON=C(C(=O)OC)c1ccccc1COc1ccccc1C	Kresoxim-methyl	12	16.914549657560954	23.5	1.228260439378516	3.149712329601547	1.0066742779268143	1.24	0.99	0.31	CON=C(C(=O)OC)c1ccccc1COc1ccccc1C	CON=C(C(=O)OC)c1ccccc1COc1ccccc1C	CON=C(C(=O)OC)c1ccccc1COc1ccccc1C	Kresoxim-methyl	https://envipath.org/package/5882df9c-dae1-4d80-a40e-db4724271456/compound/3ed7efd6-e457-48ec-8646-8810de54ddb6/structure/677c37fa-ac7e-45a0-881d-be663f5fa685	0	0.6020220557052338	0.24649604558726684			4.08248290463863	1.24	0.31
491	CON=C(C(=O)O)c1ccccc1COc1ccccc1C	BF 490-1	9	49.67948916585362	48.0	1.69617712151652	0.42783084360329204	0.13880889957698275	1.69	0.28	0.1	CON=C(C(=O)O)c1ccccc1COc1ccccc1C	CON=C(C(=O)O)c1ccccc1COc1ccccc1C	CON=C(C(=O)O)c1ccccc1COc1ccccc1C	Kresoxim-methyl	https://envipath.org/package/5882df9c-dae1-4d80-a40e-db4724271456/compound/e6c4e94e-6eca-4b12-8fb7-71267713a3d3/structure/024d70fe-52b7-4b0d-9a7b-eb956eb39444	1	0.8743251365736	0.24649604558726687			0.0	1.69	0.1
492	CC1(C)C(C=C(Cl)C(F)(F)F)C1C(=O)OC(C#N)c1cccc(Oc2ccc(O)cc2)c1	R211133	7	9.489569846836497	7.59	0.9772465267182042	0.9286114365162428	0.32196027990660353	0.98	0.39	0.16	CC1(C)C(C=C(Cl)C(F)(F)F)C1C(=O)OC(C#N)c1cccc(Oc2ccc(O)cc2)c1	CC1(C)C(C=C(Cl)C(F)(F)F)C1C(=O)OC(C#N)c1cccc(Oc2ccc(O)cc2)c1	CC1(C)C(C=C(Cl)C(F)(F)F)C1C(=O)OC(C#N)c1cccc(Oc2ccc(O)cc2)c1	Lambda-Cythalothrin	https://envipath.org/package/5882df9c-dae1-4d80-a40e-db4724271456/compound/ad08d910-a39a-4e1d-a2fd-74d105fdce16/structure/dbdd0a85-1b28-4836-a2b9-91da48f21043	1	0.5879747322073335	0.14425834258631548			0.0	0.98	0.16
493	CC1(C)C(C=C(Cl)C(F)(F)F)C1C(=O)OC(C(N)=O)c1cccc(Oc2ccccc2)c1	Cyhalothrin amide	3	3.811048179628824	3.4	0.5810444391984793	0.52680903890877	0.21790593782480217	0.59	0.38	0.26	CC1(C)C(C=C(Cl)C(F)(F)F)C1C(=O)OC(C(N)=O)c1cccc(Oc2ccccc2)c1	CC1(C)C(C=C(Cl)C(F)(F)F)C1C(=O)OC(C(N)=O)c1cccc(Oc2ccccc2)c1	CC1(C)C(C=C(Cl)C(F)(F)F)C1C(=O)OC(C(N)=O)c1cccc(Oc2ccccc2)c1	Lambda-Cythalothrin	https://envipath.org/package/5882df9c-dae1-4d80-a40e-db4724271456/compound/c6e725d8-fc90-45fc-b962-50ba569391f0/structure/a1245dd5-fc2d-417f-866f-668628d52d0b	1	0.7408703590297622	0.0903025994372589			0.0	0.59	0.26
494	O=c1[nH]c2c(c(=O)n1C1CCCCC1)CCC2	Lenacil	8	31.2487283936042	20.0	1.4948323492680269	1.1259246495899509	0.41311444204284387	1.5	0.46	0.17	O=c1[nH]c2c(c(=O)n1C1CCCCC1)CCC2	O=c1[nH]c2c(c(=O)n1C1CCCCC1)CCC2	O=c1[nH]c2c(c(=O)n1C1CCCCC1)CCC2	Lenacil	https://envipath.org/package/5882df9c-dae1-4d80-a40e-db4724271456/compound/78f9b066-06a6-4cf4-9731-cb9b0af4ba12/structure/76358758-ea26-498f-849b-9318343c5806	0	0.3870965641800505	0.17184851302386936			2.4206145913796355	1.5	0.17
495	O=C1CCc2[nH]c(=O)n(C3CCCCC3)c(=O)c21	M20.5 (IN-KF313)	4	129.77136500140227	250.0	2.1131788727892435	1.430124692043439	0.5802300716844798	2.09	0.6	0.34	O=C1CCc2[nH]c(=O)n(C3CCCCC3)c(=O)c21	O=C1CCc2[nH]c(=O)n(C3CCCCC3)c(=O)c21	O=C1CCc2[nH]c(=O)n(C3CCCCC3)c(=O)c21	Lenacil	https://envipath.org/package/5882df9c-dae1-4d80-a40e-db4724271456/compound/b259224f-7c0b-4a86-824f-6845cab8f858/structure/a6408942-a0e2-483d-814d-96e4b62f11fc	2	0.3561951712193752	0.22039844638149542			2.165063509461097	2.09	0.34
496	CON(C)C(=O)Nc1ccc(Cl)c(Cl)c1	Linuron	23	53.60126467241911	57.4	1.7291750365915308	0.8018372988003981	0.20270539974088425	1.73	0.26	0.06	CON(C)C(=O)Nc1ccc(Cl)c(Cl)c1	CON(C)C(=O)Nc1ccc(Cl)c(Cl)c1	CON(C)C(=O)Nc1ccc(Cl)c(Cl)c1	Linuron	https://envipath.org/package/5882df9c-dae1-4d80-a40e-db4724271456/compound/d1971ac0-a0f8-4ee9-9b32-760b1d13c7cb/structure/2e2eaa70-539b-4b70-9d31-2036f7246b0a	0	0.707030585991448	0.23365454627900234			1.8951734537133365	1.73	0.06
497	NC(=O)c1c(F)cccc1F	CGA 149772	3	3.72867900714463	4.0	0.5715549976208455	0.2498774732165998	0.10426761685228245	0.59	0.37	0.23	NC(=O)c1c(F)cccc1F	NC(=O)c1c(F)cccc1F	NC(=O)c1c(F)cccc1F	Lufenuron (CGA 184699)	https://envipath.org/package/5882df9c-dae1-4d80-a40e-db4724271456/compound/74ae9afd-c0b6-45fd-8a8c-bc1e63caff9e/structure/0926769b-2ebb-4827-a1a1-f8fdf0177b3e	1	1.0964589468932353	0.14467523666437315			0.0	0.59	0.23
498	NC(=O)Nc1cc(Cl)c(OC(F)(F)C(F)C(F)(F)F)cc1Cl	CGA 238277	4	29.65418493347964	36.5	1.472085991638387	0.47815406015743034	0.19384359651551117	1.47	0.35	0.21	NC(=O)Nc1cc(Cl)c(OC(F)(F)C(F)C(F)(F)F)cc1Cl	NC(=O)Nc1cc(Cl)c(OC(F)(F)C(F)C(F)(F)F)cc1Cl	NC(=O)Nc1cc(Cl)c(OC(F)(F)C(F)C(F)(F)F)cc1Cl	Lufenuron (CGA 184699)	https://envipath.org/package/5882df9c-dae1-4d80-a40e-db4724271456/compound/f4b6bb95-9f6f-41d3-99cc-48b551973cb2/structure/b5eecd8f-bb6a-4d1b-b9c4-7f1556224cd7	1	0.928372231381357	0.10379346862382335			0.0	1.47	0.21
499	O=C(NC(=O)c1c(F)cccc1F)Nc1cc(Cl)c(OC(F)(F)C(F)C(F)(F)F)cc1Cl	Lufenuron (CGA 184699)	11	24.241551714533422	23.7	1.3845604158032632	0.8056576714772743	0.2251032392208643	1.38	0.3	0.1	O=C(NC(=O)c1c(F)cccc1F)Nc1cc(Cl)c(OC(F)(F)C(F)C(F)(F)F)cc1Cl	O=C(NC(=O)c1c(F)cccc1F)Nc1cc(Cl)c(OC(F)(F)C(F)C(F)(F)F)cc1Cl	O=C(NC(=O)c1c(F)cccc1F)Nc1cc(Cl)c(OC(F)(F)C(F)C(F)(F)F)cc1Cl	Lufenuron (CGA 184699)	https://envipath.org/package/5882df9c-dae1-4d80-a40e-db4724271456/compound/813d60d6-1357-4716-8b39-215dc394f900/structure/0538aa36-7e9c-48e0-aff3-9eb794989d4f	0	0.6328474285075314	0.07416679832726612			3.85694607919935	1.38	0.1
500	Nc1cc(Cl)c(OC(F)(F)C(F)C(F)(F)F)cc1Cl	CGA 224443	4	75.35961527415971	105.0	1.8771386726306811	0.6774303264799093	0.27951045038868116	1.87	0.4	0.22	Nc1cc(Cl)c(OC(F)(F)C(F)C(F)(F)F)cc1Cl	Nc1cc(Cl)c(OC(F)(F)C(F)C(F)(F)F)cc1Cl	Nc1cc(Cl)c(OC(F)(F)C(F)C(F)(F)F)cc1Cl	Lufenuron (CGA 184699)	https://envipath.org/package/5882df9c-dae1-4d80-a40e-db4724271456/compound/cb1e1c05-1456-4ac9-8c1d-7c6484f4e8b6/structure/9b9af7e3-af84-4836-b0af-c5f00af03864	2	0.928372231381357	0.10379346862382335			0.0	1.87	0.22
501	CCOC(=O)CC(SP(=S)(OC)OC)C(=O)OCC	Malathion	6	0.31387874539870525	0.225	-0.5032380919730544	1.1674910872937636	0.4080858211957246	-0.5	0.46	0.21	CCOC(=O)CC(SP(=S)(OC)OC)C(=O)OCC	CCOC(=O)CC(SP(=S)(OC)OC)C(=O)OCC	CCOC(=O)CC(SP(=S)(OC)OC)C(=O)OCC	Malathion	https://envipath.org/package/5882df9c-dae1-4d80-a40e-db4724271456/compound/214c5180-d6be-483b-8c66-47ce8f5abeb1/structure/101bcf23-7d50-4bf8-80c4-e9e3e6f85a57	0	0.6890008869531462	0.23948671951774508			1.863389981249825	-0.5	0.21
502	COP(=S)(OC)SC(CC(=O)O)C(=O)O	Malathion dicarboxylic acid (MDCA)	4	3.40558615687467	4.6	0.5321918718398687	0.6450946235531643	0.26283767328734664	0.52	0.39	0.22	COP(=S)(OC)SC(CC(=O)O)C(=O)O	COP(=S)(OC)SC(CC(=O)O)C(=O)O	COP(=S)(OC)SC(CC(=O)O)C(=O)O	Malathion	https://envipath.org/package/5882df9c-dae1-4d80-a40e-db4724271456/compound/3d351cc4-5948-4447-9d69-7089d84d1c3b/structure/7b6f826a-3411-44df-a6d6-7685e1fa750f	2	0.8104782538723665	0.2653129199003692			0.0	0.52	0.22
503	CCOC(=O)CC(SP(=S)(OC)OC)C(=O)O	Malathion monocarboxylic acid (MMCA)	4	0.3170844182786918	0.41500000000000004	-0.4988250989437362	0.7781512503836436	0.3400646007149871	-0.48	0.43	0.25	CCOC(=O)CC(SP(=S)(OC)OC)C(=O)O	CCOC(=O)CC(SP(=S)(OC)OC)C(=O)O	CCOC(=O)CC(SP(=S)(OC)OC)C(=O)O	Malathion	https://envipath.org/package/5882df9c-dae1-4d80-a40e-db4724271456/compound/1e54fd07-6e4d-44b8-a3b1-2bdbcf726e9f/structure/2b19f559-42e6-407e-b054-f06a02422af4	1	0.8104782538723664	0.2653129199003692			0.0	-0.48	0.25
504	O=C(O)C=CC(=O)O	Maleic acid	3	0.38811715737923963	0.36	-0.4110371581091854	0.316269962220718	0.13116578736469983	-0.39	0.36	0.25	O=C(O)C=CC(=O)O	O=C(O)C=CC(=O)O	O=C(O)C=CC(=O)O	Maleic hydrazide	https://envipath.org/package/5882df9c-dae1-4d80-a40e-db4724271456/compound/0f8f656c-a700-42bf-ae71-2b8bb706be18/structure/90daa86e-91b6-476c-9356-36ef88b336e3	1	0.7542472332656506	0.11580072316495017			0.0	-0.39	0.25
505	O=c1ccc(O)n[nH]1	Maleic hydrazide	9	1.2239060356987177	1.5	0.08774807651541776	1.2900346113625178	0.3920626263274752	0.09	0.43	0.16	O=c1ccc(O)n[nH]1	O=c1ccc(O)n[nH]1	O=c1ccc(O)n[nH]1	Maleic hydrazide	https://envipath.org/package/5882df9c-dae1-4d80-a40e-db4724271456/compound/ddf3bbf4-13aa-44eb-9a0c-e9c067b16012/structure/9c36592b-1ff2-4e13-8eac-9b31018f83c3	0	1.2341838908943878	0.2738910532595201			0.3142696805273545	0.09	0.16
506	CNC(=O)C(OC)c1ccccc1COc1cc(C)ccc1C	S-2167	26	87.07322446916463	75.7	1.9398846274184613	0.908781290979255	0.2472360950570266	1.94	0.28	0.06	CNC(=O)C(OC)c1ccccc1COc1cc(C)ccc1C	CNC(=O)C(OC)c1ccccc1COc1cc(C)ccc1C	CNC(=O)C(OC)c1ccccc1COc1cc(C)ccc1C	Mandestrobin	https://envipath.org/package/5882df9c-dae1-4d80-a40e-db4724271456/compound/1d7032d1-f686-40a5-b8e5-6fa245c8d17f/structure/c8f270f4-53b1-48e5-ba36-3d78d77a20f3	-99	0.829700166845774	0.16413164959638304			0.0	1.94	0.06
507	CNC(=O)C(OC)c1ccccc1COc1cc(C(=O)O)ccc1C	5-COOH-S-2200	8	27.789678357057433	27.6	1.4438835202007803	0.3117538610557542	0.11594734002371719	1.44	0.28	0.11	CNC(=O)C(OC)c1ccccc1COc1cc(C(=O)O)ccc1C	CNC(=O)C(OC)c1ccccc1COc1cc(C(=O)O)ccc1C	CNC(=O)C(OC)c1ccccc1COc1cc(C(=O)O)ccc1C	Mandestrobin	https://envipath.org/package/5882df9c-dae1-4d80-a40e-db4724271456/compound/a47f6ce9-0ca0-4a48-8e56-a9bd274d1776/structure/a04318a4-87fc-40c9-aad0-2e1bc90d1d33	1	0.7507288125548399	0.13225165370830344			0.0	1.44	0.11
508	CNC(=O)C(OC)c1ccccc1COc1cc(C)ccc1C(=O)O	2-COOH-S-2200	8	22.65387143249592	23.25	1.3551424314303269	0.2851305851605641	0.09742421712810577	1.35	0.28	0.11	CNC(=O)C(OC)c1ccccc1COc1cc(C)ccc1C(=O)O	CNC(=O)C(OC)c1ccccc1COc1cc(C)ccc1C(=O)O	CNC(=O)C(OC)c1ccccc1COc1cc(C)ccc1C(=O)O	Mandestrobin	https://envipath.org/package/5882df9c-dae1-4d80-a40e-db4724271456/compound/34b64ed3-21ae-4ed9-aca1-ea53918bbaaa/structure/0dfb2e56-2aa3-4f3a-8f4a-f081638df5ed	1	0.75072881255484	0.13225165370830347			0.0	1.35	0.11
509	C#CCOc1ccc(CCNC(=O)C(OCC#C)c2ccc(Cl)cc2)cc1O	SYN521195	3	0.3014888947136503	0.31	-0.520728680384218	0.11650556907143717	0.04832542303813603	-0.5	0.36	0.24	C#CCOc1ccc(CCNC(=O)C(OCC#C)c2ccc(Cl)cc2)cc1O	C#CCOc1ccc(CCNC(=O)C(OCC#C)c2ccc(Cl)cc2)cc1O	C#CCOc1ccc(CCNC(=O)C(OCC#C)c2ccc(Cl)cc2)cc1O	Mandipropamid	https://envipath.org/package/5882df9c-dae1-4d80-a40e-db4724271456/compound/de333013-b7be-418d-a28e-6caffb474ff4/structure/dbadaebb-883f-473d-baf7-5e237332a7e9	1	0.664997911442	0.019626326553021687			0.0	-0.5	0.24
510	C#CCOC(C(=O)NCCc1ccc(OCC=C)c(OC)c1)c1ccc(Cl)cc1	SYN 536638	3	20.94201692107518	18.0	1.3210185061638047	0.31598370856964064	0.13712118365869227	1.33	0.36	0.25	C#CCOC(C(=O)NCCc1ccc(OCC=C)c(OC)c1)c1ccc(Cl)cc1	C#CCOC(C(=O)NCCc1ccc(OCC=C)c(OC)c1)c1ccc(Cl)cc1	C#CCOC(C(=O)NCCc1ccc(OCC=C)c(OC)c1)c1ccc(Cl)cc1	Mandipropamid	https://envipath.org/package/5882df9c-dae1-4d80-a40e-db4724271456/compound/fcfdb834-58a5-46d6-919b-8652a01d961d/structure/bbc92cd9-5437-4453-9084-614828185439	1	0.6164414002968976	0.06603149595198471			0.0	1.33	0.25
511	C#CCOc1ccc(CCNC(=O)C(O)c2ccc(Cl)cc2)cc1OC	CGA 380778	3	7.129494445525193	3.5	0.8530587349987042	1.032384772977292	0.474735726518371	0.85	0.53	0.35	C#CCOc1ccc(CCNC(=O)C(O)c2ccc(Cl)cc2)cc1OC	C#CCOc1ccc(CCNC(=O)C(O)c2ccc(Cl)cc2)cc1OC	C#CCOc1ccc(CCNC(=O)C(O)c2ccc(Cl)cc2)cc1OC	Mandipropamid	https://envipath.org/package/5882df9c-dae1-4d80-a40e-db4724271456/compound/eca8f3fa-bb78-49fa-bc19-4c5c0007a59b/structure/c9582406-2e19-4683-9c23-422e6b9c9fa3	1	0.8576453553512403	0.13469772915015327			0.0	0.85	0.35
512	C#CCOc1ccc(CCNC(=O)C(OCC#C)c2ccc(Cl)cc2)cc1OC	Mandipropamid	23	52.62515037904543	59.4	1.7211933498640821	1.1010265792028884	0.30028074686582223	1.72	0.32	0.07	C#CCOc1ccc(CCNC(=O)C(OCC#C)c2ccc(Cl)cc2)cc1OC	C#CCOc1ccc(CCNC(=O)C(OCC#C)c2ccc(Cl)cc2)cc1OC	C#CCOc1ccc(CCNC(=O)C(OCC#C)c2ccc(Cl)cc2)cc1OC	Mandipropamid	https://envipath.org/package/5882df9c-dae1-4d80-a40e-db4724271456/compound/980bbc5e-f73d-45bd-95a4-0de274a673e6/structure/d12bae1e-005b-45aa-ab24-2d4be630c420	0	0.8058153475152453	0.12227179197607074			2.619459915313439	1.72	0.07
513	C#CCOC(C(=O)O)c1ccc(Cl)cc1	SYN 500003	3	1.9309787692112594	1.5	0.2857774988104228	0.5228787452803376	0.22711795607882704	0.3	0.4	0.27	C#CCOC(C(=O)O)c1ccc(Cl)cc1	C#CCOC(C(=O)O)c1ccc(Cl)cc1	C#CCOC(C(=O)O)c1ccc(Cl)cc1	Mandipropamid	https://envipath.org/package/5882df9c-dae1-4d80-a40e-db4724271456/compound/6297644a-fd7b-46c7-95f4-5472cba01c05/structure/e28ffcdb-5bf1-48b3-b372-162d198b845e	2	0.664997911442	0.019626326553021687			0.0	0.3	0.27
514	C[N+]1(C)CCCCC1	Mepiquat	7	20.44739827506667	20.0	1.310638056271769	1.1409268419924303	0.3618223139186353	1.32	0.42	0.17	C[N+]1(C)CCCCC1	C[N+]1(C)CCCCC1	C[N+]1(C)CCCCC1	Mepiquat	https://envipath.org/package/5882df9c-dae1-4d80-a40e-db4724271456/compound/f6ac95fc-aa04-4305-9c36-b141273154ad/structure/b5c94b44-8ed8-4fd7-8191-61494e487f99	0	0.6755194524306793	0.1436865918329664			4.164965639175215	1.32	0.17
515	CC=CC(=O)Oc1c(C(C)CCCCCC)cc([N+](=O)[O-])cc1[N+](=O)[O-]	Meptyldinocap (2,4-DNOPC)	6	12.638568182755444	14.35	1.101697875722434	0.9736710612776509	0.3196399950641245	1.1	0.39	0.18	CC=CC(=O)Oc1c(C(C)CCCCCC)cc([N+](=O)[O-])cc1[N+](=O)[O-]	CC=CC(=O)Oc1c(C(C)CCCCCC)cc([N+](=O)[O-])cc1[N+](=O)[O-]	CC=CC(=O)Oc1c(C(C)CCCCCC)cc([N+](=O)[O-])cc1[N+](=O)[O-]	Meptyldinocap (2,4-DNOPC)	https://envipath.org/package/5882df9c-dae1-4d80-a40e-db4724271456/compound/2f9df718-72df-4f55-8c6b-757e85cb91f6/structure/51bf0391-ac09-46ff-aa68-a6cb3f6b2ae7	0	0.776745346515403	0.13778921836464025			3.72677996249965	1.1	0.18
516	CCCCCCC(C)c1cc([N+](=O)[O-])cc([N+](=O)[O-])c1O	2,4-DNOP	4	5.039323657871445	3.85	0.70237225244459	1.218257398526806	0.46183962223695324	0.72	0.5	0.3	CCCCCCC(C)c1cc([N+](=O)[O-])cc([N+](=O)[O-])c1O	CCCCCCC(C)c1cc([N+](=O)[O-])cc([N+](=O)[O-])c1O	CCCCCCC(C)c1cc([N+](=O)[O-])cc([N+](=O)[O-])c1O	Meptyldinocap (2,4-DNOPC)	https://envipath.org/package/5882df9c-dae1-4d80-a40e-db4724271456/compound/9ca92cf8-0794-4aca-84d1-83b530e38922/structure/e4fc1796-2881-4bdf-9776-e42e586e135d	1	0.9836157786453003	0.26930142147936553			4.330127018922194	0.72	0.3
517	COC(=O)c1ccc(CNS(C)(=O)=O)cc1S(=O)(=O)NC(=O)Nc1nc(OC)cc(OC)n1	Mesosulfuron	9	42.40765232495278	44.7	1.6274442307115446	1.3083767268306907	0.4336877727484685	1.63	0.47	0.16	COC(=O)c1ccc(CNS(C)(=O)=O)cc1S(=O)(=O)NC(=O)Nc1nc(OC)cc(OC)n1	COC(=O)c1ccc(CNS(C)(=O)=O)cc1S(=O)(=O)NC(=O)Nc1nc(OC)cc(OC)n1	COC(=O)c1ccc(CNS(C)(=O)=O)cc1S(=O)(=O)NC(=O)Nc1nc(OC)cc(OC)n1	Mesosulfuron	https://envipath.org/package/5882df9c-dae1-4d80-a40e-db4724271456/compound/659aef4b-3df7-4cfc-8197-876cfe42a094/structure/f176a644-ad34-4baa-9b21-7bab9bb6908e	0	0.8472176684759222	0.25469099896904607			0.0	1.63	0.16
518	CS(=O)(=O)NCc1ccc2c(c1)S(=O)(=O)NC2=O	Benzisothiazole (AE F147447)	4	52.04982848069831	57.85	1.7164193027224628	0.35649164116462373	0.1365087659296372	1.7	0.34	0.19	CS(=O)(=O)NCc1ccc2c(c1)S(=O)(=O)NC2=O	CS(=O)(=O)NCc1ccc2c(c1)S(=O)(=O)NC2=O	CS(=O)(=O)NCc1ccc2c(c1)S(=O)(=O)NC2=O	Mesosulfuron	https://envipath.org/package/5882df9c-dae1-4d80-a40e-db4724271456/compound/3482836b-67ba-48c7-a84e-e7dc247fd569/structure/46df6589-c637-4cb3-b3c0-f8811c3aa019	3	0.4493050188902857	0.15970386431729633			0.0	1.7	0.19
519	COC(=O)c1ccc(CNS(C)(=O)=O)cc1S(N)(=O)=O	Ester Sulfonamide (AE F140584)	4	3.1254633049571034	3.2	0.49491440435922035	0.7051303130408373	0.26137613222511674	0.5	0.39	0.22	COC(=O)c1ccc(CNS(C)(=O)=O)cc1S(N)(=O)=O	COC(=O)c1ccc(CNS(C)(=O)=O)cc1S(N)(=O)=O	COC(=O)c1ccc(CNS(C)(=O)=O)cc1S(N)(=O)=O	Mesosulfuron	https://envipath.org/package/5882df9c-dae1-4d80-a40e-db4724271456/compound/2e9666fc-d306-4488-bdde-2dd6517e9e78/structure/82a75600-0dd9-44fa-b7e3-f3c8a86001b3	2	0.6123724356957948	0.14930255091066238			0.0	0.5	0.22
520	COC(=O)c1ccc(CNS(C)(=O)=O)cc1S(=O)(=O)NC(=O)Nc1nc(O)cc(OC)n1	O-desmethyl Mesosulfuron (AE F160459)	5	87.90639541666911	93.2	1.9440204722652565	0.5448493141780044	0.19824470770792063	1.94	0.35	0.17	COC(=O)c1ccc(CNS(C)(=O)=O)cc1S(=O)(=O)NC(=O)Nc1nc(O)cc(OC)n1	COC(=O)c1ccc(CNS(C)(=O)=O)cc1S(=O)(=O)NC(=O)Nc1nc(O)cc(OC)n1	COC(=O)c1ccc(CNS(C)(=O)=O)cc1S(=O)(=O)NC(=O)Nc1nc(O)cc(OC)n1	Mesosulfuron	https://envipath.org/package/5882df9c-dae1-4d80-a40e-db4724271456/compound/9b2b3c73-c45c-4b73-bae7-e6e7e94c61e7/structure/4e77d3ca-7e8e-4028-a2f4-0c5c78bc7ca3	1	0.23151673805580456	0.27265816808425347			0.0	1.94	0.17
521	COc1cc(O)nc(NC(=O)NS(=O)(=O)c2cc(CNS(C)(=O)=O)ccc2C(=O)O)n1	O-desmethyl Mesosulfuron acid (AE F160460)	2	28.10446227914706	28.43	1.448775280380308	0.13207602923795503	0.06603801461897751	1.41	0.4	0.36	COc1cc(O)nc(NC(=O)NS(=O)(=O)c2cc(CNS(C)(=O)=O)ccc2C(=O)O)n1	COc1cc(O)nc(NC(=O)NS(=O)(=O)c2cc(CNS(C)(=O)=O)ccc2C(=O)O)n1	COc1cc(O)nc(NC(=O)NS(=O)(=O)c2cc(CNS(C)(=O)=O)ccc2C(=O)O)n1	Mesosulfuron	https://envipath.org/package/5882df9c-dae1-4d80-a40e-db4724271456/compound/1e64215d-3d98-4675-ad40-727afdcf60f9/structure/c557fbad-5a68-47cf-ab93-23e406981b8d	2	0.10000000000000009	0.2760848058504515			0.0	1.41	0.36
522	COc1cc(OC)nc(NC(=O)NS(=O)(=O)c2cc(CNS(C)(=O)=O)ccc2C(=O)O)n1	Mesosulfuron acid (AE F154851)	8	52.765419804241226	54.620000000000005	1.7223493977573054	0.9010530912156773	0.2470884250622443	1.72	0.33	0.13	COc1cc(OC)nc(NC(=O)NS(=O)(=O)c2cc(CNS(C)(=O)=O)ccc2C(=O)O)n1	COc1cc(OC)nc(NC(=O)NS(=O)(=O)c2cc(CNS(C)(=O)=O)ccc2C(=O)O)n1	COc1cc(OC)nc(NC(=O)NS(=O)(=O)c2cc(CNS(C)(=O)=O)ccc2C(=O)O)n1	Mesosulfuron	https://envipath.org/package/5882df9c-dae1-4d80-a40e-db4724271456/compound/030d4535-b561-4b58-a8ea-a2fbe44dd4b6/structure/3865d414-17f0-4a23-9d56-5027a1545262	1	0.8826230438301506	0.2593790540126103			0.0	1.72	0.13
523	CS(=O)(=O)NCc1ccc(C(=O)O)c(S(=O)(=O)NC(=O)NC(=N)N)c1	Mesosulfuron-methyl-des-methyl-guanidine (BCS-CV14885)	4	98.15810903469944	115.39999999999999	1.9919261833405268	0.3838818277575755	0.15543202341956003	1.99	0.35	0.19	CS(=O)(=O)NCc1ccc(C(=O)O)c(S(=O)(=O)NC(=O)NC(=N)N)c1	CS(=O)(=O)NCc1ccc(C(=O)O)c(S(=O)(=O)NC(=O)NC(=N)N)c1	CS(=O)(=O)NCc1ccc(C(=O)O)c(S(=O)(=O)NC(=O)NC(=N)N)c1	Mesosulfuron	https://envipath.org/package/5882df9c-dae1-4d80-a40e-db4724271456/compound/0150d1a2-7d0d-46da-8b0d-94e0fc5f6267/structure/02fa5b8a-8373-4f17-83d1-5dc59f0931fe	-99	0.5018714974971185	0.12624547215114432			0.0	1.99	0.19
524	CS(=O)(=O)c1ccc(C(=O)C2C(=O)CCCC2=O)c([N+](=O)[O-])c1	Mesotrione	19	11.717047641860356	12.4	1.0688181957799476	0.9555105234259604	0.23102869141098123	1.07	0.28	0.07	CS(=O)(=O)c1ccc(C(=O)C2C(=O)CCCC2=O)c([N+](=O)[O-])c1	CS(=O)(=O)c1ccc(C(=O)C2C(=O)CCCC2=O)c([N+](=O)[O-])c1	CS(=O)(=O)c1ccc(C(=O)C2C(=O)CCCC2=O)c([N+](=O)[O-])c1	Mesotrione	https://envipath.org/package/5882df9c-dae1-4d80-a40e-db4724271456/compound/90539c5d-2948-433f-b439-c2f83c22544d/structure/c88bf2d6-b958-488c-8a04-85a87d3cc36e	0	0.7595376928929912	0.23002007000389796			2.038412287477588	1.07	0.07
525	CS(=O)(=O)c1ccc(C(=O)O)c([N+](=O)[O-])c1	MNBA	11	4.60468953836714	5.0	0.6632003541160886	3.3010299956639813	0.862050299931348	0.71	0.93	0.3	CS(=O)(=O)c1ccc(C(=O)O)c([N+](=O)[O-])c1	CS(=O)(=O)c1ccc(C(=O)O)c([N+](=O)[O-])c1	CS(=O)(=O)c1ccc(C(=O)O)c([N+](=O)[O-])c1	Mesotrione	https://envipath.org/package/5882df9c-dae1-4d80-a40e-db4724271456/compound/d996b60c-8ebb-455c-b403-396059be2f41/structure/6025d3fc-8d78-4c16-bc94-d00834e62fb6	1	0.7227129787037015	0.18803428545215475			2.2268088570756164	0.71	0.3
526	CS(=O)(=O)c1ccc(C(=O)O)c(N)c1	AMBA	5	3.0188003179001486	2.91	0.47983438705351744	1.5537553117534073	0.5141567544648505	0.49	0.55	0.28	CS(=O)(=O)c1ccc(C(=O)O)c(N)c1	CS(=O)(=O)c1ccc(C(=O)O)c(N)c1	CS(=O)(=O)c1ccc(C(=O)O)c(N)c1	Mesotrione	https://envipath.org/package/5882df9c-dae1-4d80-a40e-db4724271456/compound/dadbd26a-49d7-4127-80b5-37f15567b9b5/structure/7fd2f889-fcf1-422b-af56-d84dab00c77b	2	0.9620810776644555	0.0			2.0	0.49	0.28
527	N#Cc1ccc(CC(=NNC(=O)Nc2ccc(OC(F)(F)F)cc2)c2cccc(C(F)(F)F)c2)cc1	Metaflumizone	5	255.531804692425	209.0	2.407444962172463	0.3568274231571258	0.13909811132104158	2.4	0.32	0.16	N#Cc1ccc(CC(=NNC(=O)Nc2ccc(OC(F)(F)F)cc2)c2cccc(C(F)(F)F)c2)cc1	N#Cc1ccc(CC(=NNC(=O)Nc2ccc(OC(F)(F)F)cc2)c2cccc(C(F)(F)F)c2)cc1	N#Cc1ccc(CC(=NNC(=O)Nc2ccc(OC(F)(F)F)cc2)c2cccc(C(F)(F)F)c2)cc1	Metaflumizone	https://envipath.org/package/5882df9c-dae1-4d80-a40e-db4724271456/compound/9623d477-91a1-4b83-90ed-7747a7a44fba/structure/b22d546c-5943-4229-ba37-c0504b1e3263	0	0.7277362159464101	0.1770211565213928			0.0	2.4	0.16
528	COCC(=O)N(c1c(C)cccc1C(=O)O)C(C)C(=O)O	SYN546520	3	96.82820020392707	74.9	1.986001859471072	0.8349595690424136	0.3498732249176634	1.98	0.44	0.29	COCC(=O)N(c1c(C)cccc1C(=O)O)C(C)C(=O)O	COCC(=O)N(c1c(C)cccc1C(=O)O)C(C)C(=O)O	COCC(=O)N(c1c(C)cccc1C(=O)O)C(C)C(=O)O	Metalaxyl-M	https://envipath.org/package/5882df9c-dae1-4d80-a40e-db4724271456/compound/123fae74-557a-49aa-8c80-4857e3d09d14/structure/f62ca6f5-6344-45ef-8cbd-506f0992c88c	2	0.8730533902472528	0.14555725807131417			0.0	1.98	0.29
529	COCC(=O)N(c1c(C)cccc1C)C(C)C(=O)OC	CGA35190	30	11.697250587474654	10.95	1.0680837937968302	1.4875186163677356	0.40779058848367006	1.07	0.41	0.08	COCC(=O)N(c1c(C)cccc1C)C(C)C(=O)OC	COCC(=O)N(c1c(C)cccc1C)C(C)C(=O)OC	COCC(=O)N(c1c(C)cccc1C)C(C)C(=O)OC	Metalaxyl-M	https://envipath.org/package/5882df9c-dae1-4d80-a40e-db4724271456/compound/da5c7860-2c06-43af-94bd-b5db4bd9e056/structure/e7e959a6-4541-4e25-948d-1fecce805313	0	0.7755726199969214	0.16520257722701953			2.362907813126304	1.07	0.08
530	COCC(=O)N(c1c(C)cccc1C)C(C)C(=O)O	NOA409045	27	28.043088834933666	52.4	1.4478258477427675	1.8664610916297826	0.5770103565668308	1.45	0.58	0.12	COCC(=O)N(c1c(C)cccc1C)C(C)C(=O)O	COCC(=O)N(c1c(C)cccc1C)C(C)C(=O)O	COCC(=O)N(c1c(C)cccc1C)C(C)C(=O)O	Metalaxyl-M	https://envipath.org/package/5882df9c-dae1-4d80-a40e-db4724271456/compound/3adb6645-5430-4d0f-a2da-9572fe8b1c28/structure/c6d8bc7d-d545-4d3c-8e4a-868feb449f36	1	0.8514849451381874	0.17484928027787794			2.6963369960298214	1.45	0.12
531	COCC(=O)Nc1c(C)cccc1C	CGA67868	5	3.137280938535582	2.6	0.4965534108216503	0.6471383660631504	0.23911423081948494	0.52	0.35	0.18	COCC(=O)Nc1c(C)cccc1C	COCC(=O)Nc1c(C)cccc1C	COCC(=O)Nc1c(C)cccc1C	Metalaxyl-M	https://envipath.org/package/5882df9c-dae1-4d80-a40e-db4724271456/compound/21645075-ccec-4c12-a07f-a04d725d30cd/structure/df710986-fa71-4498-be3d-bd0347bff044	2	0.6681317235396028	0.1625264158503111			0.0	0.52	0.18
532	CC1OC(C)OC(C)OC(C)O1	Metaldehyde	8	13.675028579259541	10.745000000000001	1.1359282426326527	1.2801664989213282	0.3712154554791714	1.13	0.41	0.16	CC1OC(C)OC(C)OC(C)O1	CC1OC(C)OC(C)OC(C)O1	CC1OC(C)OC(C)OC(C)O1	Metaldehyde	https://envipath.org/package/5882df9c-dae1-4d80-a40e-db4724271456/compound/7e707403-adae-456e-9c8b-dc8fb7accf24/structure/6133410f-9cd6-47c6-9cb6-6784c5dca709	0	0.38721562145657296	0.2681631720733907			1.653594569415369	1.13	0.16
533	CNC(=S)[S-]	Metam (sodium)	5	0.0074217865934561745	0.0076	-2.1294915375400323	0.7447274948966938	0.25806535687829146	-2.21	0.43	0.83	CNC(=S)[S-]	CNC(=S)[S-]	CNC(=S)[S-]	Metam (sodium)	https://envipath.org/package/5882df9c-dae1-4d80-a40e-db4724271456/compound/545cfa8a-d26d-4cd1-80ff-d3c07eb467f0/structure/e4f1ee53-edf3-4acb-801e-1bb0361ee79f	0	0.945727233402951	0.15658153436491615			4.0	-2.21	0.83
534	CNC(=S)NC	N,N-dimethylthiourea	4	0.2274743170821291	0.235	-0.6430676301240268	0.3679767852945944	0.15665782681333618	-0.63	0.36	0.2	CNC(=S)NC	CNC(=S)NC	CNC(=S)NC	Metam (sodium)	https://envipath.org/package/5882df9c-dae1-4d80-a40e-db4724271456/compound/441249ed-5281-4d7e-a44a-04032fcb2557/structure/d0b033d6-52d9-464d-96b3-15b7f84d3184	0	0.6279878581628786	0.1865632912367199			0.0	-0.63	0.2
535	Cc1nnc(-c2ccccc2)c(=O)n1N	Metamitron	28	21.003084773019193	24.35	1.3222830852821519	1.1631262818913135	0.27879175278510476	1.32	0.3	0.06	Cc1nnc(-c2ccccc2)c(=O)n1N	Cc1nnc(-c2ccccc2)c(=O)n1N	Cc1nnc(-c2ccccc2)c(=O)n1N	Metamitron	https://envipath.org/package/5882df9c-dae1-4d80-a40e-db4724271456/compound/fb458484-fb61-488d-a7ce-e3b6e11136c8/structure/76d3c5c6-df4f-42a7-a075-ad8db608f400	0	0.6050501750150266	0.13420445778571413			1.345343442988383	1.32	0.06
536	Cc1nnc(-c2ccccc2)c(=O)[nH]1	Desamino-metamitron	9	34.52228332690806	37.2	1.5380995125206367	0.35199207983516767	0.1148948676824377	1.54	0.28	0.1	Cc1nnc(-c2ccccc2)c(=O)[nH]1	Cc1nnc(-c2ccccc2)c(=O)[nH]1	Cc1nnc(-c2ccccc2)c(=O)[nH]1	Metamitron	https://envipath.org/package/5882df9c-dae1-4d80-a40e-db4724271456/compound/f95b2859-1812-49f4-8e03-9c3e964dd5a5/structure/538a8e70-414a-48d9-9a1c-b8459969f223	1	0.42105100714436483	0.14943911051645845			0.0	1.54	0.1
538	Cc1cccc(C)c1N(Cn1cccn1)C(=O)CS(C)=O	BH479-11	4	37.38247167725285	38.8	1.5726680129418003	0.11172459450198402	0.044604039342661106	1.57	0.33	0.18	Cc1cccc(C)c1N(Cn1cccn1)C(=O)CS(C)=O	Cc1cccc(C)c1N(Cn1cccn1)C(=O)CS(C)=O	Cc1cccc(C)c1N(Cn1cccn1)C(=O)CS(C)=O	Metazachlor	https://envipath.org/package/5882df9c-dae1-4d80-a40e-db4724271456/compound/c64414c7-617d-49c8-88fc-f0bb0b4c40d3/structure/772cbdd0-25db-4719-8aeb-7b145417d488	3	0.6015604707757983	0.20899704790324514			0.0	1.57	0.18
539	Cc1cccc(C)c1N(Cn1cccn1)C(=O)CS(=O)CC(=O)O	BH479-9	3	20.12504983077306	19.0	1.3037369643791845	0.549671921868274	0.22509691506646715	1.29	0.39	0.27	Cc1cccc(C)c1N(Cn1cccn1)C(=O)CS(=O)CC(=O)O	Cc1cccc(C)c1N(Cn1cccn1)C(=O)CS(=O)CC(=O)O	Cc1cccc(C)c1N(Cn1cccn1)C(=O)CS(=O)CC(=O)O	Metazachlor	https://envipath.org/package/5882df9c-dae1-4d80-a40e-db4724271456/compound/3510e245-8239-4b9c-bb95-b9a2f05c890a/structure/807b58cc-7ff1-4575-9aae-625492648f4f	2	0.6548960901462831	0.1374761749359732			0.0	1.29	0.27
540	Cc1cccc(C)c1N(Cn1cccn1)C(=O)C(=O)O	Metazachlor acid (BH479-4)	16	170.16588218867332	187.5	2.230872489576436	1.093421685162235	0.35850144363587094	2.23	0.38	0.1	Cc1cccc(C)c1N(Cn1cccn1)C(=O)C(=O)O	Cc1cccc(C)c1N(Cn1cccn1)C(=O)C(=O)O	Cc1cccc(C)c1N(Cn1cccn1)C(=O)C(=O)O	Metazachlor	https://envipath.org/package/5882df9c-dae1-4d80-a40e-db4724271456/compound/9656a5dc-d09c-4534-b000-745065f36cc9/structure/b60d35cd-6517-43d7-baa7-c47e650132b7	4	0.6556247020971677	0.21050159345953917			5.0	2.23	0.1
541	Cc1cccc(C(=O)O)c1N(Cn1cccn1)C(=O)C(=O)O	BH479-12	3	109.28907918824119	140.0	2.038576766842259	0.3709211659413758	0.16945222415575664	2.05	0.38	0.26	Cc1cccc(C(=O)O)c1N(Cn1cccn1)C(=O)C(=O)O	Cc1cccc(C(=O)O)c1N(Cn1cccn1)C(=O)C(=O)O	Cc1cccc(C(=O)O)c1N(Cn1cccn1)C(=O)C(=O)O	Metazachlor	https://envipath.org/package/5882df9c-dae1-4d80-a40e-db4724271456/compound/e36376bd-4493-409e-806d-d799b85d1d86/structure/dffc92bb-1b2c-47bf-969e-ee86667efb70	3	0.6548960901462831	0.1374761749359732			0.0	2.05	0.26
542	Cc1cccc(C)c1N(Cn1cccn1)C(=O)CCl	Metazachlor	49	15.26392405995245	13.6	1.183666196692721	1.5460648041063512	0.3019787723870506	1.18	0.31	0.04	Cc1cccc(C)c1N(Cn1cccn1)C(=O)CCl	Cc1cccc(C)c1N(Cn1cccn1)C(=O)CCl	Cc1cccc(C)c1N(Cn1cccn1)C(=O)CCl	Metazachlor	https://envipath.org/package/5882df9c-dae1-4d80-a40e-db4724271456/compound/d480bab6-3641-4087-a8f7-7ccb917d3191/structure/033d2659-35be-4e23-ac7a-0cb94107c802	0	0.5735601642148602	0.14071721980030022			5.675983145945105	1.18	0.04
543	Cc1cccc(C)c1N(Cn1cccn1)C(=O)CS(=O)(=O)O	BH479-8 Sulfonic acid derivative	3	712.3968456387177	375.0	2.8527219878199372	0.94185852832402	0.43206925366451115	2.77	0.48	0.36	Cc1cccc(C)c1N(Cn1cccn1)C(=O)CS(=O)(=O)O	Cc1cccc(C)c1N(Cn1cccn1)C(=O)CS(=O)(=O)O	Cc1cccc(C)c1N(Cn1cccn1)C(=O)CS(=O)(=O)O	Metazachlor	https://envipath.org/package/5882df9c-dae1-4d80-a40e-db4724271456/compound/a5dbba8c-86ee-45f2-a1fe-76021500036e/structure/f59d41ad-f884-4cb5-98dd-5291f07b27b2	3	0.8339997335464533	0.19466924240245784			0.0	2.77	0.36
544	CC1(C)CCC(Cc2ccc(Cl)cc2)C1(O)Cn1cncn1	Metconazole	7	252.18381862036665	253.0	2.4017172166171625	0.8524218979265292	0.2742961219884572	2.39	0.35	0.14	CC1(C)CCC(Cc2ccc(Cl)cc2)C1(O)Cn1cncn1	CC1(C)CCC(Cc2ccc(Cl)cc2)C1(O)Cn1cncn1	CC1(C)CCC(Cc2ccc(Cl)cc2)C1(O)Cn1cncn1	Metconazole	https://envipath.org/package/5882df9c-dae1-4d80-a40e-db4724271456/compound/b1720f31-2ba8-4b10-8136-49b498936345/structure/f57e1e56-b1a5-4382-9096-e25dc946424c	0	0.8566665343179972	0.17132538644994785			4.140393356054125	2.39	0.14
545	Cc1cc(O)cc(C)c1S(C)=O	methiocarb sulphoxide phenol (M04)	4	3.2566330568318995	3.45	0.5127688269189372	0.42021640338318994	0.1521223663664209	0.54	0.35	0.2	Cc1cc(O)cc(C)c1S(C)=O	Cc1cc(O)cc(C)c1S(C)=O	Cc1cc(O)cc(C)c1S(C)=O	Methiocarb	https://envipath.org/package/5882df9c-dae1-4d80-a40e-db4724271456/compound/dc20e2f8-4fe0-4d0a-903c-863db19c0a87/structure/8e8f5d55-d3fa-44b2-b824-cea7e5d0757c	2	0.5448623679425841	0.11738483791297585			0.0	0.54	0.2
546	CNC(=O)Oc1cc(C)c(S(C)=O)c(C)c1	Methiocarb sulphoxide (M01)	5	4.5477872444398	4.4	0.6578001392331422	0.9748569646372447	0.3245197935513368	0.66	0.39	0.2	CNC(=O)Oc1cc(C)c(S(C)=O)c(C)c1	CNC(=O)Oc1cc(C)c(S(C)=O)c(C)c1	CNC(=O)Oc1cc(C)c(S(C)=O)c(C)c1	Methiocarb	https://envipath.org/package/5882df9c-dae1-4d80-a40e-db4724271456/compound/be4fcbcb-8a13-4500-9f24-b26813508724/structure/c8fc2b2d-d04f-4f24-8250-ef23cc1f5c88	1	0.4923413450036467	0.110033392782454			1.5999999999999999	0.66	0.2
547	COc1cc(C)c(S(C)(=O)=O)c(C)c1	methiocarb methoxy sulfone (M10)	3	14.186062168712885	16.7	1.1518618587600655	0.6070423918469022	0.2528377588457877	1.17	0.4	0.28	COc1cc(C)c(S(C)(=O)=O)c(C)c1	COc1cc(C)c(S(C)(=O)=O)c(C)c1	COc1cc(C)c(S(C)(=O)=O)c(C)c1	Methiocarb	https://envipath.org/package/5882df9c-dae1-4d80-a40e-db4724271456/compound/4a9cdfcc-db54-47e9-b1ef-54361d1b9500/structure/981c27d8-5a20-412e-a353-ce0d33c4bbc3	4	0.5436502143433363	0.08301021559063289			0.0	1.17	0.28
548	CNC(=O)Oc1cc(C)c(SC)c(C)c1	Methiocarb	5	1.8252119791994728	1.4	0.2613133104639566	1.1802078252505135	0.3997919772300385	0.27	0.45	0.22	CNC(=O)Oc1cc(C)c(SC)c(C)c1	CNC(=O)Oc1cc(C)c(SC)c(C)c1	CNC(=O)Oc1cc(C)c(SC)c(C)c1	Methiocarb	https://envipath.org/package/5882df9c-dae1-4d80-a40e-db4724271456/compound/52d4c743-92ac-4586-840b-792b049142f3/structure/6df547c4-bbd0-4a8c-80ce-1f4256642cd8	0	0.49234134500364674	0.110033392782454			1.5999999999999999	0.27	0.22
549	Cc1cc(O)cc(C)c1S(C)(=O)=O	methiocarb sulfone phenol (M05)	3	10.207536401298247	8.6	1.0089209373439718	0.25410817603620006	0.11632360353810328	1.0	0.37	0.25	Cc1cc(O)cc(C)c1S(C)(=O)=O	Cc1cc(O)cc(C)c1S(C)(=O)=O	Cc1cc(O)cc(C)c1S(C)(=O)=O	Methiocarb	https://envipath.org/package/5882df9c-dae1-4d80-a40e-db4724271456/compound/54214f0c-d01d-49b5-9417-b23d8c4745d6/structure/81f91bce-02e5-419a-9282-c7dbaacbbdf3	3	0.5436502143433363	0.08301021559063289			0.0	1.0	0.25
550	CSC(C)=NO	Methomyl oxime	3	0.7611662611020245	0.7	-0.11852047017738718	0.10914446942506807	0.05145119630631562	-0.09	0.35	0.23	CSC(C)=NO	CSC(C)=NO	CSC(C)=NO	Methomyl	https://envipath.org/package/5882df9c-dae1-4d80-a40e-db4724271456/compound/3d669062-6a82-4048-9a24-ec163c26a9f0/structure/4967d9ab-7f0e-4f0a-bb1d-63742ef3d39f	2	1.1025223605694152	0.15594319151103034			0.0	-0.09	0.23
551	CSC(C)=NOC(=O)N(C)SN(C)C(=O)ON=C(C)SC	Thiodicarb	10	0.8945517181203904	1.2	-0.04839454582326668	1.4423591484604503	0.4881499642016555	-0.05	0.51	0.17	CSC(C)=NOC(=O)N(C)SN(C)C(=O)ON=C(C)SC	CSC(C)=NOC(=O)N(C)SN(C)C(=O)ON=C(C)SC	CSC(C)=NOC(=O)N(C)SN(C)C(=O)ON=C(C)SC	Methomyl	https://envipath.org/package/5882df9c-dae1-4d80-a40e-db4724271456/compound/297f05dd-3a6a-4e61-b64f-ef5bdb481644/structure/9f04f35b-f540-4411-b2e1-9d7617f57bd7	0	0.7709734106958552	0.44529087523958255			4.898979485566356	-0.05	0.17
552	CNC(=O)ON=C(C)SC	Methomyl	20	9.70880357935345	8.95	0.987165714882389	0.8893017025063102	0.30518208917710393	0.99	0.33	0.07	CNC(=O)ON=C(C)SC	CNC(=O)ON=C(C)SC	CNC(=O)ON=C(C)SC	Methomyl	https://envipath.org/package/5882df9c-dae1-4d80-a40e-db4724271456/compound/ec9280f9-846f-4c10-a9b7-6c56f892d0ff/structure/9e211299-0ed2-45ba-afe9-122ba90ef599	1	0.9644169222903546	0.43806784296173534			4.898979485566356	0.99	0.07
553	CBr	Methyl bromide	2	0.4802915781064665	0.8089999999999999	-0.3184950286305701	0.9656957688300145	0.48284788441500726	-0.22	0.57	0.48	CBr	CBr	CBr	Methyl bromide	https://envipath.org/package/5882df9c-dae1-4d80-a40e-db4724271456/compound/b99b3d14-2c05-4a99-94ff-0df66a642d19/structure/861a3669-95b5-4576-8100-7c1aa115f0fb	0	0.1499999999999999	0.029657000607991035			0.0	-0.22	0.48
554	CON(C)C(=O)Nc1ccc(Br)cc1	Metobromuron	8	31.45253458363707	30.2	1.4976556485518582	0.40855465880310615	0.13229168556763857	1.5	0.28	0.11	CON(C)C(=O)Nc1ccc(Br)cc1	CON(C)C(=O)Nc1ccc(Br)cc1	CON(C)C(=O)Nc1ccc(Br)cc1	Metobromuron	https://envipath.org/package/5882df9c-dae1-4d80-a40e-db4724271456/compound/5a6b6738-7cb0-4766-a205-575adfe4d7e0/structure/8cdb8014-4d43-48ca-ba2c-390d0d091d9a	0	0.5011985634456667	0.13126293106270115			4.635124054434789	1.5	0.11
555	CNC(=O)Nc1ccc(Br)cc1	Desmethoxy-metobromuron	6	50.03939382343991	49.45	1.6993120400155939	0.30403550580370653	0.10323530095511851	1.7	0.3	0.14	CNC(=O)Nc1ccc(Br)cc1	CNC(=O)Nc1ccc(Br)cc1	CNC(=O)Nc1ccc(Br)cc1	Metobromuron	https://envipath.org/package/5882df9c-dae1-4d80-a40e-db4724271456/compound/be99ad94-1a49-447f-82ae-4303b35f9a5b/structure/7d272623-1f5a-464b-a081-e2f6d9996ca4	1	0.1111555466702204	0.11177572417710468			0.0	1.7	0.14
556	COc1cc(OC)n2nc(S(=O)(=O)Nc3c(Cl)ccc(C)c3Cl)nc2n1	Metosulam	4	9.711800617920792	9.149999999999999	0.9872997578100918	0.7798712307779175	0.2769435845814853	0.99	0.4	0.22	COc1cc(OC)n2nc(S(=O)(=O)Nc3c(Cl)ccc(C)c3Cl)nc2n1	COc1cc(OC)n2nc(S(=O)(=O)Nc3c(Cl)ccc(C)c3Cl)nc2n1	COc1cc(OC)n2nc(S(=O)(=O)Nc3c(Cl)ccc(C)c3Cl)nc2n1	Metosulam	https://envipath.org/package/5882df9c-dae1-4d80-a40e-db4724271456/compound/33327220-c8db-48f7-b49b-ede7980e8207/structure/d1e1b17d-ae5e-4ae9-8d29-5223d62c1499	0	0.9038113741262607	0.18972000095491318			0.0	0.99	0.22
557	COc1cc(O)n2nc(S(=O)(=O)Nc3c(Cl)ccc(C)c3Cl)nc2n1	7-OH-metosulam (M2)	4	2.032290777917903	2.25	0.30798584643202936	0.3174204118521506	0.13311217735959013	0.31	0.34	0.2	COc1cc(O)n2nc(S(=O)(=O)Nc3c(Cl)ccc(C)c3Cl)nc2n1	COc1cc(O)n2nc(S(=O)(=O)Nc3c(Cl)ccc(C)c3Cl)nc2n1	COc1cc(O)n2nc(S(=O)(=O)Nc3c(Cl)ccc(C)c3Cl)nc2n1	Metosulam	https://envipath.org/package/5882df9c-dae1-4d80-a40e-db4724271456/compound/fcecb196-a8e2-4c45-b072-d4df0d11099f/structure/833732bf-baa7-425f-81aa-1e55e0649a14	1	0.840758586040012				0.0	0.31	0.2
558	Cc1ccc(Cl)c(NS(=O)(=O)c2n[nH]c(N)n2)c1Cl	ATSA (M1)	4	37.08911631259296	54.85	1.5692464859267077	1.0976434122511385	0.4237355137296508	1.56	0.48	0.28	Cc1ccc(Cl)c(NS(=O)(=O)c2n[nH]c(N)n2)c1Cl	Cc1ccc(Cl)c(NS(=O)(=O)c2n[nH]c(N)n2)c1Cl	Cc1ccc(Cl)c(NS(=O)(=O)c2n[nH]c(N)n2)c1Cl	Metosulam	https://envipath.org/package/5882df9c-dae1-4d80-a40e-db4724271456/compound/cde448bf-2060-4246-b8af-8e2cfbbdded1/structure/c3313469-f61c-4a08-97e4-8a18caa2a67a	2	0.840758586040012				0.0	1.56	0.28
559	COc1cc(C)c(C(=O)c2c(OC)ccc(Br)c2C)c(OC)c1OC	Metrafenone	6	309.6882252183971	273.5	2.490924693184071	0.5806618466267319	0.18004777476167247	2.48	0.32	0.14	COc1cc(C)c(C(=O)c2c(OC)ccc(Br)c2C)c(OC)c1OC	COc1cc(C)c(C(=O)c2c(OC)ccc(Br)c2C)c(OC)c1OC	COc1cc(C)c(C(=O)c2c(OC)ccc(Br)c2C)c(OC)c1OC	Metrafenone	https://envipath.org/package/5882df9c-dae1-4d80-a40e-db4724271456/compound/c94d3342-21f3-4ea2-8719-5997750b33ed/structure/5e45e73c-d749-44b0-96a6-4216f89f0305	0	0.5367080729368205	0.15750090193739066			3.72677996249965	2.48	0.14
560	CC(C)(C)c1n[nH]c(=O)[nH]c1=O	M03 (desamino-diketo-metribuzin)	8	19.962308526529267	19.95	1.3002107635224656	0.6126674394875941	0.17422111262054063	1.3	0.3	0.11	CC(C)(C)c1n[nH]c(=O)[nH]c1=O	CC(C)(C)c1n[nH]c(=O)[nH]c1=O	CC(C)(C)c1n[nH]c(=O)[nH]c1=O	Metribuzin	https://envipath.org/package/5882df9c-dae1-4d80-a40e-db4724271456/compound/f6723fb1-6da3-4211-9a5c-05eca5a31d86/structure/b7c532cf-7b99-4378-8a10-e17f9e4d0bec	2	0.7139999428342743	0.0			0.0	1.3	0.11
561	Cn1c(=O)[nH]nc(C(C)(C)C)c1=O	M17 (4-methyl-DADK-metribuzin)	7	53.031449721275834	45.5	1.7245334995934738	0.4784724760899508	0.16131856444197198	1.73	0.3	0.12	Cn1c(=O)[nH]nc(C(C)(C)C)c1=O	Cn1c(=O)[nH]nc(C(C)(C)C)c1=O	Cn1c(=O)[nH]nc(C(C)(C)C)c1=O	Metribuzin	https://envipath.org/package/5882df9c-dae1-4d80-a40e-db4724271456/compound/f1bd6220-e63c-479e-a906-5d7c1cb0838a/structure/3f5b00ce-7df9-43c1-95c4-48bb648310cf	3	0.9387355803398093	0.13368871167325846			0.0	1.73	0.12
562	CSc1nc(=O)c(C(C)(C)C)n[nH]1	M01 (desamino-metribuzin)	9	6.247355381902797	5.2	0.7956962115662282	1.2474822606770544	0.4144492240880917	0.8	0.44	0.16	CSc1nc(=O)c(C(C)(C)C)n[nH]1	CSc1nc(=O)c(C(C)(C)C)n[nH]1	CSc1nc(=O)c(C(C)(C)C)n[nH]1	Metribuzin	https://envipath.org/package/5882df9c-dae1-4d80-a40e-db4724271456/compound/426f1313-f39e-454a-8acb-8765e68d42b4/structure/594fbd94-428f-4e8c-b4d9-983bc28b91d6	1	0.7448783457719791	0.127531283929939			0.0	0.8	0.16
563	CC(C)(C)c1n[nH]c(=O)n(N)c1=O	M02 (diketo-metribuzin)	9	9.031835308517827	7.1	0.9557760098232412	0.6514856944748378	0.2292895502761868	0.96	0.31	0.11	CC(C)(C)c1n[nH]c(=O)n(N)c1=O	CC(C)(C)c1n[nH]c(=O)n(N)c1=O	CC(C)(C)c1n[nH]c(=O)n(N)c1=O	Metribuzin	https://envipath.org/package/5882df9c-dae1-4d80-a40e-db4724271456/compound/072ae60c-3e85-4c6b-8177-96d48f0fb542/structure/d7959bbb-cec2-46d4-b273-a30d70c3105e	2	0.7448783457719791	0.127531283929939			0.0	0.96	0.11
564	CSc1nnc(C(C)(C)C)c(=O)n1N	Metribuzin	9	11.679864412451755	9.7	1.0674378012296508	0.7249057384304185	0.23302050329382298	1.07	0.32	0.11	CSc1nnc(C(C)(C)C)c(=O)n1N	CSc1nnc(C(C)(C)C)c(=O)n1N	CSc1nnc(C(C)(C)C)c(=O)n1N	Metribuzin	https://envipath.org/package/5882df9c-dae1-4d80-a40e-db4724271456/compound/e2ac0dcc-0d34-4df3-a342-7abe1a6b56a3/structure/f7fda0b4-e62d-46ff-88de-7be7fd6ae365	0	0.5688530126491376	0.0			0.0	1.07	0.11
565	CC(C)(C)c1nncn(N)c1=O	U1 (Desmethylthio-metribuzin)	4	0.23097005189660716	0.25	-0.6364443280698623	0.37238590419964945	0.14028791789021763	-0.6	0.34	0.2	CC(C)(C)c1nncn(N)c1=O	CC(C)(C)c1nncn(N)c1=O	CC(C)(C)c1nncn(N)c1=O	Metribuzin	https://envipath.org/package/5882df9c-dae1-4d80-a40e-db4724271456/compound/89e4f209-0276-4751-8085-d248949d0851/structure/41d1d027-0fdb-47aa-8d0b-2f01921da46f	1	0.6819090848492929	0.13252187594494774			0.0	-0.6	0.2
566	COC(=O)c1ccccc1S(=O)(=O)NC(=O)NC(=O)NC(=O)NC(C)=O	IN-MU717	5	0.7387279587886922	1.0	-0.13151546383555876	0.6575773191777937	0.26303092767111746	-1.41	0.45	0.9	COC(=O)c1ccccc1S(=O)(=O)NC(=O)NC(=O)NC(=O)NC(C)=O	COC(=O)c1ccccc1S(=O)(=O)NC(=O)NC(=O)NC(=O)NC(C)=O	COC(=O)c1ccccc1S(=O)(=O)NC(=O)NC(=O)NC(=O)NC(C)=O	Metsulfuron-methyl	https://envipath.org/package/5882df9c-dae1-4d80-a40e-db4724271456/compound/d13091fd-bc84-446e-9a73-5927183fb2eb/structure/2a3219fc-dc9e-4147-8e26-969496ca9a4a	1	1.1359577456930343	0.19454862955253216			0.0	-1.41	0.9
567	O=C1NS(=O)(=O)c2ccccc21	Saccharin (IN-00581)	26	22.71522843813019	16.05	1.3563171087016261	1.89835945989891	0.6021428751246577	1.36	0.61	0.12	O=C1NS(=O)(=O)c2ccccc21	O=C1NS(=O)(=O)c2ccccc21	O=C1NS(=O)(=O)c2ccccc21	Metsulfuron-methyl	https://envipath.org/package/5882df9c-dae1-4d80-a40e-db4724271456/compound/9952c600-5afe-46d2-a88a-65b05736c39e/structure/77936305-0f79-43ea-94dd-641f046ec7e4	2	0.9387018135033917	0.19183516539763457			0.0	1.36	0.12
568	NC(=O)NS(=O)(=O)c1ccccc1C(=O)O	Phenylurea (IN-B5685)	12	15.296330618876473	14.75	1.1845872619875886	0.9542425094393249	0.3387164137377463	1.18	0.38	0.11	NC(=O)NS(=O)(=O)c1ccccc1C(=O)O	NC(=O)NS(=O)(=O)c1ccccc1C(=O)O	NC(=O)NS(=O)(=O)c1ccccc1C(=O)O	Metsulfuron-methyl	https://envipath.org/package/5882df9c-dae1-4d80-a40e-db4724271456/compound/605d8825-8644-41d7-8ac0-ac4acd3f565f/structure/23796453-29e5-41f6-b6bb-fea1444bdbc2	1	0.9028888820521234	0.2103654362835336			0.0	1.18	0.11
569	COc1nc(C)nc(NC(=O)NS(=O)(=O)c2ccccc2C(=O)O)n1	Metsulfuron acid (IN F5438)	33	30.653858350201638	35.2	1.4864851462195598	1.406798151621762	0.3160293055437021	1.48	0.33	0.06	COc1nc(C)nc(NC(=O)NS(=O)(=O)c2ccccc2C(=O)O)n1	COc1nc(C)nc(NC(=O)NS(=O)(=O)c2ccccc2C(=O)O)n1	COc1nc(C)nc(NC(=O)NS(=O)(=O)c2ccccc2C(=O)O)n1	Metsulfuron-methyl	https://envipath.org/package/5882df9c-dae1-4d80-a40e-db4724271456/compound/2e734102-8c55-441e-93eb-1cbfa280edf4/structure/558c4f60-50c8-45d6-b3ba-1bed28b43494	1	0.8854916715921933	0.20914870290492862			0.0	1.48	0.06
570	Cc1nc(N)nc(O)n1	O-desmethyl triazine amine (IN-B5528)	14	12.99170452742075	12.55	1.1136661347750298	1.4289197820091633	0.3385933014636662	1.12	0.37	0.1	Cc1nc(N)nc(O)n1	Cc1nc(N)nc(O)n1	Cc1nc(N)nc(O)n1	Metsulfuron-methyl	https://envipath.org/package/5882df9c-dae1-4d80-a40e-db4724271456/compound/d06dd934-15d6-4690-a379-903b3398a530/structure/424e7175-23c1-45fb-b117-9a956577ac7f	2	1.0890702362987599	0.22276189768744953			0.0	1.12	0.1
571	COC(=O)c1ccccc1S(=O)(=O)NC(=O)NC(N)=NC(N)=O	Carbamoyl guanidine (IN-NC148)	28	78.3556515712727	100.1	1.8940703263655478	1.4792694593399285	0.3825152543931985	1.89	0.39	0.08	COC(=O)c1ccccc1S(=O)(=O)NC(=O)NC(N)=NC(N)=O	COC(=O)c1ccccc1S(=O)(=O)NC(=O)NC(N)=NC(N)=O	COC(=O)c1ccccc1S(=O)(=O)NC(=O)NC(N)=NC(N)=O	Metsulfuron-methyl	https://envipath.org/package/5882df9c-dae1-4d80-a40e-db4724271456/compound/811a34c3-38f2-45bd-a750-b4dae5e6924a/structure/c9c13c9b-dc72-4e93-abf4-6587efdf001a	2	0.9378315740176857	0.21469694296951963			0.0	1.89	0.08
572	N#CC(CC(=O)O)(Cn1cncn1)c1ccc(Cl)cc1	butyric acid	4	13.410192246993027	14.5	1.1274350038925958	0.9242792860618817	0.3726083483201265	1.12	0.45	0.26	N#CC(CC(=O)O)(Cn1cncn1)c1ccc(Cl)cc1	N#CC(CC(=O)O)(Cn1cncn1)c1ccc(Cl)cc1	N#CC(CC(=O)O)(Cn1cncn1)c1ccc(Cl)cc1	Myclobutanil	https://envipath.org/package/5882df9c-dae1-4d80-a40e-db4724271456/compound/7148572b-3b64-4dd4-b0a9-5f4e603a9010/structure/a7ae65da-53c9-4bb2-90c3-06895fb4e431	1	0.7154544010627092	0.08292566789795996			0.0	1.12	0.26
573	CCCCC(C#N)(Cn1cncn1)c1ccc(Cl)cc1	Myclobutanil	7	330.59503949126685	354.0	2.519296332787356	0.477878525150246	0.20126608909983662	2.51	0.32	0.13	CCCCC(C#N)(Cn1cncn1)c1ccc(Cl)cc1	CCCCC(C#N)(Cn1cncn1)c1ccc(Cl)cc1	CCCCC(C#N)(Cn1cncn1)c1ccc(Cl)cc1	Myclobutanil	https://envipath.org/package/5882df9c-dae1-4d80-a40e-db4724271456/compound/48c5f42a-9743-4f99-ae98-280b4be726fc/structure/cdcd6302-3fd1-4d04-a0d6-55248b746711	0	0.8117303261853529	0.21615213811716416			0.989743318610787	2.51	0.13
574	CCN(CC)C(=O)C(C)Oc1cccc2ccccc12	Napropamide	8	342.9905525020099	390.0	2.5352821577898497	0.7468935566532018	0.21195994356309697	2.52	0.31	0.11	CCN(CC)C(=O)C(C)Oc1cccc2ccccc12	CCN(CC)C(=O)C(C)Oc1cccc2ccccc12	CCN(CC)C(=O)C(C)Oc1cccc2ccccc12	Napropamide	https://envipath.org/package/5882df9c-dae1-4d80-a40e-db4724271456/compound/03f743e8-70cc-4d3a-bd56-8b225653b29d/structure/a14cb317-0754-4ea0-8ebc-55ac10302840	0	0.7445636305917714	0.445477196632146			5.0	2.52	0.11
575	CC(Oc1cccc2ccccc12)C(=O)O	NOPA	3	5.61974323704618	5.8	0.7497164733481724	0.17929639893089255	0.073836774971764	0.76	0.36	0.25	CC(Oc1cccc2ccccc12)C(=O)O	CC(Oc1cccc2ccccc12)C(=O)O	CC(Oc1cccc2ccccc12)C(=O)O	Napropamide	https://envipath.org/package/5882df9c-dae1-4d80-a40e-db4724271456/compound/c8abf9ad-3332-4982-a4b4-4f56cdc2e565/structure/54965d55-1300-4cef-bcd1-01fa33cf71dc	2	0.7465624927328959	0.08426067715738944			0.0	0.76	0.25
576	CN(C)C(=O)c1cccnc1S(=O)(=O)NC(=O)NC(=N)N	AUSN	3	117.7559935283427	101.4	2.0709830210242273	0.47079838442928157	0.19761271196667346	2.07	0.39	0.26	CN(C)C(=O)c1cccnc1S(=O)(=O)NC(=O)NC(=N)N	CN(C)C(=O)c1cccnc1S(=O)(=O)NC(=O)NC(=N)N	CN(C)C(=O)c1cccnc1S(=O)(=O)NC(=O)NC(=N)N	Nicosulfuron	https://envipath.org/package/5882df9c-dae1-4d80-a40e-db4724271456/compound/9a3377a1-ec86-4062-9674-cc5dc52cd8c1/structure/4a8e8d0f-24a4-431d-b1a8-99551c2adbe3	2	0.6944222218666551	0.031897396959041584			0.0	2.07	0.26
577	CN(C)C(=O)c1cccnc1S(=O)(=O)NC(=O)NC(N)=O	UCSN	3	207.22215059189867	229.3	2.3164361765831636	0.38678576520332	0.16093619392485273	2.32	0.37	0.26	CN(C)C(=O)c1cccnc1S(=O)(=O)NC(=O)NC(N)=O	CN(C)C(=O)c1cccnc1S(=O)(=O)NC(=O)NC(N)=O	CN(C)C(=O)c1cccnc1S(=O)(=O)NC(=O)NC(N)=O	Nicosulfuron	https://envipath.org/package/5882df9c-dae1-4d80-a40e-db4724271456/compound/5837cb26-f2c2-414c-bc72-451efdb58360/structure/a180e77b-0a05-4c0c-9806-dd737ec04ad1	2	0.6944222218666553	0.031897396959041584			0.0	2.32	0.26
578	CN(C)C(=O)c1cccnc1S(N)(=O)=O	ASDM	3	140.7704781505475	114.8	2.1485115857675776	0.4722957108303709	0.20273012131228446	2.13	0.39	0.26	CN(C)C(=O)c1cccnc1S(N)(=O)=O	CN(C)C(=O)c1cccnc1S(N)(=O)=O	CN(C)C(=O)c1cccnc1S(N)(=O)=O	Nicosulfuron	https://envipath.org/package/5882df9c-dae1-4d80-a40e-db4724271456/compound/a54102aa-4760-4c79-a5e9-f6084c177b4b/structure/74434ca9-adc4-4510-bee4-e9012bbb3918	1	0.6944222218666553	0.031897396959041584			0.0	2.13	0.26
579	CNC(=O)c1cccnc1S(N)(=O)=O	MU-466	3	79.92034780374908	84.0	1.9026573652194316	0.11995326103541037	0.051301896026983894	1.9	0.34	0.24	CNC(=O)c1cccnc1S(N)(=O)=O	CNC(=O)c1cccnc1S(N)(=O)=O	CNC(=O)c1cccnc1S(N)(=O)=O	Nicosulfuron	https://envipath.org/package/5882df9c-dae1-4d80-a40e-db4724271456/compound/caa6e5f0-1965-465c-8f74-c2184578c422/structure/d405ce1e-3cb4-47d3-8d19-4dbdd5c76c2b	2	0.56482052213267	0.20099857531187687			0.0	1.9	0.24
580	COc1cc(OC)nc(NC(=O)NS(=O)(=O)c2ncccc2C(=O)N(C)C)n1	Nicosulfuron	8	30.296643342692676	29.9	1.4813945143604224	0.36455099535397184	0.11625964460709308	1.49	0.28	0.11	COc1cc(OC)nc(NC(=O)NS(=O)(=O)c2ncccc2C(=O)N(C)C)n1	COc1cc(OC)nc(NC(=O)NS(=O)(=O)c2ncccc2C(=O)N(C)C)n1	COc1cc(OC)nc(NC(=O)NS(=O)(=O)c2ncccc2C(=O)N(C)C)n1	Nicosulfuron	https://envipath.org/package/5882df9c-dae1-4d80-a40e-db4724271456/compound/c63c8f90-4912-4fb5-8223-579e9f5f44d1/structure/6331eb14-be4d-4df4-8f04-4d48c0e7dc0d	0	0.4636809247747852	0.24691217904220447			0.0	1.49	0.11
581	O=C(NC(=O)c1c(F)cccc1F)Nc1ccc(OC(F)(F)C(F)OC(F)(F)F)c(Cl)c1	Novaluron	6	10.412035102261834	9.95	1.017535623583656	0.6020599913279624	0.17907834346984816	1.03	0.32	0.14	O=C(NC(=O)c1c(F)cccc1F)Nc1ccc(OC(F)(F)C(F)OC(F)(F)F)c(Cl)c1	O=C(NC(=O)c1c(F)cccc1F)Nc1ccc(OC(F)(F)C(F)OC(F)(F)F)c(Cl)c1	O=C(NC(=O)c1c(F)cccc1F)Nc1ccc(OC(F)(F)C(F)OC(F)(F)F)c(Cl)c1	Novaluron	https://envipath.org/package/5882df9c-dae1-4d80-a40e-db4724271456/compound/ea893caf-0378-4fa0-acb8-4bf73377e86d/structure/8409d805-0803-44f7-8e7a-72646c19544b	0	1.2310790208412927				3.72677996249965	1.03	0.14
582	NC(=O)Nc1ccc(OC(F)(F)C(F)OC(F)(F)F)c(Cl)c1	275-352-I	6	30.795019340733617	25.5	1.488480481183904	0.48857451411035213	0.17332799068040639	1.49	0.32	0.14	NC(=O)Nc1ccc(OC(F)(F)C(F)OC(F)(F)F)c(Cl)c1	NC(=O)Nc1ccc(OC(F)(F)C(F)OC(F)(F)F)c(Cl)c1	NC(=O)Nc1ccc(OC(F)(F)C(F)OC(F)(F)F)c(Cl)c1	Novaluron	https://envipath.org/package/5882df9c-dae1-4d80-a40e-db4724271456/compound/37b8e7b8-f272-42e7-93a2-66e36abd1c2d/structure/ad4eea45-5069-452b-a771-4bee3095e6ac	1	1.2310790208412927				3.72677996249965	1.49	0.14
583	COc1cc(OC)nc(NC(=O)NS(=O)(=O)Nc2ccccc2C(=O)N(C)C)n1	Orthosulfamuron	2	11.224972160321824	11.5	1.0501852725587815	0.19188552623891308	0.09594276311945654	1.07	0.4	0.37	COc1cc(OC)nc(NC(=O)NS(=O)(=O)Nc2ccccc2C(=O)N(C)C)n1	COc1cc(OC)nc(NC(=O)NS(=O)(=O)Nc2ccccc2C(=O)N(C)C)n1	COc1cc(OC)nc(NC(=O)NS(=O)(=O)Nc2ccccc2C(=O)N(C)C)n1	Orthosulfamuron	https://envipath.org/package/5882df9c-dae1-4d80-a40e-db4724271456/compound/c2a06d5c-82e4-45a1-a9ca-aa53fcdf180d/structure/7e5b8928-b719-4c90-83fc-1f531f9db6d1	0	0.2999999999999998	0.04199582823703518			0.0	1.07	0.37
584	CCCN(CCC)c1c([N+](=O)[O-])cc(S(N)(=O)=O)cc1[N+](=O)[O-]	Oryzalin (OR-1)	9	153.25806868826223	160.0	2.1854233484076997	1.105579788822035	0.34667113659948834	2.18	0.39	0.14	CCCN(CCC)c1c([N+](=O)[O-])cc(S(N)(=O)=O)cc1[N+](=O)[O-]	CCCN(CCC)c1c([N+](=O)[O-])cc(S(N)(=O)=O)cc1[N+](=O)[O-]	CCCN(CCC)c1c([N+](=O)[O-])cc(S(N)(=O)=O)cc1[N+](=O)[O-]	Oryzalin	https://envipath.org/package/5882df9c-dae1-4d80-a40e-db4724271456/compound/2d287f66-38d2-4e8f-94b4-7f091b13d7d5/structure/855bf48c-8228-4526-a8f6-08716bccf281	0	0.7880276989554289	0.1685001634012902			1.257078722109418	2.18	0.14
585	NS(=O)(=O)c1cc([N+](=O)[O-])c(O)c([N+](=O)[O-])c1	OR-20	1	90.60000000000001	90.6	1.9571281976768131	0.0	0.0	1.92	0.45	0.56	NS(=O)(=O)c1cc([N+](=O)[O-])c(O)c([N+](=O)[O-])c1	NS(=O)(=O)c1cc([N+](=O)[O-])c(O)c([N+](=O)[O-])c1	NS(=O)(=O)c1cc([N+](=O)[O-])c(O)c([N+](=O)[O-])c1	Oryzalin	https://envipath.org/package/5882df9c-dae1-4d80-a40e-db4724271456/compound/5545e557-86eb-4233-a582-6eb3c5bcb0fb/structure/37bf85ac-858a-4d5f-8022-51b7e5ebf2f2	1	0.0	0.0			0.0	1.92	0.56
586	CC(C)Oc1cc(-n2nc(C(C)(C)C)oc2=O)c(Cl)cc1Cl	Oxadiazon	6	617.2039446044447	708.0	2.7904286930140354	0.9176487071628685	0.28101415304942085	2.8	0.4	0.18	CC(C)Oc1cc(-n2nc(C(C)(C)C)oc2=O)c(Cl)cc1Cl	CC(C)Oc1cc(-n2nc(C(C)(C)C)oc2=O)c(Cl)cc1Cl	CC(C)Oc1cc(-n2nc(C(C)(C)C)oc2=O)c(Cl)cc1Cl	Oxadiazon	https://envipath.org/package/5882df9c-dae1-4d80-a40e-db4724271456/compound/03fffe25-7cc9-4914-9df2-e6b59b6b6e79/structure/02d08b72-0c6a-4b23-ae06-b2160e4fab8e	0	0.8178562764256864	0.3647411941885804			4.487637339278753	2.8	0.18
587	CNC(=O)ON=C(SC)C(=O)N(C)C	Oxamyl	5	11.232431571726792	7.9	1.050473781539536	1.57287160220048	0.560307701505735	1.07	0.59	0.28	CNC(=O)ON=C(SC)C(=O)N(C)C	CNC(=O)ON=C(SC)C(=O)N(C)C	CNC(=O)ON=C(SC)C(=O)N(C)C	Oxamyl	https://envipath.org/package/5882df9c-dae1-4d80-a40e-db4724271456/compound/07fe1990-a149-4e26-a1c9-4cf6338c468f/structure/58b7363f-11e8-45ed-a788-b0609bf11553	0	1.0087616170334794	0.21748869972098536			4.0	1.07	0.28
588	CN(C)C(=O)C(=O)O	IN-D2708	7	6.839377673003793	4.8	0.8350165862995994	1.2874064975517547	0.4184222226002538	0.84	0.46	0.18	CN(C)C(=O)C(=O)O	CN(C)C(=O)C(=O)O	CN(C)C(=O)C(=O)O	Oxamyl	https://envipath.org/package/5882df9c-dae1-4d80-a40e-db4724271456/compound/13be16cc-32d9-4f20-91c7-f8cde4400572/structure/ccba7465-dece-4e5e-b54f-267869ddd0d5	2	0.9310954706743042	0.19465526952326762			3.4992710611188254	0.84	0.18
589	CSC(=NO)C(=O)N(C)C	IN-A2213 (Oxamyl oxime)	5	5.839961571452851	5.9	0.7664099893451247	1.1019895385373315	0.468208941004547	0.79	0.51	0.26	CSC(=NO)C(=O)N(C)C	CSC(=NO)C(=O)N(C)C	CSC(=NO)C(=O)N(C)C	Oxamyl	https://envipath.org/package/5882df9c-dae1-4d80-a40e-db4724271456/compound/f2a355c0-1272-4f2e-96c4-1db979e7bf36/structure/cf18e405-2398-4b60-86f1-f7ab603e0bdb	1	1.0087616170334792	0.21748869972098533			4.0	0.79	0.26
590	CN(C)C(=O)C#N	IN-N0079	3	0.011090601572996893	0.0174	-1.9550448963443208	0.9999999999999998	0.4310396749405267	-2.09	0.46	0.9	CN(C)C(=O)C#N	CN(C)C(=O)C#N	CN(C)C(=O)C#N	Oxamyl	https://envipath.org/package/5882df9c-dae1-4d80-a40e-db4724271456/compound/85a487f5-e183-4bc5-bb10-9e2e77017cf2/structure/bbee19de-6f11-44ce-a566-20e101143bde	-99	1.2684198393626966	0.25136508147990383			0.0	-2.09	0.9
591	Fc1cccc(F)c1C1CC(c2csc(C3CCNCC3)n2)=NO1	IN-QPS10	4	48.04685598840304	160.2	1.6816649742821728	2.0145205387579237	0.8522466180260558	1.72	0.83	0.45	Fc1cccc(F)c1C1CC(c2csc(C3CCNCC3)n2)=NO1	Fc1cccc(F)c1C1CC(c2csc(C3CCNCC3)n2)=NO1	Fc1cccc(F)c1C1CC(c2csc(C3CCNCC3)n2)=NO1	Oxathiapiprolin	https://envipath.org/package/5882df9c-dae1-4d80-a40e-db4724271456/compound/8a0a5fe9-9935-499b-aadd-fc9ba316cf3e/structure/9e38f14f-c9f6-4773-bd81-5bd56b589f31	1	1.134405130453843	0.13128605108805888			0.0	1.72	0.45
592	O=C(O)c1cc(C(F)(F)F)n[nH]1	IN-E8S72	5	322.6349556940649	328.4	2.508711418981715	0.34402672505344434	0.11815075376139643	2.51	0.31	0.15	O=C(O)c1cc(C(F)(F)F)n[nH]1	O=C(O)c1cc(C(F)(F)F)n[nH]1	O=C(O)c1cc(C(F)(F)F)n[nH]1	Oxathiapiprolin	https://envipath.org/package/5882df9c-dae1-4d80-a40e-db4724271456/compound/ae2241a9-2703-4c0d-b904-3f93d88cf58a/structure/5b01cce3-639f-44ed-abbc-871b38bf07dc	1	1.0759182125050213	0.16378664691495665			0.0	2.51	0.15
593	O=C(O)c1cc(C(F)(F)F)nn1CC(=O)N1CCC(c2nc(C3=NOC(c4c(F)cccc4F)C3)cs2)CC1	IN-RAB06	12	35.6167355961109	45.1	1.5516541122759326	1.6868915113982932	0.47635990011154733	1.54	0.49	0.14	O=C(O)c1cc(C(F)(F)F)nn1CC(=O)N1CCC(c2nc(C3=NOC(c4c(F)cccc4F)C3)cs2)CC1	O=C(O)c1cc(C(F)(F)F)nn1CC(=O)N1CCC(c2nc(C3=NOC(c4c(F)cccc4F)C3)cs2)CC1	O=C(O)c1cc(C(F)(F)F)nn1CC(=O)N1CCC(c2nc(C3=NOC(c4c(F)cccc4F)C3)cs2)CC1	Oxathiapiprolin	https://envipath.org/package/5882df9c-dae1-4d80-a40e-db4724271456/compound/5b1f0c72-4841-453a-be66-96b754c9b1bb/structure/5f7ff789-1830-4746-bac7-73594d1b81bb	1	1.0625898654806671	0.18699842500098904			0.0	1.54	0.14
594	Cc1cc(C(F)(F)F)nn1CC(=O)N1CCC(O)(c2nc(C3=NOC(c4c(F)cccc4F)C3)cs2)CC1	IN-RDT31	7	109.73469452545054	73.2	2.0403439590127825	1.201532788814024	0.41670961841738763	2.04	0.46	0.19	Cc1cc(C(F)(F)F)nn1CC(=O)N1CCC(O)(c2nc(C3=NOC(c4c(F)cccc4F)C3)cs2)CC1	Cc1cc(C(F)(F)F)nn1CC(=O)N1CCC(O)(c2nc(C3=NOC(c4c(F)cccc4F)C3)cs2)CC1	Cc1cc(C(F)(F)F)nn1CC(=O)N1CCC(O)(c2nc(C3=NOC(c4c(F)cccc4F)C3)cs2)CC1	Oxathiapiprolin	https://envipath.org/package/5882df9c-dae1-4d80-a40e-db4724271456/compound/d44de8c4-1f27-4642-9641-7af058c65730/structure/fbf949b0-90c8-44d2-9ba7-29df9dca8f6c	1	1.1912949565365363	0.22868489450233584			0.0	2.04	0.19
595	Cc1cc(C(F)(F)F)nn1CC(=O)N1CCC(c2nc(C3=NOC(c4c(F)cccc4F)C3)cs2)CC1	Oxathiapiprolin	12	76.34215945321606	102.8	1.882764440461802	0.8696185042142264	0.30368157034551796	1.88	0.34	0.1	Cc1cc(C(F)(F)F)nn1CC(=O)N1CCC(c2nc(C3=NOC(c4c(F)cccc4F)C3)cs2)CC1	Cc1cc(C(F)(F)F)nn1CC(=O)N1CCC(c2nc(C3=NOC(c4c(F)cccc4F)C3)cs2)CC1	Cc1cc(C(F)(F)F)nn1CC(=O)N1CCC(c2nc(C3=NOC(c4c(F)cccc4F)C3)cs2)CC1	Oxathiapiprolin	https://envipath.org/package/5882df9c-dae1-4d80-a40e-db4724271456/compound/d33b8eda-531a-44b0-9c74-ddc3798cf883/structure/55f9b8a4-8350-46be-a94a-7130436e0f63	0	1.0741922029548014	0.2692569338398208			0.0	1.88	0.1
596	CCS(=O)CCSP(=O)(OC)OC	Oxydemeton-methyl	6	0.444903782158504	0.31	-0.3517339022681701	1.2747010569416322	0.44586679159919995	-0.35	0.49	0.22	CCS(=O)CCSP(=O)(OC)OC	CCS(=O)CCSP(=O)(OC)OC	CCS(=O)CCSP(=O)(OC)OC	Oxydemeton-methyl	https://envipath.org/package/5882df9c-dae1-4d80-a40e-db4724271456/compound/80c9f971-e096-4dbc-9bd0-5dc8504e2d1c/structure/301d8f8e-be04-4ec6-a0bb-47f4b1da4ddb	0	0.6394442031083626	0.1283218912003076			2.3570226039551585	-0.35	0.22
597	CCS(=O)(=O)CCS(=O)(=O)O	ESOES (M10)	3	1.787568664126808	1.7	0.252262732922706	0.11809931207799451	0.05062110007296618	0.28	0.36	0.25	CCS(=O)(=O)CCS(=O)(=O)O	CCS(=O)(=O)CCS(=O)(=O)O	CCS(=O)(=O)CCS(=O)(=O)O	Oxydemeton-methyl	https://envipath.org/package/5882df9c-dae1-4d80-a40e-db4724271456/compound/8d812a2d-a9ca-4306-88f0-bc6db4152e36/structure/4716302c-97b6-489e-8909-99abc90c56b0	2	0.16329931618554536	0.1286940338325484			0.0	0.28	0.25
598	CCS(=O)CCS(=O)(=O)O	ESES (M09)	3	1.2	1.2	0.07918124604762482	0.24987747321659992	0.10201205126610663	0.09	0.36	0.25	CCS(=O)CCS(=O)(=O)O	CCS(=O)CCS(=O)(=O)O	CCS(=O)CCS(=O)(=O)O	Oxydemeton-methyl	https://envipath.org/package/5882df9c-dae1-4d80-a40e-db4724271456/compound/14a13eea-8652-45a2-8e7b-68d3b4cc3be8/structure/9d79eed4-3c9e-4eb0-845c-b88bd8098fb1	2	0.09428090415820642	0.1286940338325484			0.0	0.09	0.25
599	CCOc1cc(Oc2ccc(C(F)(F)F)cc2Cl)ccc1[N+](=O)[O-]	Oxyfluorfen	7	193.8607318949347	293.0	2.2874898480243737	0.9279135707169754	0.39293216477305065	2.28	0.43	0.17	CCOc1cc(Oc2ccc(C(F)(F)F)cc2Cl)ccc1[N+](=O)[O-]	CCOc1cc(Oc2ccc(C(F)(F)F)cc2Cl)ccc1[N+](=O)[O-]	CCOc1cc(Oc2ccc(C(F)(F)F)cc2Cl)ccc1[N+](=O)[O-]	Oxyfluorfen	https://envipath.org/package/5882df9c-dae1-4d80-a40e-db4724271456/compound/68233bc8-47dc-42f1-9b54-857456ab54a1/structure/3db5dba8-c159-4ef5-b0aa-f7f0f9c6b8a8	0	0.4503966505838415	0.1829185284747733			2.4743582965269675	2.28	0.17
600	CC(C)(C)C(O)C(Cc1ccc(Cl)cc1)n1cncn1	Paclobutrazol	10	131.90123280864793	150.0	2.120248854678215	1.409392304622067	0.5184359508707875	2.11	0.53	0.17	CC(C)(C)C(O)C(Cc1ccc(Cl)cc1)n1cncn1	CC(C)(C)C(O)C(Cc1ccc(Cl)cc1)n1cncn1	CC(C)(C)C(O)C(Cc1ccc(Cl)cc1)n1cncn1	Paclobutrazol	https://envipath.org/package/5882df9c-dae1-4d80-a40e-db4724271456/compound/415351f9-d211-43c4-b544-28d0995da047/structure/553b4269-b91b-4994-9ac9-a1443e028422	0	0.7739670535623594	0.3215084201136179			1.9723082923316018	2.11	0.17
601	CC(C)(C)C(=O)C(Cc1ccc(Cl)cc1)n1cncn1	CGA 149907	3	53.98353407429555	76.0	1.7322613125792363	0.5925146734217321	0.2637160649997294	1.71	0.41	0.27	CC(C)(C)C(=O)C(Cc1ccc(Cl)cc1)n1cncn1	CC(C)(C)C(=O)C(Cc1ccc(Cl)cc1)n1cncn1	CC(C)(C)C(=O)C(Cc1ccc(Cl)cc1)n1cncn1	Paclobutrazol	https://envipath.org/package/5882df9c-dae1-4d80-a40e-db4724271456/compound/9e494c90-66d3-4a1f-a7e3-d7cd614f0ca1/structure/c27048ad-bce5-4d3c-8439-913196132f48	1	0.771722460186015	0.16078362949068858			0.0	1.71	0.27
602	O=C(O)C(Cn1cncn1)c1ccc(Cl)cc1Cl	CGA 179944	8	32.784895979504554	23.35	1.5156738100675382	1.4818547564222482	0.5104106956597447	1.53	0.54	0.2	O=C(O)C(Cn1cncn1)c1ccc(Cl)cc1Cl	O=C(O)C(Cn1cncn1)c1ccc(Cl)cc1Cl	O=C(O)C(Cn1cncn1)c1ccc(Cl)cc1Cl	Penconazole	https://envipath.org/package/5882df9c-dae1-4d80-a40e-db4724271456/compound/d0a6515f-4deb-4345-84e8-d910748797c7/structure/7ed74799-9e9e-4de9-86fe-a23ce5f8d274	1	0.6666286447490838	0.1750618199941284			0.0	1.53	0.2
603	CCCC(Cn1cncn1)c1ccc(Cl)cc1Cl	Penconazole	11	178.00249115786954	176.0	2.250426080334431	0.9340014519729594	0.2698144935645646	2.24	0.33	0.1	CCCC(Cn1cncn1)c1ccc(Cl)cc1Cl	CCCC(Cn1cncn1)c1ccc(Cl)cc1Cl	CCCC(Cn1cncn1)c1ccc(Cl)cc1Cl	Penconazole	https://envipath.org/package/5882df9c-dae1-4d80-a40e-db4724271456/compound/4873d454-09db-465e-bf89-b34061b611f2/structure/cd0d25d9-6e06-4df4-92ad-25edaf716326	0	0.18509769589271888	0.18397616902955718			4.16597790450531	2.24	0.1
604	O=C(Nc1ccccc1)NC1CCCC1	Pencycuron-phenyl-cyclopentyl-urea	4	4.0052474774587425	3.95	0.602629355569873	0.30102999566398114	0.11526282624003842	0.61	0.34	0.18	O=C(Nc1ccccc1)NC1CCCC1	O=C(Nc1ccccc1)NC1CCCC1	O=C(Nc1ccccc1)NC1CCCC1	Pencycuron	https://envipath.org/package/5882df9c-dae1-4d80-a40e-db4724271456/compound/cd5a800e-9b04-4424-8395-69b6434a242e/structure/e247286c-a2b7-4bc4-9773-9ca99467c24a	2	0.6571719714047457	0.1409983312733152			0.0	0.61	0.18
605	Clc1ccc(CNC2CCCC2)cc1	THS 3995/1787 (M16) (Pencycuron-PB-amine)	7	37.54497004928889	67.7	1.5745517622147434	1.4513139911133768	0.4976920336917398	1.58	0.54	0.22	Clc1ccc(CNC2CCCC2)cc1	Clc1ccc(CNC2CCCC2)cc1	Clc1ccc(CNC2CCCC2)cc1	Pencycuron	https://envipath.org/package/5882df9c-dae1-4d80-a40e-db4724271456/compound/fb9bbfd3-a0a1-4e94-8ee4-3c0df69dd51b/structure/7fcf9b24-ecfe-48e2-8889-754145160ca5	1	0.6590035768383312	0.1563786572701065			0.0	1.58	0.22
606	O=C(Nc1ccccc1)N(Cc1ccc(Cl)cc1)C1CCCC1	Pencycuron	13	75.39739325106842	62.8	1.8773563310654409	0.6864414100940803	0.23717038463560108	1.88	0.3	0.09	O=C(Nc1ccccc1)N(Cc1ccc(Cl)cc1)C1CCCC1	O=C(Nc1ccccc1)N(Cc1ccc(Cl)cc1)C1CCCC1	O=C(Nc1ccccc1)N(Cc1ccc(Cl)cc1)C1CCCC1	Pencycuron	https://envipath.org/package/5882df9c-dae1-4d80-a40e-db4724271456/compound/5f7702fd-ad41-4551-af01-8caf2b4332d8/structure/003f250c-c885-4bd8-94f6-a5c1d2bc06a9	0	0.4548229384336764	0.13527316523261268			0.0	1.88	0.09
607	CCC(CC)Nc1c([N+](=O)[O-])cc(C(=O)O)c(C)c1[N+](=O)[O-]	2-methyl-3,5-dinitro-4-4(pentan-3-ylamino)benzoic acid	6	36.41735686086139	36.2	1.5613084218982587	0.955962489833599	0.3157317008477312	1.55	0.39	0.17	CCC(CC)Nc1c([N+](=O)[O-])cc(C(=O)O)c(C)c1[N+](=O)[O-]	CCC(CC)Nc1c([N+](=O)[O-])cc(C(=O)O)c(C)c1[N+](=O)[O-]	CCC(CC)Nc1c([N+](=O)[O-])cc(C(=O)O)c(C)c1[N+](=O)[O-]	Pendimethalin	https://envipath.org/package/5882df9c-dae1-4d80-a40e-db4724271456/compound/86964e9b-fc08-49d4-9dcb-10e8849fb969/structure/84a3100f-ec0e-4342-8f14-aac2e8d7f45d	1	0.8920949127381758	0.16106041392734394			0.0	1.55	0.17
608	CCC(CC)Nc1c([N+](=O)[O-])cc(C)c(C)c1[N+](=O)[O-]	Pendimethalin	7	144.53741923882905	166.8	2.1599802959863745	0.6733953361911014	0.2517105861328582	2.16	0.34	0.14	CCC(CC)Nc1c([N+](=O)[O-])cc(C)c(C)c1[N+](=O)[O-]	CCC(CC)Nc1c([N+](=O)[O-])cc(C)c(C)c1[N+](=O)[O-]	CCC(CC)Nc1c([N+](=O)[O-])cc(C)c(C)c1[N+](=O)[O-]	Pendimethalin	https://envipath.org/package/5882df9c-dae1-4d80-a40e-db4724271456/compound/ebe370d3-ed73-4936-8a7b-fdbdf172f601/structure/73786af0-b70c-41ce-9201-4708a7034241	0	1.057528887046957	0.10992170395002579			0.0	2.16	0.14
609	CCC(CC)Nc1c(N)cc(C)c(C)c1[N+](=O)[O-]	4,5-dimethyl-3-3nitro-N2-(pentan-3-yl)benzene-1,2-diamine	3	0.02625102036849981	0.02	-1.580853811046729	0.6042260530844701	0.2604302301249145	-2.0	0.47	0.85	CCC(CC)Nc1c(N)cc(C)c(C)c1[N+](=O)[O-]	CCC(CC)Nc1c(N)cc(C)c(C)c1[N+](=O)[O-]	CCC(CC)Nc1c(N)cc(C)c(C)c1[N+](=O)[O-]	Pendimethalin	https://envipath.org/package/5882df9c-dae1-4d80-a40e-db4724271456/compound/f6d532a4-0521-4b61-9415-5691894f3aac/structure/c5a20156-91f3-4ff9-80a1-326da034303a	-99	0.4966554808583779	0.17329329266706023			0.0	-2.0	0.85
610	Cc1nn(C)c(F)c1C(=O)Nc1ccccc1C(C)CC(C)C	Penflufen	8	235.99010621906254	247.5	2.3728937957474963	0.5926796162577075	0.200003813990371	2.37	0.31	0.12	Cc1nn(C)c(F)c1C(=O)Nc1ccccc1C(C)CC(C)C	Cc1nn(C)c(F)c1C(=O)Nc1ccccc1C(C)CC(C)C	Cc1nn(C)c(F)c1C(=O)Nc1ccccc1C(C)CC(C)C	Penflufen	https://envipath.org/package/5882df9c-dae1-4d80-a40e-db4724271456/compound/b7ccecb4-e9b7-4067-b93a-01e134a82ae5/structure/90152ab4-9219-4251-9ad3-ee5e04d1056d	0	0.6954090522850562	0.12481457377709458			2.5	2.37	0.12
611	Cc1nn(C)c(F)c1C(=O)Nc1ccccc1C(C)CC(C)(C)O	Penflufen-3-hydroxy-butyl	5	145.31818632056164	121.0	2.1623199689051873	0.5238017944735163	0.2011227161042619	2.15	0.34	0.17	Cc1nn(C)c(F)c1C(=O)Nc1ccccc1C(C)CC(C)(C)O	Cc1nn(C)c(F)c1C(=O)Nc1ccccc1C(C)CC(C)(C)O	Cc1nn(C)c(F)c1C(=O)Nc1ccccc1C(C)CC(C)(C)O	Penflufen	https://envipath.org/package/5882df9c-dae1-4d80-a40e-db4724271456/compound/090b0b6c-1ae5-4805-bc32-160cf68140da/structure/be512c0b-b760-43bf-b438-edfb4bdd2171	1	0.10198039027185561	0.14474952696131718			2.449489742783178	2.15	0.17
612	CC(=O)c1ccccc1NC(=O)c1c(C)nn(C)c1F	Penflufen-pyrazoly-AAP	6	153.4161132469658	130.5	2.1858709758237613	0.34413587626632625	0.14078425403006326	2.17	0.31	0.14	CC(=O)c1ccccc1NC(=O)c1c(C)nn(C)c1F	CC(=O)c1ccccc1NC(=O)c1c(C)nn(C)c1F	CC(=O)c1ccccc1NC(=O)c1c(C)nn(C)c1F	Penflufen	https://envipath.org/package/5882df9c-dae1-4d80-a40e-db4724271456/compound/4c65fab9-e44e-4019-b9e7-75392a94fb77/structure/ca0531e9-266d-4353-8f74-72f8e6c6e9bd	2	0.5377421934967226	0.1409848715472315			2.3570226039551585	2.17	0.14
613	O=S(=O)(Nc1nc[nH]n1)c1c(OCC(F)F)cccc1C(F)(F)F	BST	6	21.934189809816846	30.5	1.3411215973630675	0.8626164439374422	0.32341703400671745	1.34	0.39	0.18	O=S(=O)(Nc1nc[nH]n1)c1c(OCC(F)F)cccc1C(F)(F)F	O=S(=O)(Nc1nc[nH]n1)c1c(OCC(F)F)cccc1C(F)(F)F	O=S(=O)(Nc1nc[nH]n1)c1c(OCC(F)F)cccc1C(F)(F)F	Penoxsulam	https://envipath.org/package/5882df9c-dae1-4d80-a40e-db4724271456/compound/52532e25-c9fc-4b23-bcea-4d15c34a5a9d/structure/c90ce333-0d9f-4515-96ef-76235e31ece6	3	1.2280291346525765	0.14661528858646578			3.72677996249965	1.34	0.18
614	COc1cnc(OC)n2nc(NS(=O)(=O)c3c(OCC(F)F)cccc3C(F)(F)F)nc12	Penoxsulam	7	32.43422837934243	24.0	1.5110035703846403	0.9606293081007253	0.3030375407055114	1.5	0.37	0.15	COc1cnc(OC)n2nc(NS(=O)(=O)c3c(OCC(F)F)cccc3C(F)(F)F)nc12	COc1cnc(OC)n2nc(NS(=O)(=O)c3c(OCC(F)F)cccc3C(F)(F)F)nc12	COc1cnc(OC)n2nc(NS(=O)(=O)c3c(OCC(F)F)cccc3C(F)(F)F)nc12	Penoxsulam	https://envipath.org/package/5882df9c-dae1-4d80-a40e-db4724271456/compound/4215e3ed-a868-4f64-9b7d-e77dc36977c2/structure/18d141b8-46fd-4bab-8059-ad6da2cb0c74	0	1.1912949565365363	0.13590290649341			6.477590885002647	1.5	0.15
615	COc1cnc(O)n2nc(NS(=O)(=O)c3c(OCC(F)F)cccc3C(F)(F)F)nc12	5-OH	7	32.96773317591686	24.0	1.5180890865718617	0.8483511974119788	0.26926407421706466	1.51	0.35	0.14	COc1cnc(O)n2nc(NS(=O)(=O)c3c(OCC(F)F)cccc3C(F)(F)F)nc12	COc1cnc(O)n2nc(NS(=O)(=O)c3c(OCC(F)F)cccc3C(F)(F)F)nc12	COc1cnc(O)n2nc(NS(=O)(=O)c3c(OCC(F)F)cccc3C(F)(F)F)nc12	Penoxsulam	https://envipath.org/package/5882df9c-dae1-4d80-a40e-db4724271456/compound/931afa2f-e289-405e-991e-93e2f7f57228/structure/4ea05740-d967-4fa2-b300-1e54db194413	1	1.1912949565365363	0.13590290649341			6.477590885002647	1.51	0.14
616	O=C(O)c1nc(NS(=O)(=O)c2c(OCC(F)F)cccc2C(F)(F)F)n[nH]1	BSTCA	7	63.41792761623871	67.0	1.8022120459607427	0.7931284063532966	0.23373214902184858	1.79	0.32	0.13	O=C(O)c1nc(NS(=O)(=O)c2c(OCC(F)F)cccc2C(F)(F)F)n[nH]1	O=C(O)c1nc(NS(=O)(=O)c2c(OCC(F)F)cccc2C(F)(F)F)n[nH]1	O=C(O)c1nc(NS(=O)(=O)c2c(OCC(F)F)cccc2C(F)(F)F)n[nH]1	Penoxsulam	https://envipath.org/package/5882df9c-dae1-4d80-a40e-db4724271456/compound/8efdb3b0-b5fc-42a9-947b-39492ec6de44/structure/f5dfdd74-447f-41db-a509-8dc9576b0fe5	2	1.1912949565365363	0.13590290649341			6.477590885002647	1.79	0.13
617	CC(C)CC(C)c1sccc1NC(=O)c1cn(C)nc1C(F)(F)F	Penthiopyrad	13	153.6015024598129	132.0	2.186395463786735	0.907744849152146	0.30708672279246085	2.18	0.34	0.1	CC(C)CC(C)c1sccc1NC(=O)c1cn(C)nc1C(F)(F)F	CC(C)CC(C)c1sccc1NC(=O)c1cn(C)nc1C(F)(F)F	CC(C)CC(C)c1sccc1NC(=O)c1cn(C)nc1C(F)(F)F	Penthiopyrad	https://envipath.org/package/5882df9c-dae1-4d80-a40e-db4724271456/compound/e56eaf57-42f5-4200-a166-54289207bb83/structure/04401368-d390-490d-a161-b7c1a91f9bfd	0	0.9662346854960346	0.17528991196627006			4.317296984739163	2.18	0.1
618	O=C(O)c1c[nH]nc1C(F)(F)F	DM-PCA	4	94.72125847499217	115.5	1.9764474594919563	0.6690067809585756	0.2519819569546076	1.96	0.38	0.21	O=C(O)c1c[nH]nc1C(F)(F)F	O=C(O)c1c[nH]nc1C(F)(F)F	O=C(O)c1c[nH]nc1C(F)(F)F	Penthiopyrad	https://envipath.org/package/5882df9c-dae1-4d80-a40e-db4724271456/compound/8558215c-c11e-411c-a703-fccedc4619ed/structure/b930791a-e9dc-4bfe-a1d3-8d05dbb456df	4	0.6892024376045113	0.19411905982418845			0.0	1.96	0.21
619	Cc1cccc(N)c1	m-toluidine 	1	0.026999999999999996	0.027	-1.5686362358410126	0.0	0.0	-1.57	0.48	1.02	Cc1cccc(N)c1	Cc1cccc(N)c1	Cc1cccc(N)c1	Phenmedipham	https://envipath.org/package/5882df9c-dae1-4d80-a40e-db4724271456/compound/6af68942-502f-4b03-a4bc-f08f3f45b045/structure/5fac466f-47e2-4750-b5a3-fdf5525f38da	1	0.0				0.0	-1.57	1.02
620	COC(=O)Nc1cccc(OC(=O)Nc2cccc(C)c2)c1	Phenmedipham	14	27.385016112608174	23.7	1.4375130007920913	1.531159465404532	0.3503472522405362	1.44	0.38	0.11	COC(=O)Nc1cccc(OC(=O)Nc2cccc(C)c2)c1	COC(=O)Nc1cccc(OC(=O)Nc2cccc(C)c2)c1	COC(=O)Nc1cccc(OC(=O)Nc2cccc(C)c2)c1	Phenmedipham	https://envipath.org/package/5882df9c-dae1-4d80-a40e-db4724271456/compound/fb7c3009-8d43-473c-a8f5-606390933821/structure/267c962c-b166-480f-b9ae-d3d2ded54eab	0	0.7215346456671079	0.22660754348659248			3.170334431596021	1.44	0.11
621	COC(=O)Nc1cccc(O)c1	MHPC	6	2.7218653729275784	3.15	0.4348666406172825	1.4828735836087539	0.6213417784023046	0.45	0.63	0.28	COC(=O)Nc1cccc(O)c1	COC(=O)Nc1cccc(O)c1	COC(=O)Nc1cccc(O)c1	Phenmedipham	https://envipath.org/package/5882df9c-dae1-4d80-a40e-db4724271456/compound/78e6d3b8-695c-43a0-97bd-78faf8dcf003/structure/8b1ea0d6-7174-46f5-9f77-a3ad0ef03b54	1	0.6693695209341068	0.157763832905087			2.0	0.45	0.28
622	Cc1cccc(NC(=O)Oc2cccc(N)c2)c1	APMP	3	23.240197355246195	19.4	1.366239811753167	0.3348254990716846	0.14751593861274215	1.35	0.38	0.26	Cc1cccc(NC(=O)Oc2cccc(N)c2)c1	Cc1cccc(NC(=O)Oc2cccc(N)c2)c1	Cc1cccc(NC(=O)Oc2cccc(N)c2)c1	Phenmedipham	https://envipath.org/package/5882df9c-dae1-4d80-a40e-db4724271456/compound/d461c2df-a024-40f6-9669-e231db20434a/structure/76eedf52-1c61-4f4a-a5c7-054371ce73b8	1	8.881784197001252e-16	0.009237433715691776			4.96655480858378	1.35	0.26
623	CCOP(=S)(OCC)SCn1c(=O)oc2cc(Cl)ccc21	Phosalone	9	1.9865118406993516	1.9	0.2980911580322398	1.026328938722349	0.37053404511667437	0.3	0.41	0.15	CCOP(=S)(OCC)SCn1c(=O)oc2cc(Cl)ccc21	CCOP(=S)(OCC)SCn1c(=O)oc2cc(Cl)ccc21	CCOP(=S)(OCC)SCn1c(=O)oc2cc(Cl)ccc21	Phosalone	https://envipath.org/package/5882df9c-dae1-4d80-a40e-db4724271456/compound/1ed18740-a981-473b-a110-169790bced94/structure/fde88f7a-4caa-4c85-a23c-39a1da5413c4	0	0.6390579486465959	0.22831664709898228			3.1426968052735447	0.3	0.15
624	COP(=S)(OC)SCN1C(=O)c2ccccc2C1=O	Phosmet	5	3.099471066641236	3.6	0.4912875865960603	0.4823537816533394	0.16193297725395187	0.5	0.32	0.16	COP(=S)(OC)SCN1C(=O)c2ccccc2C1=O	COP(=S)(OC)SCN1C(=O)c2ccccc2C1=O	COP(=S)(OC)SCN1C(=O)c2ccccc2C1=O	Phosmet	https://envipath.org/package/5882df9c-dae1-4d80-a40e-db4724271456/compound/f36fa9d9-bea5-4aea-93ca-80a0e3f08598/structure/276d8da8-c0dd-4650-8c41-ccc57d35468c	0	0.7631513611335564	0.30667582108720964			3.4292856398964493	0.5	0.16
625	Nc1c(Cl)c(Cl)nc(C([O-])O)c1Cl	Picloram	19	133.08539716953862	171.9	2.124130405011777	2.4627572653800014	0.5931642921360816	2.12	0.6	0.15	Nc1c(Cl)c(Cl)nc(C([O-])O)c1Cl	Nc1c(Cl)c(Cl)nc(C([O-])O)c1Cl	Nc1c(Cl)c(Cl)nc(C([O-])O)c1Cl	Picloram	https://envipath.org/package/5882df9c-dae1-4d80-a40e-db4724271456/compound/c76c0ce3-0e48-46c2-9357-41f6223e9231/structure/a5fa4c50-70e9-4ec9-a927-50176048eb1d	0	0.8740962883628095	0.2108501209439458			3.7586465413383423	2.12	0.15
626	O=C(Nc1ccc(F)cc1)c1cccc(Oc2cccc(C(F)(F)F)c2)n1	Picolinafen	9	4.892867590254972	3.76	0.6895634631337988	0.9057516571122013	0.32230096452627166	0.69	0.37	0.13	O=C(Nc1ccc(F)cc1)c1cccc(Oc2cccc(C(F)(F)F)c2)n1	O=C(Nc1ccc(F)cc1)c1cccc(Oc2cccc(C(F)(F)F)c2)n1	O=C(Nc1ccc(F)cc1)c1cccc(Oc2cccc(C(F)(F)F)c2)n1	Picolinafen	https://envipath.org/package/5882df9c-dae1-4d80-a40e-db4724271456/compound/a9e56cba-3d1e-4610-b6f3-77a8a9410c01/structure/b11e3e50-ce47-4180-b669-125b94c2f51d	0	0.7742778395637488	0.138451894947405			3.7712361663282534	0.69	0.13
627	O=C(O)c1cccc(Oc2cccc(C(F)(F)F)c2)n1	2-3-trifluoromethylphenoxy-6-pyridine carboxylic acid	8	31.046820611988473	27.240000000000002	1.4920171323268467	0.8633755050665055	0.29277450518228926	1.5	0.35	0.13	O=C(O)c1cccc(Oc2cccc(C(F)(F)F)c2)n1	O=C(O)c1cccc(Oc2cccc(C(F)(F)F)c2)n1	O=C(O)c1cccc(Oc2cccc(C(F)(F)F)c2)n1	Picolinafen	https://envipath.org/package/5882df9c-dae1-4d80-a40e-db4724271456/compound/95144269-4893-4d3f-9cac-d3cc20b4543d/structure/41c57823-e4f0-4629-94fe-cf60a475c46a	1	0.8014635050955222	0.13842923656107423			0.0	1.5	0.13
628	COC=C(C(=O)OC)c1ccccc1COc1cccc(C(F)(F)F)n1	Picoxystrobin	16	23.76484000781062	23.1	1.3759348948370096	0.23525539158141906	0.0713787009046691	1.37	0.25	0.06	COC=C(C(=O)OC)c1ccccc1COc1cccc(C(F)(F)F)n1	COC=C(C(=O)OC)c1ccccc1COc1cccc(C(F)(F)F)n1	COC=C(C(=O)OC)c1ccccc1COc1cccc(C(F)(F)F)n1	Picoxystrobin	https://envipath.org/package/5882df9c-dae1-4d80-a40e-db4724271456/compound/2b219fd5-bce3-401a-bc2c-9c101a0c8d15/structure/482d336f-15ce-432e-b967-d8b922547635	0	0.5614921526611035	0.13817069110852723			0.0	1.37	0.06
629	COC=C(C(=O)O)c1ccccc1COc1cccc(C(F)(F)F)n1	IN-QDY62	12	24.76874032706893	22.85	1.3939039200733632	0.7086035486482212	0.22492662779278788	1.4	0.29	0.09	COC=C(C(=O)O)c1ccccc1COc1cccc(C(F)(F)F)n1	COC=C(C(=O)O)c1ccccc1COc1cccc(C(F)(F)F)n1	COC=C(C(=O)O)c1ccccc1COc1cccc(C(F)(F)F)n1	Picoxystrobin	https://envipath.org/package/5882df9c-dae1-4d80-a40e-db4724271456/compound/d79a12ef-167a-4b8d-b442-471852255b5f/structure/d8a0dc4b-65ff-4ae5-a794-54d6622e2adc	1	0.5467073155618909	0.1423666855442759			0.0	1.4	0.09
630	O=c1cccc(C(F)(F)F)[nH]1	IN-QDK50	6	15.320423658956194	15.45	1.1852707751009497	0.43270211493124955	0.14021682488512197	1.19	0.31	0.14	O=c1cccc(C(F)(F)F)[nH]1	O=c1cccc(C(F)(F)F)[nH]1	O=c1cccc(C(F)(F)F)[nH]1	Picoxystrobin	https://envipath.org/package/5882df9c-dae1-4d80-a40e-db4724271456/compound/56a9aa12-a62f-41ba-b288-0b6b98c23bec/structure/05f96670-9775-4463-9d26-011b39389303	1	0.6652067347825037	0.18949414053657357			0.0	1.19	0.14
631	CCc1cc(C)cc(CC)c1-c1c(OC(=O)C(C)(C)C)n2n(c1=O)CCOCC2	Pinoxaden	16	0.3213660592495444	0.30000000000000004	-0.49299999272201156	1.354588587877241	0.3569825831625369	-0.5	0.39	0.1	CCc1cc(C)cc(CC)c1-c1c(OC(=O)C(C)(C)C)n2n(c1=O)CCOCC2	CCc1cc(C)cc(CC)c1-c1c(OC(=O)C(C)(C)C)n2n(c1=O)CCOCC2	CCc1cc(C)cc(CC)c1-c1c(OC(=O)C(C)(C)C)n2n(c1=O)CCOCC2	Pinoxaden	https://envipath.org/package/5882df9c-dae1-4d80-a40e-db4724271456/compound/d29192ee-30a9-4848-a587-64cd4101e3c3/structure/fe4289d8-46e9-4ad8-955f-77d57b17b80d	0	0.7702553858136925	0.14435257262713			4.038389994787527	-0.5	0.1
632	CCc1cc(C)cc(CC)c1C1C(=O)N2CCOCCN2C1=O	NOA 407854 (M2)	16	9.239280249651559	9.615	0.9656381405080214	1.742208337340577	0.4724050639116609	0.97	0.49	0.13	CCc1cc(C)cc(CC)c1C1C(=O)N2CCOCCN2C1=O	CCc1cc(C)cc(CC)c1C1C(=O)N2CCOCCN2C1=O	CCc1cc(C)cc(CC)c1C1C(=O)N2CCOCCN2C1=O	Pinoxaden	https://envipath.org/package/5882df9c-dae1-4d80-a40e-db4724271456/compound/3334b701-a6be-4a1d-ba7b-7c3ef705337f/structure/fd111652-996f-4706-bf78-0683bb9d796e	1	0.7702553858136925	0.14435257262713			4.038389994787527	0.97	0.13
633	CCc1cc(C)cc(CC)c1C1(O)C(=O)N2CCOCCN2C1=O	NOA 447204 (M3)	11	71.19586578382302	51.26	1.8524547756677352	1.3236097326783614	0.3609630213287544	1.85	0.39	0.12	CCc1cc(C)cc(CC)c1C1(O)C(=O)N2CCOCCN2C1=O	CCc1cc(C)cc(CC)c1C1(O)C(=O)N2CCOCCN2C1=O	CCc1cc(C)cc(CC)c1C1(O)C(=O)N2CCOCCN2C1=O	Pinoxaden	https://envipath.org/package/5882df9c-dae1-4d80-a40e-db4724271456/compound/1462b817-8e1f-46ea-80d7-4eae41d36ac6/structure/f7a8d5c2-ece3-4a77-b69b-15983115abd1	2	0.3684611734818695	0.09643496840067312			4.810456929208346	1.85	0.12
634	CNc1nc(C)c(C)c(O)n1	R034865	3	35.51616006970402	28.0	1.5504260046660479	0.40823996531184936	0.1819581876059502	1.54	0.39	0.26	CNc1nc(C)c(C)c(O)n1	CNc1nc(C)c(C)c(O)n1	CNc1nc(C)c(C)c(O)n1	Pirimicarb	https://envipath.org/package/5882df9c-dae1-4d80-a40e-db4724271456/compound/2d0dc659-a769-4a67-9458-91471d49ca22/structure/0863fbb6-e00f-42f3-bf17-3065220e86fa	2	0.71336448530109	0.08242706787153359			0.0	1.54	0.26
635	Cc1nc(N(C)C=O)nc(OC(=O)N(C)C)c1C	R034885	3	22.13824788853104	25.0	1.345143246061516	0.3452336581560347	0.1458016764594136	1.34	0.38	0.26	Cc1nc(N(C)C=O)nc(OC(=O)N(C)C)c1C	Cc1nc(N(C)C=O)nc(OC(=O)N(C)C)c1C	Cc1nc(N(C)C=O)nc(OC(=O)N(C)C)c1C	Pirimicarb	https://envipath.org/package/5882df9c-dae1-4d80-a40e-db4724271456/compound/94a02e32-9bbb-49cb-b726-a417582c1869/structure/b55fd9e0-fdf8-4976-984c-f12902294b07	1	0.3091206165165232	0.09132188326928194			0.0	1.34	0.26
636	Cc1nc(N(C)C)nc(O)c1C	R031805	3	26.406816421681683	27.0	1.421716046271822	0.14893901301206647	0.0611855987662395	1.41	0.36	0.25	Cc1nc(N(C)C)nc(O)c1C	Cc1nc(N(C)C)nc(O)c1C	Cc1nc(N(C)C)nc(O)c1C	Pirimicarb	https://envipath.org/package/5882df9c-dae1-4d80-a40e-db4724271456/compound/2d69247a-e600-47ef-bc26-796f1fb474d7/structure/706f0651-2c3e-41f5-a0a7-fbabaeba8ae9	1	0.71336448530109	0.08242706787153359			0.0	1.41	0.25
637	Cc1nc(N(C)C)nc(OC(=O)N(C)C)c1C	Pirimicarb	3	79.68280651582506	122.0	1.9013646220129221	0.6929380395661058	0.3116709825978928	1.9	0.45	0.29	Cc1nc(N(C)C)nc(OC(=O)N(C)C)c1C	Cc1nc(N(C)C)nc(OC(=O)N(C)C)c1C	Cc1nc(N(C)C)nc(OC(=O)N(C)C)c1C	Pirimicarb	https://envipath.org/package/5882df9c-dae1-4d80-a40e-db4724271456/compound/3ca977e7-f547-43e1-acdb-098af3a40918/structure/b184220e-2155-48ac-85a5-e350f81b9989	0	0.3091206165165232	0.09132188326928194			0.0	1.9	0.29
638	CNc1nc(C)c(C)c(OC(=O)N(C)C)n1	Desmethyl-Pirimicarb, RO34836	3	14.1945624886375	11.0	1.1521220110430141	1.2108533653148932	0.5004912292150419	1.17	0.53	0.35	CNc1nc(C)c(C)c(OC(=O)N(C)C)n1	CNc1nc(C)c(C)c(OC(=O)N(C)C)n1	CNc1nc(C)c(C)c(OC(=O)N(C)C)n1	Pirimicarb	https://envipath.org/package/5882df9c-dae1-4d80-a40e-db4724271456/compound/fad73966-94fc-4584-beee-a8d50a2f56d8/structure/083bf7a1-f92a-45de-9ef6-95efe194f575	1	0.9392668535736913				0.0	1.17	0.35
639	CCN(CC)c1nc(C)cc(OP(=O)(OC)OC)n1	Pirimiphos-methyl	3	6.999999999999999	7.0	0.8450980400142568	0.0	0.0	0.84	0.36	0.24	CCN(CC)c1nc(C)cc(OP(=O)(OC)OC)n1	CCN(CC)c1nc(C)cc(OP(=O)(OC)OC)n1	CCN(CC)c1nc(C)cc(OP(=O)(OC)OC)n1	Pirimiphos-methyl	https://envipath.org/package/5882df9c-dae1-4d80-a40e-db4724271456/compound/7e74e9d3-4f4d-4d3f-a256-2e517670c646/structure/9918f1da-2fd1-4666-bc70-619e7bd78ee8	0					0.0	0.84	0.24
640	CCCN(CCOc1c(Cl)cc(Cl)cc1Cl)C(=O)NC=O	BTS 44 596	5	14.240373999073373	11.4	1.1535213954525838	0.592514673421732	0.22099739358117884	1.15	0.35	0.18	CCCN(CCOc1c(Cl)cc(Cl)cc1Cl)C(=O)NC=O	CCCN(CCOc1c(Cl)cc(Cl)cc1Cl)C(=O)NC=O	CCCN(CCOc1c(Cl)cc(Cl)cc1Cl)C(=O)NC=O	Prochloraz	https://envipath.org/package/5882df9c-dae1-4d80-a40e-db4724271456/compound/de437f2f-7850-4b76-bb1f-8b2f41986f63/structure/93fa080d-dd55-4ac1-ba1f-cc45f46ed262	1	0.9453041838477179	0.18406524634973703			2.449489742783178	1.15	0.18
641	CCCN(CCOc1c(Cl)cc(Cl)cc1Cl)C(=O)n1ccnc1	Prochloraz	9	168.52101178578206	156.2	2.226654057929667	0.6711995768300252	0.20375549678020566	2.23	0.3	0.11	CCCN(CCOc1c(Cl)cc(Cl)cc1Cl)C(=O)n1ccnc1	CCCN(CCOc1c(Cl)cc(Cl)cc1Cl)C(=O)n1ccnc1	CCCN(CCOc1c(Cl)cc(Cl)cc1Cl)C(=O)n1ccnc1	Prochloraz	https://envipath.org/package/5882df9c-dae1-4d80-a40e-db4724271456/compound/861a613e-36c0-4a67-ab44-b96974b2703f/structure/bc7decce-c4ba-4916-9e41-e56101e10591	0	0.9966610925150702	0.1985861764866872			3.3333333333333335	2.23	0.11
642	CCCN(CCOc1c(Cl)cc(Cl)cc1Cl)C(N)=O	BTS 44 595	5	190.94859819631952	216.2	2.2809164744514794	0.6874797487632198	0.26735678279081665	2.26	0.36	0.19	CCCN(CCOc1c(Cl)cc(Cl)cc1Cl)C(N)=O	CCCN(CCOc1c(Cl)cc(Cl)cc1Cl)C(N)=O	CCCN(CCOc1c(Cl)cc(Cl)cc1Cl)C(N)=O	Prochloraz	https://envipath.org/package/5882df9c-dae1-4d80-a40e-db4724271456/compound/4be029fc-3e8a-42c0-b784-59395896963a/structure/00a2e20e-6281-41b8-bff7-c4e679989e9b	2	0.9453041838477179	0.18406524634973703			2.449489742783178	2.26	0.19
643	CCC(=O)C1=C([O-])CC(C(=O)[O-])CC1=O	Prohexadione-calcium	12	10.167637340798718	7.8	1.0072200474103534	2.404367151330406	0.7284300145088108	1.02	0.72	0.22	CCC(=O)C1=C([O-])CC(C(=O)[O-])CC1=O	CCC(=O)C1=C([O-])CC(C(=O)[O-])CC1=O	CCC(=O)C1=C([O-])CC(C(=O)[O-])CC1=O	Prohexadione-calcium	https://envipath.org/package/5882df9c-dae1-4d80-a40e-db4724271456/compound/d8be461c-e73e-4a2d-bfd5-5232b8b214a7/structure/d7aca35e-5728-46f3-aef1-5946bcbb8d83	0	0.7164728420068227	0.22101241555404466			4.714045207910317	1.02	0.22
644	CCCOC(=O)NCCCN(C)C	Propamocarb hydrochloride	22	25.898023162861737	22.1	1.4132666149605417	1.7172413003887446	0.5168369306451579	1.42	0.53	0.12	CCCOC(=O)NCCCN(C)C	CCCOC(=O)NCCCN(C)C	CCCOC(=O)NCCCN(C)C	Propamocarb hydrochloride	https://envipath.org/package/5882df9c-dae1-4d80-a40e-db4724271456/compound/8cc8c7b5-2542-4c87-a1c3-9f125c1263d4/structure/389d353c-5c66-4834-b127-2b84e6c612e7	0	0.7057147188934136	0.24654061115493067			5.432531333937695	1.42	0.12
645	CCC(=O)Nc1ccc(Cl)c(Cl)c1	Propanil	4	0.5093106139193277	0.52	-0.2930172731296064	0.5717983862954269	0.20536143473844234	-0.27	0.36	0.2	CCC(=O)Nc1ccc(Cl)c(Cl)c1	CCC(=O)Nc1ccc(Cl)c(Cl)c1	CCC(=O)Nc1ccc(Cl)c(Cl)c1	Propanil	https://envipath.org/package/5882df9c-dae1-4d80-a40e-db4724271456/compound/2eee83eb-0afe-4604-8a0c-82c2a6b86c20/structure/45e52e70-a968-4679-8424-c8d39f0ee06f	0	0.7980444849756185	0.3377589096784909			0.0	-0.27	0.2
646	Nc1ccc(Cl)c(Cl)c1	DCA	4	3.1320260451145474	2.9000000000000004	0.49582536488095613	0.7323937598229685	0.2737278556828053	0.51	0.39	0.21	Nc1ccc(Cl)c(Cl)c1	Nc1ccc(Cl)c(Cl)c1	Nc1ccc(Cl)c(Cl)c1	Propanil	https://envipath.org/package/5882df9c-dae1-4d80-a40e-db4724271456/compound/88622df6-2647-4607-9216-45d7b022191e/structure/1dd776db-a2cb-4afe-bb3e-9a8c8589e279	1	0.7980444849756184	0.3377589096784909			0.0	0.51	0.21
647	CC(C)=NOCCOC(=O)C(C)Oc1ccc(Oc2cnc3cc(Cl)ccc3n2)cc1	Propaquizafop	14	18.144463102984016	25.0	1.2587441218966666	1.6658935455344326	0.5502699888540086	1.2	0.68	0.2	CC(C)=NOCCOC(=O)C(C)Oc1ccc(Oc2cnc3cc(Cl)ccc3n2)cc1	CC(C)=NOCCOC(=O)C(C)Oc1ccc(Oc2cnc3cc(Cl)ccc3n2)cc1	CC(C)=NOCCOC(=O)C(C)Oc1ccc(Oc2cnc3cc(Cl)ccc3n2)cc1	Propaquizafop	https://envipath.org/package/5882df9c-dae1-4d80-a40e-db4724271456/compound/d22c8b4f-9a84-4e8f-8462-ab214872df95/structure/e0040510-b72f-47d1-9a7c-576a23755487	0	0.6876505401045814	0.1720135328483768			3.4641016151377544	1.2	0.2
648	CC(Oc1ccc(Oc2nc3ccc(Cl)cc3nc2O)cc1)C(=O)O	Hydroxy Propaquizafop acid (CGA 294972)	18	28.04993520626608	30.4	1.4479318623981123	1.4915617834401633	0.3732190059552406	1.45	0.39	0.1	CC(Oc1ccc(Oc2nc3ccc(Cl)cc3nc2O)cc1)C(=O)O	CC(Oc1ccc(Oc2nc3ccc(Cl)cc3nc2O)cc1)C(=O)O	CC(Oc1ccc(Oc2nc3ccc(Cl)cc3nc2O)cc1)C(=O)O	Propaquizafop	https://envipath.org/package/5882df9c-dae1-4d80-a40e-db4724271456/compound/c0829157-f3f8-42e7-a890-221d65e5e38e/structure/aca121d7-936a-4556-9009-fbac5e630b09	2	0.8573552499934657	0.24093835279286713			2.290614236454256	1.45	0.1
649	CC(Oc1ccc(Oc2cnc3cc(Cl)ccc3n2)cc1)C(=O)O	Propaquizafop acid (CGA 287422)	21	30.28869075313154	31.8	1.4812805010984795	1.4137785893578743	0.3542149188797924	1.48	0.38	0.09	CC(Oc1ccc(Oc2cnc3cc(Cl)ccc3n2)cc1)C(=O)O	CC(Oc1ccc(Oc2cnc3cc(Cl)ccc3n2)cc1)C(=O)O	CC(Oc1ccc(Oc2cnc3cc(Cl)ccc3n2)cc1)C(=O)O	Propaquizafop	https://envipath.org/package/5882df9c-dae1-4d80-a40e-db4724271456/compound/c435d98d-0a14-4ca5-aad4-6e1ae7cb39ff/structure/cf025481-e407-4735-9b1d-373f12e317ca	1	0.829431682599461	0.23816142294222242			3.749527559053244	1.48	0.09
650	Oc1nc2ccc(Cl)cc2nc1O	Dihydroxy quinoxaline (CGA 294970)	6	84.89634466179373	65.95	1.9288889914525755	0.6793942447209003	0.23595147497351251	1.93	0.34	0.16	Oc1nc2ccc(Cl)cc2nc1O	Oc1nc2ccc(Cl)cc2nc1O	Oc1nc2ccc(Cl)cc2nc1O	Propaquizafop	https://envipath.org/package/5882df9c-dae1-4d80-a40e-db4724271456/compound/418eb1a8-b769-43c7-8cd2-edbe6297e81b/structure/b02e5c5c-b954-40ce-912f-10a1a3c5877e	2	1.2058883309273152	0.2890683167763089			0.0	1.93	0.16
651	Oc1cnc2cc(Cl)ccc2n1	Hydroxy quinoxaline (CGA 290291)	3	59.6544957472204	65.0	1.7756431790145015	0.18850051703750115	0.08134253022942796	1.76	0.35	0.24	Oc1cnc2cc(Cl)ccc2n1	Oc1cnc2cc(Cl)ccc2n1	Oc1cnc2cc(Cl)ccc2n1	Propaquizafop	https://envipath.org/package/5882df9c-dae1-4d80-a40e-db4724271456/compound/9e15179e-c527-4951-9c2e-371d24b3aab9/structure/c15b6a33-cdb1-4af9-a57c-a45b96667995	3	1.0866768915674367	0.1606779833112753			0.0	1.76	0.24
652	C#CCOS(=O)OC1CCCCC1Oc1ccc(C(C)(C)C)cc1	Propargite	5	67.826708247356	55.53	1.8314007404809323	0.41547488417657297	0.16153428198278638	1.83	0.33	0.16	C#CCOS(=O)OC1CCCCC1Oc1ccc(C(C)(C)C)cc1	C#CCOS(=O)OC1CCCCC1Oc1ccc(C(C)(C)C)cc1	C#CCOS(=O)OC1CCCCC1Oc1ccc(C(C)(C)C)cc1	Propargite	https://envipath.org/package/5882df9c-dae1-4d80-a40e-db4724271456/compound/2dae3d2f-bb04-4678-a55d-3fb2e8427849/structure/a92e060b-13cc-49e2-b5cd-2a3553ef94e1	0	0.6623714969712994	0.1398587768617854			2.244994432064365	1.83	0.16
653	CC(C)(C(=O)O)c1ccc(OC2CCCCC2O)cc1	TBPC-acid	1	18.2	18.2	1.2600713879850747	0.0	0.0	1.26	0.47	0.58	CC(C)(C(=O)O)c1ccc(OC2CCCCC2O)cc1	CC(C)(C(=O)O)c1ccc(OC2CCCCC2O)cc1	CC(C)(C(=O)O)c1ccc(OC2CCCCC2O)cc1	Propargite	https://envipath.org/package/5882df9c-dae1-4d80-a40e-db4724271456/compound/6795864b-5966-4d75-a811-07cc1acfbbc7/structure/ff7cd3b4-ad2d-4ce2-8ad1-3d42042695fa	2	0.0	0.0			0.0	1.26	0.58
654	CC(C)(C)c1ccc(OC2CCCCC2O)cc1	TBPC	5	17.244152690378804	9.7	1.2366418597104614	1.6730908291284665	0.613321984214345	1.24	0.63	0.3	CC(C)(C)c1ccc(OC2CCCCC2O)cc1	CC(C)(C)c1ccc(OC2CCCCC2O)cc1	CC(C)(C)c1ccc(OC2CCCCC2O)cc1	Propargite	https://envipath.org/package/5882df9c-dae1-4d80-a40e-db4724271456/compound/34bde515-e877-4284-aad1-f605690cdcbc/structure/49066101-514a-4d3a-be06-fd512efc03ce	1	0.7013871969176513	0.15869516343868836			2.0	1.24	0.3
655	CC(C)(COS(=O)(=O)O[Na])c1ccc(OC2CCCCC2O)cc1	TBPC-sulphate	2	91.6602421991127	135.8	1.9621810004714908	0.8214620049972317	0.4107310024986158	1.95	0.51	0.45	CC(C)(COS(=O)(=O)O[Na])c1ccc(OC2CCCCC2O)cc1	CC(C)(COS(=O)(=O)O[Na])c1ccc(OC2CCCCC2O)cc1	CC(C)(COS(=O)(=O)O[Na])c1ccc(OC2CCCCC2O)cc1	Propargite	https://envipath.org/package/5882df9c-dae1-4d80-a40e-db4724271456/compound/f61e6f08-0a01-4e39-bf02-7a3d04359a27/structure/389e3c87-15e5-455d-b3a4-2ec7b36ac01c	1	0.8500000000000001	0.047654216754627554			0.0	1.95	0.45
656	CC1CN2C(=S)SSC2=N1	Propineb-DIDT	4	0.05637140270072838	0.064	-1.248941158410133	2.151267675330649	0.8162688743686666	-0.93	0.64	0.43	CC1CN2C(=S)SSC2=N1	CC1CN2C(=S)SSC2=N1	CC1CN2C(=S)SSC2=N1	Propineb	https://envipath.org/package/5882df9c-dae1-4d80-a40e-db4724271456/compound/ecd19b3e-aedc-49b6-88cf-e90d63a82b36/structure/2ef1653f-5465-4a3b-ad07-9519e8a4fbf9	1	0.7348469228349535	0.14685876533100062			0.0	-0.93	0.43
657	CC1CNC(=O)N1	PU	18	4.676393308044856	5.45	0.6699110303619832	0.6074550232146685	0.1692789065820383	0.68	0.26	0.06	CC1CNC(=O)N1	CC1CNC(=O)N1	CC1CNC(=O)N1	Propineb	https://envipath.org/package/5882df9c-dae1-4d80-a40e-db4724271456/compound/811b890e-0722-4f5c-98b8-0efa6399bd64/structure/82b51f12-990f-442a-9d69-e95d5e22231b	2	0.752957133205101	0.12379341407983782			0.24944382578493002	0.68	0.06
658	CC1CNC(=S)N1	PTU	8	0.11413637127862711	0.08	-0.9425759390300961	1.2218487496163564	0.4940326072020318	-1.06	0.69	0.36	CC1CNC(=S)N1	CC1CNC(=S)N1	CC1CNC(=S)N1	Propineb	https://envipath.org/package/5882df9c-dae1-4d80-a40e-db4724271456/compound/7737ac32-0831-40c8-9c29-b4b1a6e3d18f/structure/703c824a-6875-496a-904e-ff95b697c10c	1	0.676271949736199	0.13670080134483564			0.3000000000000007	-1.06	0.36
659	CC1C[NH+]=CN1	4-Methyl-imidazoline	4	2.2400909742089556	2.3	0.3502656561889197	0.2167091099639453	0.07747087426314168	0.36	0.33	0.18	CC1C[NH+]=CN1	CC1C[NH+]=CN1	CC1C[NH+]=CN1	Propineb	https://envipath.org/package/5882df9c-dae1-4d80-a40e-db4724271456/compound/b855563d-239b-4210-b8f4-b9cb5a5b66e5/structure/513fe041-51dd-49ee-8975-43bc34afa741	1	0.7348469228349535	0.14685876533100062			0.0	0.36	0.18
660	CCc1cccc(C)c1N(COC(C)C)C(=O)CS(=O)(=O)O	M2 2-[ethyl-6-methylphenyl)(isopropoxymethyl)amino]-2-oxoethane sulfonic acid	11	122.59272850703763	196.0	2.0884647111047197	1.7339475878915902	0.6365461786003097	2.09	0.65	0.2	CCc1cccc(C)c1N(COC(C)C)C(=O)CS(=O)(=O)O	CCc1cccc(C)c1N(COC(C)C)C(=O)CS(=O)(=O)O	CCc1cccc(C)c1N(COC(C)C)C(=O)CS(=O)(=O)O	Propisochlor	https://envipath.org/package/5882df9c-dae1-4d80-a40e-db4724271456/compound/1cc5a915-598b-4f14-829a-c0dc3becb954/structure/ac14488b-5645-4150-a180-6f01393e616a	2	0.7119627160820354	0.19184303214427711			0.0	2.09	0.2
661	CCc1cccc(C)c1N(COC(C)C)C(=O)CS(=O)CC(=O)O	M7 ({2-[(2-ethyl-6-methylphenyl)(isopropoxy-methyl)amino]-2-oxoethyl}sulfinyl)acetic acid	8	179.55023185971532	145.0	2.254185970282643	1.0698036973205634	0.4012781416885098	2.25	0.45	0.17	CCc1cccc(C)c1N(COC(C)C)C(=O)CS(=O)CC(=O)O	CCc1cccc(C)c1N(COC(C)C)C(=O)CS(=O)CC(=O)O	CCc1cccc(C)c1N(COC(C)C)C(=O)CS(=O)CC(=O)O	Propisochlor	https://envipath.org/package/5882df9c-dae1-4d80-a40e-db4724271456/compound/0f05c885-eae7-43b0-95ad-d7a13e95906e/structure/ee26d28b-7f8b-4188-9ae5-4188972d86c3	2	0.44918676516567124	0.2364905142477703			0.0	2.25	0.17
662	CCc1cccc(C)c1N(COC(C)C)C(=O)CO	M5 N-(2-ethyl-6-methylphenyl)-2-hydroxy-N(isopropoxymethyl)acetamide	6	119.30262171365179	120.0	2.076649987536742	0.3402566190656986	0.1389207139744146	2.07	0.31	0.14	CCc1cccc(C)c1N(COC(C)C)C(=O)CO	CCc1cccc(C)c1N(COC(C)C)C(=O)CO	CCc1cccc(C)c1N(COC(C)C)C(=O)CO	Propisochlor	https://envipath.org/package/5882df9c-dae1-4d80-a40e-db4724271456/compound/f92faed2-93b9-4e47-8226-2209c4dcde26/structure/f8b1e355-f786-4209-bd51-c798c077bc09	1	0.14383632673594274	0.26843386776252703			0.0	2.07	0.14
663	CCc1cccc(C)c1N(COC(C)C)C(=O)C(=O)O	M4 [(2-ethyl-6-methylphenyl))(isopropoxymethyl)amino](oxo)acetic acid	8	104.38386915282618	101.95	2.0186333906280756	0.7814664915351206	0.2767622538519315	2.03	0.34	0.14	CCc1cccc(C)c1N(COC(C)C)C(=O)C(=O)O	CCc1cccc(C)c1N(COC(C)C)C(=O)C(=O)O	CCc1cccc(C)c1N(COC(C)C)C(=O)C(=O)O	Propisochlor	https://envipath.org/package/5882df9c-dae1-4d80-a40e-db4724271456/compound/c64e0a7f-6dd7-445d-9b98-e7695eec0f8a/structure/e179f6d0-a5c1-4ed7-9ef3-f7d716f8ef9e	2	0.44918676516567124	0.2364905142477703			0.0	2.03	0.14
664	CCc1cccc(C)c1N(COC(C)C)C(=O)CCl	Propisochlor	10	14.223038850688653	11.4	1.1529923963296025	0.6799467670225884	0.24895202973738734	1.16	0.32	0.11	CCc1cccc(C)c1N(COC(C)C)C(=O)CCl	CCc1cccc(C)c1N(COC(C)C)C(=O)CCl	CCc1cccc(C)c1N(COC(C)C)C(=O)CCl	Propisochlor	https://envipath.org/package/5882df9c-dae1-4d80-a40e-db4724271456/compound/604cfedb-9d11-42a3-9163-fd0a1d160f32/structure/242fc327-3f38-4638-8af5-c44030c9fbff	0	0.5008153352284651	0.21365184335980314			4.0	1.16	0.11
665	CCc1cccc(C)c1N(COC(C)C)C(=O)CSSCC(=O)N(COC(C)C)c1c(C)cccc1CC	M9 N-(2-ethyl-6-methylphenyl)-N-(isopropoxymethyl)-2-(mercapto)acetamide	2	45.400000000000006	45.4	1.657055852857104	0.0	0.0	1.65	0.39	0.31	CCc1cccc(C)c1N(COC(C)C)C(=O)CSSCC(=O)N(COC(C)C)c1c(C)cccc1CC	CCc1cccc(C)c1N(COC(C)C)C(=O)CSSCC(=O)N(COC(C)C)c1c(C)cccc1CC	CCc1cccc(C)c1N(COC(C)C)C(=O)CSSCC(=O)N(COC(C)C)c1c(C)cccc1CC	Propisochlor	https://envipath.org/package/5882df9c-dae1-4d80-a40e-db4724271456/compound/79fd7833-0f29-4357-a46b-5cdfb8e44331/structure/7270ccd4-cb7b-4e4b-a7da-60e7ec7d0815	2	0.0	0.0			0.0	1.65	0.31
666	CCCOc1nn(C(N)=O)c(=O)n1C	M09 (N-methyl propoxy triazolinone amide)	2	181.29007143249729	235.3	2.258374020090262	0.6548499778454777	0.32742498892273886	2.25	0.47	0.4	CCCOc1nn(C(N)=O)c(=O)n1C	CCCOc1nn(C(N)=O)c(=O)n1C	CCCOc1nn(C(N)=O)c(=O)n1C	Propoxycarbazone-sodium	https://envipath.org/package/5882df9c-dae1-4d80-a40e-db4724271456/compound/9baf90bb-879b-4bd0-a034-b6f1099c5924/structure/d27723fb-ac63-44c3-b95d-7332575bb39c	1	0.25	0.09657098524059127			0.0	2.25	0.4
667	CCCOc1nn(C(=O)[N-]S(=O)(=O)c2ccccc2C(=O)OC)c(=O)n1C	Propoxycarbazone-sodium	8	43.55555020055994	57.95	1.6390435041862172	1.44135267180627	0.451733236825608	1.64	0.47	0.18	CCCOc1nn(C(=O)[N-]S(=O)(=O)c2ccccc2C(=O)OC)c(=O)n1C	CCCOc1nn(C(=O)[N-]S(=O)(=O)c2ccccc2C(=O)OC)c(=O)n1C	CCCOc1nn(C(=O)[N-]S(=O)(=O)c2ccccc2C(=O)OC)c(=O)n1C	Propoxycarbazone-sodium	https://envipath.org/package/5882df9c-dae1-4d80-a40e-db4724271456/compound/ef22e329-2f02-46f9-a552-dfdde5aba83c/structure/5046a34b-6544-4bc6-97af-5c6c3c0624d5	0	0.5958187643906492	0.1417573133360093			0.0	1.64	0.18
668	COc1cccc2c1C(=O)NS2(=O)=O	M11	1	7.2	7.2	0.8573324964312685	0.0	0.0	0.89	0.44	0.57	COc1cccc2c1C(=O)NS2(=O)=O	COc1cccc2c1C(=O)NS2(=O)=O	COc1cccc2c1C(=O)NS2(=O)=O	Propoxycarbazone-sodium	https://envipath.org/package/5882df9c-dae1-4d80-a40e-db4724271456/compound/09b4d93a-bd4f-4342-9dee-c8d5569c2e41/structure/6b16ae0d-02ff-49b9-a989-bc2f1fc851ca	5	0.0	0.0			0.0	0.89	0.57
669	CCCOc1n[nH]c(=O)n1C	M10 (N-methyl propoxy triazolinone)	2	126.46817781560699	126.55	2.101981261182416	0.031242861015335688	0.015621430507667844	2.1	0.38	0.34	CCCOc1n[nH]c(=O)n1C	CCCOc1n[nH]c(=O)n1C	CCCOc1n[nH]c(=O)n1C	Propoxycarbazone-sodium	https://envipath.org/package/5882df9c-dae1-4d80-a40e-db4724271456/compound/909d465c-248a-4240-a307-7cfb4485d19e/structure/35a843f3-57a8-4fa0-860b-c42cf6749bea	1	0.6999999999999997	0.1365006360318689			0.0	2.1	0.34
670	O=C1NS(=O)(=O)c2cccc(O)c21	M08 (4-hydroxy saccharin)	3	100.08440583650314	64.9	2.0003664152741436	1.2033337709683858	0.5089501460912083	1.99	0.56	0.36	O=C1NS(=O)(=O)c2cccc(O)c21	O=C1NS(=O)(=O)c2cccc(O)c21	O=C1NS(=O)(=O)c2cccc(O)c21	Propoxycarbazone-sodium	https://envipath.org/package/5882df9c-dae1-4d80-a40e-db4724271456/compound/0f90fb72-0a23-4f43-9412-9859fed30e0a/structure/acf765c1-e6fb-48e6-8d7e-1e9029370f4b	4	0.6128258770283411	0.11300411825605479			0.0	1.99	0.36
671	C=C1OC(c2cc(Cl)cc(Cl)c2)=NC1(C)C	RH-24644	7	30.064894244194463	28.6	1.4780596805166732	0.9968867645758572	0.3355111911204118	1.48	0.4	0.16	C=C1OC(c2cc(Cl)cc(Cl)c2)=NC1(C)C	C=C1OC(c2cc(Cl)cc(Cl)c2)=NC1(C)C	C=C1OC(c2cc(Cl)cc(Cl)c2)=NC1(C)C	Propyzamide	https://envipath.org/package/5882df9c-dae1-4d80-a40e-db4724271456/compound/5c08f1bb-0774-42f7-83d0-4d5c6c0f200c/structure/40aa71f3-da3c-48ff-afb7-3580d1d5a65c	1	0.7687785169756406	0.35169937761553527			0.39589732744431516	1.48	0.16
672	CC(=O)C(C)(C)NC(=O)c1cc(Cl)cc(Cl)c1	RH-24580	3	51.89027962344113	48.3	1.7150860110030848	0.1843323883484671	0.07840845934826954	1.7	0.36	0.24	CC(=O)C(C)(C)NC(=O)c1cc(Cl)cc(Cl)c1	CC(=O)C(C)(C)NC(=O)c1cc(Cl)cc(Cl)c1	CC(=O)C(C)(C)NC(=O)c1cc(Cl)cc(Cl)c1	Propyzamide	https://envipath.org/package/5882df9c-dae1-4d80-a40e-db4724271456/compound/e5cfdf04-0b78-4a2d-8241-a6cb6bda869d/structure/d84e601a-7e6c-44ca-8974-310109e339a7	2	0.6018490028422594	0.44497265437661343			0.37712361663282573	1.7	0.24
673	C#CC(C)(C)NC(O)c1cc(Cl)cc(Cl)c1	Propyzamide	11	48.38451740732628	43.6	1.6847064137051917	1.040059811021779	0.3094553780559116	1.69	0.36	0.11	C#CC(C)(C)NC(O)c1cc(Cl)cc(Cl)c1	C#CC(C)(C)NC(O)c1cc(Cl)cc(Cl)c1	C#CC(C)(C)NC(O)c1cc(Cl)cc(Cl)c1	Propyzamide	https://envipath.org/package/5882df9c-dae1-4d80-a40e-db4724271456/compound/8fced173-8d48-4d98-97c5-08d34bc4f3b7/structure/04de742e-473a-4c08-9b9a-e0fe9779fdca	0	0.6928203230275508	0.3384942212539767			3.4874983337772614	1.69	0.11
674	CCCOc1nc2ccccc2c(=O)n1CCC	IN-MM671	10	120.70718549972251	119.5	2.081733123701281	0.9402317949965102	0.2706741385810847	2.07	0.34	0.11	CCCOc1nc2ccccc2c(=O)n1CCC	CCCOc1nc2ccccc2c(=O)n1CCC	CCCOc1nc2ccccc2c(=O)n1CCC	Proquinazid	https://envipath.org/package/5882df9c-dae1-4d80-a40e-db4724271456/compound/259cbe64-cac0-408e-8ec4-73ad23e80da6/structure/2f725641-0397-432d-9462-8c049d10f33c	1	0.902441133814278	0.14528313291766032			3.0	2.07	0.11
675	CCCn1c(=O)[nH]c2ccccc2c1=O	IN-MM991	4	49.060828507099046	53.0	1.6907348780127058	0.760566075582531	0.3046588343168073	1.67	0.4	0.23	CCCn1c(=O)[nH]c2ccccc2c1=O	CCCn1c(=O)[nH]c2ccccc2c1=O	CCCn1c(=O)[nH]c2ccccc2c1=O	Proquinazid	https://envipath.org/package/5882df9c-dae1-4d80-a40e-db4724271456/compound/2e893544-c040-45b6-8811-50d0bd37ac98/structure/05b23ecf-6e09-43db-a746-26f2d9b57687	2	0.9836157786452998	0.18313824747403126			4.330127018922194	1.67	0.23
676	CCCn1c(=O)[nH]c2ccc(I)cc2c1=O	IN-MM986	4	26.03792331979695	28.5	1.4156063436934854	0.3756636139608853	0.1582697071544892	1.41	0.35	0.21	CCCn1c(=O)[nH]c2ccc(I)cc2c1=O	CCCn1c(=O)[nH]c2ccc(I)cc2c1=O	CCCn1c(=O)[nH]c2ccc(I)cc2c1=O	Proquinazid	https://envipath.org/package/5882df9c-dae1-4d80-a40e-db4724271456/compound/d7cb6dec-cd8e-4e6a-a6bc-cecc18a06898/structure/0bb3a8f2-6c02-462c-a8f8-9fef4ee80dfd	1	0.9836157786452998	0.18313824747403126			4.330127018922194	1.41	0.21
677	CCCOc1nc2ccc(I)cc2c(=O)n1CCC	Proquinazid	7	135.81052750010159	149.0	2.1329334360563728	1.055649245376863	0.3676217647638207	2.12	0.41	0.17	CCCOc1nc2ccc(I)cc2c(=O)n1CCC	CCCOc1nc2ccc(I)cc2c(=O)n1CCC	CCCOc1nc2ccc(I)cc2c(=O)n1CCC	Proquinazid	https://envipath.org/package/5882df9c-dae1-4d80-a40e-db4724271456/compound/acb723fd-fce2-4d86-a81b-95fdeabdf8c9/structure/a1c59ae5-6749-4d8a-8f97-02111cf81f7f	0	0.8263517065131182	0.1110395872119429			3.4992710611188254	2.12	0.17
678	CCCN(CCC)C(=O)SCc1ccccc1	Prosulfocarb	5	9.860306999546992	9.3	0.9938904368614551	0.5509074688805811	0.1972992352930382	1.0	0.34	0.17	CCCN(CCC)C(=O)SCc1ccccc1	CCCN(CCC)C(=O)SCc1ccccc1	CCCN(CCC)C(=O)SCc1ccccc1	Prosulfocarb	https://envipath.org/package/5882df9c-dae1-4d80-a40e-db4724271456/compound/46b158b8-c847-485f-adca-e6004eff6f39/structure/715ca495-f49a-4aac-9442-e05efbff8526	0	0.776180391403957	0.03294353738610241			0.7348469228349533	1.0	0.17
679	NC(N)=NC(=O)NS(=O)(=O)c1ccccc1CCC(F)(F)F	CGA349707 N-((diaminomethylene)carbamoyl)-2-(3,3,3-trifluoropropyl)benzenesulfonamide	3	113.28541419016567	113.0	2.054173996849256	0.1828125242921268	0.07463692087878004	2.05	0.36	0.25	NC(N)=NC(=O)NS(=O)(=O)c1ccccc1CCC(F)(F)F	NC(N)=NC(=O)NS(=O)(=O)c1ccccc1CCC(F)(F)F	NC(N)=NC(=O)NS(=O)(=O)c1ccccc1CCC(F)(F)F	Prosulfuron	https://envipath.org/package/5882df9c-dae1-4d80-a40e-db4724271456/compound/9da9c0f8-ee77-4376-a309-4e7d7b86d518/structure/0a903bb2-dfce-4c26-bf2d-fc83ced1fd8b	2	0.9201449161228175	0.06574402007815808			0.0	2.05	0.25
680	NS(=O)(=O)c1ccccc1CCC(F)(F)F	CGA159902 2,(3,3,3-Trifluoropropyl)-benzenesulfonamide	4	124.15475639300259	129.8	2.0939633621158436	0.2852536600847033	0.13905789130989288	2.09	0.33	0.19	NS(=O)(=O)c1ccccc1CCC(F)(F)F	NS(=O)(=O)c1ccccc1CCC(F)(F)F	NS(=O)(=O)c1ccccc1CCC(F)(F)F	Prosulfuron	https://envipath.org/package/5882df9c-dae1-4d80-a40e-db4724271456/compound/0bb0e463-4d86-4dc6-acc1-8b5b9d50f8c8/structure/e47dbae4-e841-488e-8faa-a29d75fe0846	1	0.8036168241145777	0.0697313991435178			0.0	2.09	0.19
681	Cc1nc(O)nc(NC(=O)NS(=O)(=O)c2ccccc2CCC(F)(F)F)n1	CGA300406 N-((4-hydroxy-6-methyl-1,3,5-triazin-2-yl)carbamoyl)-2-(3,3,3-trifluoropropyl)benzenesulfonamide	6	6.344166426662752	4.199999999999999	0.8023745673160463	0.9898603686491201	0.35019114300164805	0.81	0.4	0.18	Cc1nc(O)nc(NC(=O)NS(=O)(=O)c2ccccc2CCC(F)(F)F)n1	Cc1nc(O)nc(NC(=O)NS(=O)(=O)c2ccccc2CCC(F)(F)F)n1	Cc1nc(O)nc(NC(=O)NS(=O)(=O)c2ccccc2CCC(F)(F)F)n1	Prosulfuron	https://envipath.org/package/5882df9c-dae1-4d80-a40e-db4724271456/compound/1bb7936b-bd18-40c7-895a-f67cd89d0369/structure/bf432340-1720-41b2-ba16-cdceb36f196b	1	0.7845522431439618	0.09572788140190602			0.0	0.81	0.18
682	N=C(NC(N)=O)NC(=O)NS(=O)(=O)c1ccccc1CCC(F)(F)F	SYN542604 [(N-aminocarbonyl]amino)imino)methyl)aminocarbonyl-2-(3,3,3-trifluoropropyl)-benzenesulfonamide	9	102.68420429154378	125.0	2.0115036420722294	0.8668778143374987	0.25081494638338175	2.01	0.33	0.12	N=C(NC(N)=O)NC(=O)NS(=O)(=O)c1ccccc1CCC(F)(F)F	N=C(NC(N)=O)NC(=O)NS(=O)(=O)c1ccccc1CCC(F)(F)F	N=C(NC(N)=O)NC(=O)NS(=O)(=O)c1ccccc1CCC(F)(F)F	Prosulfuron	https://envipath.org/package/5882df9c-dae1-4d80-a40e-db4724271456/compound/8811f7f2-5969-480d-b62e-bb84c9fdd8e8/structure/e4378c2d-c6a4-4d51-bb7a-9075c4af75e1	2	0.8810025153759581	0.090780812432397			0.0	2.01	0.12
683	COc1nc(C)nc(NC(=O)NS(=O)(=O)c2ccccc2CCC(F)(F)F)n1	Prosulfuron	6	26.509157979591244	21.75	1.4233959332923238	0.5985204894060911	0.20861587596827738	1.41	0.33	0.15	COc1nc(C)nc(NC(=O)NS(=O)(=O)c2ccccc2CCC(F)(F)F)n1	COc1nc(C)nc(NC(=O)NS(=O)(=O)c2ccccc2CCC(F)(F)F)n1	COc1nc(C)nc(NC(=O)NS(=O)(=O)c2ccccc2CCC(F)(F)F)n1	Prosulfuron	https://envipath.org/package/5882df9c-dae1-4d80-a40e-db4724271456/compound/9d567781-5452-47e3-b802-42a613d515ef/structure/43247a09-a4e1-49cb-a748-b45e861b208a	0	0.7845522431439618	0.09572788140190601			0.0	1.41	0.15
684	Cc1nc(N)nc(NC(=O)NS(=O)(=O)c2ccccc2CCC(F)(F)F)n1	CGA325025 N-((4-amino-6-methyl-1,3,5-triazin-2-yl)carbamoyl)-2-(3,3,3-trifluoropropyl)benzenesulfonamide	3	62.33597352831489	50.1	1.794738746434416	0.3328218300878325	0.1515415133976416	1.79	0.37	0.24	Cc1nc(N)nc(NC(=O)NS(=O)(=O)c2ccccc2CCC(F)(F)F)n1	Cc1nc(N)nc(NC(=O)NS(=O)(=O)c2ccccc2CCC(F)(F)F)n1	Cc1nc(N)nc(NC(=O)NS(=O)(=O)c2ccccc2CCC(F)(F)F)n1	Prosulfuron	https://envipath.org/package/5882df9c-dae1-4d80-a40e-db4724271456/compound/1fb24b9f-bcd0-49c9-a3fd-ef900d91b42a/structure/eb7a8c71-54fc-4e83-9e03-3b43dac217e7	2	0.9201449161228175	0.06574402007815808			0.0	1.79	0.24
685	OC(Cc1ccccc1Cl)(Cn1cncn1)C1(Cl)CC1	M04 prothioconazole-desthio	4	19.025908468909986	24.1	1.2793454030833415	0.6863808770279983	0.26883179852210853	1.28	0.38	0.22	OC(Cc1ccccc1Cl)(Cn1cncn1)C1(Cl)CC1	OC(Cc1ccccc1Cl)(Cn1cncn1)C1(Cl)CC1	OC(Cc1ccccc1Cl)(Cn1cncn1)C1(Cl)CC1	Prothioconazole	https://envipath.org/package/5882df9c-dae1-4d80-a40e-db4724271456/compound/ec7c5e19-8d99-4f70-b5d6-eddd3768c6bb/structure/1eff2115-4888-474c-876b-e9a97f6d3b4b	1	0.5804093383121949	0.20093744981754005			0.0	1.28	0.22
686	CSc1ncnn1CC(O)(Cc1ccccc1Cl)C1(Cl)CC1	M01 prothioconazole-s-methyl	4	15.685492157543962	17.7	1.1954981499354085	0.8919058200394299	0.36577206765466125	1.22	0.43	0.25	CSc1ncnn1CC(O)(Cc1ccccc1Cl)C1(Cl)CC1	CSc1ncnn1CC(O)(Cc1ccccc1Cl)C1(Cl)CC1	CSc1ncnn1CC(O)(Cc1ccccc1Cl)C1(Cl)CC1	Prothioconazole	https://envipath.org/package/5882df9c-dae1-4d80-a40e-db4724271456/compound/01380e47-cdee-4fd4-815d-4e5df54b6ac0/structure/c8858cb1-faa2-451a-ab84-3e1923435f66	1	0.580409338312195	0.20093744981754005			0.0	1.22	0.25
687	OC(Cc1ccccc1Cl)(Cn1nc[nH]c1=S)C1(Cl)CC1	Prothioconazole	8	0.807598292961247	0.95	-0.09280460770548395	2.4812378209144947	0.6729304261871298	-0.1	0.71	0.27	OC(Cc1ccccc1Cl)(Cn1nc[nH]c1=S)C1(Cl)CC1	OC(Cc1ccccc1Cl)(Cn1nc[nH]c1=S)C1(Cl)CC1	OC(Cc1ccccc1Cl)(Cn1nc[nH]c1=S)C1(Cl)CC1	Prothioconazole	https://envipath.org/package/5882df9c-dae1-4d80-a40e-db4724271456/compound/b2fc9ff0-c0a0-43a5-ac14-88669f204a69/structure/beb98aec-e065-420c-8d42-46e63bef6412	0	0.36400549446402575	0.24800402919035294			0.0	-0.1	0.27
688	Cc1n[nH]c(=O)n(N=Cc2ccc(=O)[nH]c2)c1=O	MB4 CGA363430	6	92.50655557816121	203.5	1.9661725105826975	2.1636758842932484	0.8382180519811654	2.0	0.92	0.41	Cc1n[nH]c(=O)n(N=Cc2ccc(=O)[nH]c2)c1=O	Cc1n[nH]c(=O)n(N=Cc2ccc(=O)[nH]c2)c1=O	Cc1n[nH]c(=O)n(N=Cc2ccc(=O)[nH]c2)c1=O	Pymetrozine	https://envipath.org/package/5882df9c-dae1-4d80-a40e-db4724271456/compound/882b3daf-dad1-4ec1-90fb-8a4aeb4da598/structure/30b30ded-67f8-4ec9-86c9-c75151ded2c1	3	0.5145116346811046	0.07408597380355181			0.0	2.0	0.41
689	CC1=NNC(=O)N(N)C1	CGA215525	9	1.5352046788532563	1.2	0.1861662853315412	5.301029995663981	1.9792708592251795	0.43	2.14	0.75	CC1=NNC(=O)N(N)C1	CC1=NNC(=O)N(N)C1	CC1=NNC(=O)N(N)C1	Pymetrozine	https://envipath.org/package/5882df9c-dae1-4d80-a40e-db4724271456/compound/be2dff39-a3b3-43c2-8fa1-a024ad811e3f/structure/7b3afb3f-8818-475a-9c44-8d9edd5ae323	1	0.8512880581945756	0.09612092690084499			0.0	0.43	0.75
690	CC1=NNC(=O)N(N)C1O	Unknown AE-41  (tentatively identified as SYN505866)	6	0.7950052117007863	4.4415000000000004	-0.09963002429261922	2.9461246192171453	1.2466778660298408	-0.19	1.5	0.68	CC1=NNC(=O)N(N)C1O	CC1=NNC(=O)N(N)C1O	CC1=NNC(=O)N(N)C1O	Pymetrozine	https://envipath.org/package/5882df9c-dae1-4d80-a40e-db4724271456/compound/b12513a0-8df3-441b-bda1-f9e1519f3b8c/structure/ca4dd30f-d521-49c5-8005-33e805875833	2	0.9273618495495703	0.10322941573200307			0.0	-0.19	0.68
691	CC1=NNC(=O)N(N=Cc2cccnc2)C1O	MB1 CGA359009	10	14.133439201573664	14.950000000000001	1.1502478550207387	1.7802749440134993	0.5640852651557999	1.15	0.57	0.19	CC1=NNC(=O)N(N=Cc2cccnc2)C1O	CC1=NNC(=O)N(N=Cc2cccnc2)C1O	CC1=NNC(=O)N(N=Cc2cccnc2)C1O	Pymetrozine	https://envipath.org/package/5882df9c-dae1-4d80-a40e-db4724271456/compound/dd4f67c2-c78c-49e8-9c75-a3003826493d/structure/559428ed-061f-4a1c-b0cd-7a0cbe377cdf	1	0.5176871642217915	0.08312887421657307			0.0	1.15	0.19
692	Cc1n[nH]c(=O)n(N)c1=O	M2 CGA294849	12	29.866048051518383	37.6	1.4751777594984552	1.4751336334841492	0.4281706110838863	1.48	0.45	0.13	Cc1n[nH]c(=O)n(N)c1=O	Cc1n[nH]c(=O)n(N)c1=O	Cc1n[nH]c(=O)n(N)c1=O	Pymetrozine	https://envipath.org/package/5882df9c-dae1-4d80-a40e-db4724271456/compound/36871123-196f-4536-8921-b544e257e53a/structure/5956b8eb-580d-4a51-904e-2f3ec39e5a47	2	0.8190017636665313	0.09187948431598277			0.0	1.48	0.13
693	CC1=NNC(=O)N(N=Cc2ccc(=O)[nH]c2)C1O	MB5 CGA363431	10	25.045970056504	21.950000000000003	1.3987378570288556	2.0813049396774805	0.6097596570194398	1.39	0.61	0.2	CC1=NNC(=O)N(N=Cc2ccc(=O)[nH]c2)C1O	CC1=NNC(=O)N(N=Cc2ccc(=O)[nH]c2)C1O	CC1=NNC(=O)N(N=Cc2ccc(=O)[nH]c2)C1O	Pymetrozine	https://envipath.org/package/5882df9c-dae1-4d80-a40e-db4724271456/compound/d4e5da4f-5cfa-42d2-82b9-ca9d16f3f8c7/structure/4484538e-b647-4522-9e2a-898fbadcf8c6	2	0.8182909018191514	0.09434187302503624			0.0	1.39	0.2
694	O=Cc1cccnc1	CGA300407 MB 10	7	2.196351582484054	2.2	0.3417018613295577	4.080921907623926	1.4358833825293866	0.18	2.08	0.84	O=Cc1cccnc1	O=Cc1cccnc1	O=Cc1cccnc1	Pymetrozine	https://envipath.org/package/5882df9c-dae1-4d80-a40e-db4724271456/compound/90902071-f930-443b-bff2-f65243e0b874/structure/d48a7027-421d-43e2-8f8e-78471bbfeeeb	1	0.7961642738910156	0.11125007087775861			0.0	0.18	0.84
695	CC1=NNC(=O)N(N=Cc2cccnc2)C1	Pymetrozine	9	3.7218200495317397	3.06	0.5707553711094532	1.046245187952637	0.28777754906521774	0.57	0.35	0.12	CC1=NNC(=O)N(N=Cc2cccnc2)C1	CC1=NNC(=O)N(N=Cc2cccnc2)C1	CC1=NNC(=O)N(N=Cc2cccnc2)C1	Pymetrozine	https://envipath.org/package/5882df9c-dae1-4d80-a40e-db4724271456/compound/b2e802cb-8192-4ad7-bc9d-6d1425524470/structure/3e3ae98a-f8f9-4d09-bb1d-43c48f8e16ee	0	0.46772367066331544	0.07490889052222552			0.0	0.57	0.12
696	O=Cc1ccc(O)nc1	CGA255548	2	20.100000000000005	20.1	1.303196057420489	0.0	0.0	1.31	0.4	0.32	O=Cc1ccc(O)nc1	O=Cc1ccc(O)nc1	O=Cc1ccc(O)nc1	Pymetrozine	https://envipath.org/package/5882df9c-dae1-4d80-a40e-db4724271456/compound/b144199f-ddfa-4542-abae-8439cbd776ee/structure/51c9cde1-a380-4d94-a23b-57c4c4e95773	2	0.0	0.0			0.0	1.31	0.32
697	CC1=NNC(=O)N(N=Cc2ccc(=O)[nH]c2)C1	SYN510306	5	9.079572803905814	14.0	0.9580654153414687	1.00570197882447	0.35432314797909936	0.97	0.43	0.21	CC1=NNC(=O)N(N=Cc2ccc(=O)[nH]c2)C1	CC1=NNC(=O)N(N=Cc2ccc(=O)[nH]c2)C1	CC1=NNC(=O)N(N=Cc2ccc(=O)[nH]c2)C1	Pymetrozine	https://envipath.org/package/5882df9c-dae1-4d80-a40e-db4724271456/compound/184f36f3-e58d-47c9-aae5-674e9d413111/structure/017c172e-81b1-4570-a0d8-656c61a094a4	1	0.9316651759081691	0.1074096808240452			0.0	0.97	0.21
698	Cc1n[nH]c(=O)n(C)c1=O	CGA371075	7	98.84923692888141	90.0	1.9949733211068967	0.6097638648531383	0.1907841581904189	2.0	0.31	0.13	Cc1n[nH]c(=O)n(C)c1=O	Cc1n[nH]c(=O)n(C)c1=O	Cc1n[nH]c(=O)n(C)c1=O	Pymetrozine	https://envipath.org/package/5882df9c-dae1-4d80-a40e-db4724271456/compound/fbbad823-acb3-463a-bd5e-fa57d0b4c0e6/structure/2537c529-0c5e-4714-8972-f8ba3e7ea416	3	0.8434622525214579	0.10902596890132296			0.0	2.0	0.13
699	COc1cc(-c2nn(C)c(OC(F)F)c2Cl)c(F)cc1Cl	E-3	6	260.6345999203921	297.55	2.4160320689247214	0.5586440933941894	0.19909416240714167	2.43	0.33	0.15	COc1cc(-c2nn(C)c(OC(F)F)c2Cl)c(F)cc1Cl	COc1cc(-c2nn(C)c(OC(F)F)c2Cl)c(F)cc1Cl	COc1cc(-c2nn(C)c(OC(F)F)c2Cl)c(F)cc1Cl	Pyraflufen-ethyl	https://envipath.org/package/5882df9c-dae1-4d80-a40e-db4724271456/compound/39c3256a-e3f5-49ca-a9e2-1d94788dba42/structure/b9711859-1e0a-4720-93e3-98dbfc77580a	2	1.1939663125714877	0.30221989057928195			1.863389981249825	2.43	0.15
700	Cn1nc(-c2cc(OCC(=O)O)c(Cl)cc2F)c(Cl)c1OC(F)F	E-1	10	20.042732107679036	13.600000000000001	1.3019569217068976	1.4824500882247296	0.4251409962250904	1.31	0.45	0.15	Cn1nc(-c2cc(OCC(=O)O)c(Cl)cc2F)c(Cl)c1OC(F)F	Cn1nc(-c2cc(OCC(=O)O)c(Cl)cc2F)c(Cl)c1OC(F)F	Cn1nc(-c2cc(OCC(=O)O)c(Cl)cc2F)c(Cl)c1OC(F)F	Pyraflufen-ethyl	https://envipath.org/package/5882df9c-dae1-4d80-a40e-db4724271456/compound/33686264-5611-4da8-95ca-a9c636cd5a9e/structure/e2882822-9f1f-45fd-a579-7a0110e46ebc	1	0.8104936767180853	0.24568613402513406			3.872983346207417	1.31	0.15
701	COc1cc(-c2n[nH]c(OC(F)F)c2Cl)c(F)cc1Cl	E-11	3	117.42787318720487	186.3	2.069771195162146	0.8216835895238614	0.36416445418787025	2.06	0.47	0.33	COc1cc(-c2n[nH]c(OC(F)F)c2Cl)c(F)cc1Cl	COc1cc(-c2n[nH]c(OC(F)F)c2Cl)c(F)cc1Cl	COc1cc(-c2n[nH]c(OC(F)F)c2Cl)c(F)cc1Cl	Pyraflufen-ethyl	https://envipath.org/package/5882df9c-dae1-4d80-a40e-db4724271456/compound/177f82f9-33d2-4a5d-b560-3bd4abf445b6/structure/3abd28f3-1f06-431f-b1bd-4ac204d93a45	3	0.09428090415820643	0.4017559033407873			2.3570226039551585	2.06	0.33
702	Cn1nc(-c2cc(O)c(Cl)cc2F)c(Cl)c1OC(F)F	E-2	12	34.55799043613783	49.25	1.5385484801068823	1.4546271139613802	0.4618598994435945	1.54	0.49	0.14	Cn1nc(-c2cc(O)c(Cl)cc2F)c(Cl)c1OC(F)F	Cn1nc(-c2cc(O)c(Cl)cc2F)c(Cl)c1OC(F)F	Cn1nc(-c2cc(O)c(Cl)cc2F)c(Cl)c1OC(F)F	Pyraflufen-ethyl	https://envipath.org/package/5882df9c-dae1-4d80-a40e-db4724271456/compound/b4c46253-81b9-472d-9fe9-00a75dedf6ee/structure/85cc4bd2-a85d-4f90-b62b-0cd6facf189b	2	0.9026196442700671	0.25792610074222033			1.863389981249825	1.54	0.14
703	CCOC(=O)COc1cc(-c2nn(C)c(OC(F)F)c2Cl)c(F)cc1Cl	Pyraflufen-ethyl	9	0.3139652036115536	0.34	-0.5031184815983687	1.109144469425068	0.28205649787324594	-0.5	0.35	0.13	CCOC(=O)COc1cc(-c2nn(C)c(OC(F)F)c2Cl)c(F)cc1Cl	CCOC(=O)COc1cc(-c2nn(C)c(OC(F)F)c2Cl)c(F)cc1Cl	CCOC(=O)COc1cc(-c2nn(C)c(OC(F)F)c2Cl)c(F)cc1Cl	Pyraflufen-ethyl	https://envipath.org/package/5882df9c-dae1-4d80-a40e-db4724271456/compound/e6c80725-1f0a-462c-b117-ca1be0f2d449/structure/dfc0b2c7-c3b3-4d45-941f-a9799fdcb239	0	0.7950463919999253	0.21023385749914847			3.6851386559504444	-0.5	0.13
704	C=CC=CCC1=C(C)C(OC(=O)C2C(C=C(C)C)C2(C)C)CC1=O	Pyrethrin	1	3.2299999999999995	3.23	0.5092025223311029	0.0	0.0	0.57	0.46	0.57	C=CC=CCC1=C(C)C(OC(=O)C2C(C=C(C)C)C2(C)C)CC1=O	C=CC=CCC1=C(C)C(OC(=O)C2C(C=C(C)C)C2(C)C)CC1=O	C=CC=CCC1=C(C)C(OC(=O)C2C(C=C(C)C)C2(C)C)CC1=O	Pyrethrin	https://envipath.org/package/5882df9c-dae1-4d80-a40e-db4724271456/compound/863c444a-6fe5-4041-bd29-62681fbb378e/structure/172aa063-249c-4a17-9006-add5aa228f44	0	0.0	0.0			0.0	0.57	0.57
705	CC(C)(C)c1ccc(CSc2cnn(C(C)(C)C)c(=O)c2Cl)cc1	Pyridaben	6	132.06719772809603	156.5	2.1207949628477163	0.7466341989375787	0.2520828761545434	2.13	0.34	0.15	CC(C)(C)c1ccc(CSc2cnn(C(C)(C)C)c(=O)c2Cl)cc1	CC(C)(C)c1ccc(CSc2cnn(C(C)(C)C)c(=O)c2Cl)cc1	CC(C)(C)c1ccc(CSc2cnn(C(C)(C)C)c(=O)c2Cl)cc1	Pyridaben	https://envipath.org/package/5882df9c-dae1-4d80-a40e-db4724271456/compound/fa451a55-14c8-4094-ada7-3d6c80d74a25/structure/11b9eb10-dba8-4df3-8bb8-21f00b1f46cc	0	0.5649483752226095	0.24520902214126689			3.72677996249965	2.13	0.15
706	CC(C)(C)c1ccc(C(=O)c2c(S(=O)(=O)O)cnn(C(C)(C)C)c2=O)cc1	PB-22	4	53.45141922527825	125.25	1.7279592409484288	1.9700367766225568	0.7801637753674814	1.73	0.76	0.42	CC(C)(C)c1ccc(C(=O)c2c(S(=O)(=O)O)cnn(C(C)(C)C)c2=O)cc1	CC(C)(C)c1ccc(C(=O)c2c(S(=O)(=O)O)cnn(C(C)(C)C)c2=O)cc1	CC(C)(C)c1ccc(C(=O)c2c(S(=O)(=O)O)cnn(C(C)(C)C)c2=O)cc1	Pyridaben	https://envipath.org/package/5882df9c-dae1-4d80-a40e-db4724271456/compound/4384fa56-c8f4-4b68-8926-14e6135f871b/structure/4b3145af-9c3e-4874-b9e3-0a2704109adb	2	0.618465843842649	0.33694305918751544			0.0	1.73	0.42
707	CC(C)(C(=O)O)c1ccc(CSc2cnn(C(C)(C)C)c(=O)c2Cl)cc1	PB-7	3	17.352745345926415	14.5	1.2393681934938603	0.7081780061228425	0.29432639984247444	1.23	0.43	0.28	CC(C)(C(=O)O)c1ccc(CSc2cnn(C(C)(C)C)c(=O)c2Cl)cc1	CC(C)(C(=O)O)c1ccc(CSc2cnn(C(C)(C)C)c(=O)c2Cl)cc1	CC(C)(C(=O)O)c1ccc(CSc2cnn(C(C)(C)C)c(=O)c2Cl)cc1	Pyridaben	https://envipath.org/package/5882df9c-dae1-4d80-a40e-db4724271456/compound/1570710d-3d71-4c3f-9d5e-177b6136877b/structure/a94fd0fd-897d-48d3-b956-741e26696230	2	0.648074069840786	0.32390558223633464			0.0	1.23	0.28
708	CCCCCCCCSC(=O)Oc1cc(Cl)nnc1-c1ccccc1	Pyridate	5	0.5921425585324874	0.5	-0.22757372413739257	0.5118833609788744	0.19254104209066372	-0.21	0.35	0.17	CCCCCCCCSC(=O)Oc1cc(Cl)nnc1-c1ccccc1	CCCCCCCCSC(=O)Oc1cc(Cl)nnc1-c1ccccc1	CCCCCCCCSC(=O)Oc1cc(Cl)nnc1-c1ccccc1	Pyridate	https://envipath.org/package/5882df9c-dae1-4d80-a40e-db4724271456/compound/1bbd1cad-af0a-43a3-8552-e3d3d329b8e0/structure/05d3eff3-ab01-4a69-a69d-883984c33548	0	0.7709734106958555	0.12290469189375568			0.0	-0.21	0.17
709	Oc1cc(Cl)nnc1-c1ccccc1	Pyridafol (CL-9673)	10	26.717550835676708	28.5	1.4267966443985114	0.47805421851970875	0.1707478407371332	1.43	0.28	0.1	Oc1cc(Cl)nnc1-c1ccccc1	Oc1cc(Cl)nnc1-c1ccccc1	Oc1cc(Cl)nnc1-c1ccccc1	Pyridate	https://envipath.org/package/5882df9c-dae1-4d80-a40e-db4724271456/compound/e12b47be-5432-4b8c-a953-fbad9c54d89a/structure/e003fdb5-5812-4c1b-872b-4cdbe1632eb0	1	0.792464510246358	0.17003652379778061			1.74928556845359	1.43	0.1
710	COc1cc(Cl)nnc1-c1ccccc1	Pyridafol-O-methyl (CL-9869)	7	22.712726159107653	20.9	1.356269264770179	0.711807229041191	0.25907917994951046	1.36	0.34	0.14	COc1cc(Cl)nnc1-c1ccccc1	COc1cc(Cl)nnc1-c1ccccc1	COc1cc(Cl)nnc1-c1ccccc1	Pyridate	https://envipath.org/package/5882df9c-dae1-4d80-a40e-db4724271456/compound/2ccf7cbb-10e4-4155-ba7f-c4dea36ea60b/structure/4ed696f7-4631-4833-8b6b-9f5ef5ba3e27	2	0.876682056718072	0.2296837104409492			0.24743582965269675	1.36	0.14
711	Cc1cc(C)nc(Nc2ccccc2)n1	Pyrimethanil (ZK 100 309)	3	56.159409738846925	80.0	1.749422534511549	0.48245008822472935	0.22494412101804745	1.74	0.39	0.26	Cc1cc(C)nc(Nc2ccccc2)n1	Cc1cc(C)nc(Nc2ccccc2)n1	Cc1cc(C)nc(Nc2ccccc2)n1	Pyrimethanil	https://envipath.org/package/5882df9c-dae1-4d80-a40e-db4724271456/compound/7850de68-9926-4edd-aa0d-9af93eaeb7e3/structure/ce7695ad-0be8-4818-ad8c-c39c6fdd7b53	0	0.8013876853447539	0.14714008723007466			0.0	1.74	0.26
712	COc1cc(C)c(C(=O)c2c(OC)ncc(Cl)c2C)c(OC)c1OC	Pyriofenone (IKF 309)	10	87.81373133917357	74.69999999999999	1.9435624313794417	0.5925146734217321	0.20358141847374522	1.94	0.29	0.1	COc1cc(C)c(C(=O)c2c(OC)ncc(Cl)c2C)c(OC)c1OC	COc1cc(C)c(C(=O)c2c(OC)ncc(Cl)c2C)c(OC)c1OC	COc1cc(C)c(C(=O)c2c(OC)ncc(Cl)c2C)c(OC)c1OC	Pyriofenone	https://envipath.org/package/5882df9c-dae1-4d80-a40e-db4724271456/compound/07475b3b-5cd8-4b60-9e88-1bbd8e9959fa/structure/8ee96cf7-faeb-48ec-abcf-7554c61ae1c0	0	1.1412274094149684	0.18380926793966004			4.0	1.94	0.1
713	CC(COc1ccc(Oc2ccccc2)cc1)Oc1ccccn1	Pyriproxyfen	11	7.99529807376817	8.3	0.902834659374265	0.853871964321762	0.2718916684855219	0.9	0.33	0.1	CC(COc1ccc(Oc2ccccc2)cc1)Oc1ccccn1	CC(COc1ccc(Oc2ccccc2)cc1)Oc1ccccn1	CC(COc1ccc(Oc2ccccc2)cc1)Oc1ccccn1	Pyriproxyfen	https://envipath.org/package/5882df9c-dae1-4d80-a40e-db4724271456/compound/925728f9-b3a8-40c8-a219-df7b3cc538ac/structure/acc7bd99-5ded-41ef-bad7-a87e471792e9	0	0.8004131164747322	0.2776560488461259			2.405228464604173	0.9	0.1
714	CC(CC(=O)O)Oc1ccccn1	PYPAC	3	8.434326653017493	24.0	0.9260504167945479	1.3979400086720377	0.6548565278636744	0.83	0.82	0.54	CC(CC(=O)O)Oc1ccccn1	CC(CC(=O)O)Oc1ccccn1	CC(CC(=O)O)Oc1ccccn1	Pyriproxyfen	https://envipath.org/package/5882df9c-dae1-4d80-a40e-db4724271456/compound/f6edf449-4fd2-41cd-8796-4729a1ef5a97/structure/17995e5f-fa87-4cdf-9bab-d01d2d786eeb	2	1.1085526098877256	0.1617569738995053			2.3570226039551585	0.83	0.54
715	CC(COc1ccc(Oc2ccc(O)cc2)cc1)Oc1ccccn1	4-OH-pyriproxyfen	4	31.19946137279162	29.0	1.4941470964273014	0.2918866162241116	0.10856530757411058	1.5	0.33	0.19	CC(COc1ccc(Oc2ccc(O)cc2)cc1)Oc1ccccn1	CC(COc1ccc(Oc2ccc(O)cc2)cc1)Oc1ccccn1	CC(COc1ccc(Oc2ccc(O)cc2)cc1)Oc1ccccn1	Pyriproxyfen	https://envipath.org/package/5882df9c-dae1-4d80-a40e-db4724271456/compound/c3e86e89-665c-4895-8064-62ecd3d63b40/structure/f59947b1-ad8f-45fa-87d9-708cc5bb44b9	1	0.5408326913195982	0.23011159844341766			2.165063509461097	1.5	0.19
716	COc1cc(O)n2nc(NS(=O)(=O)c3c(C(F)(F)F)ccnc3OC)nc2n1	7-OH-XDE-742	10	6.575689333574612	6.4	0.8179412869070924	1.2632414347745815	0.4807739793555264	0.81	0.51	0.17	COc1cc(O)n2nc(NS(=O)(=O)c3c(C(F)(F)F)ccnc3OC)nc2n1	COc1cc(O)n2nc(NS(=O)(=O)c3c(C(F)(F)F)ccnc3OC)nc2n1	COc1cc(O)n2nc(NS(=O)(=O)c3c(C(F)(F)F)ccnc3OC)nc2n1	Pyroxsulam	https://envipath.org/package/5882df9c-dae1-4d80-a40e-db4724271456/compound/f651a4dd-d3f4-488b-8845-b9811e599899/structure/0194f0ab-27f3-4dc5-9a5e-c1e657764ec9	1	0.8461678320522472	0.20735531580499056			0.0	0.81	0.17
717	COc1cc(OC)n2nc(NS(=O)(=O)c3c(C(F)(F)F)ccnc3OC)nc2n1	Pyroxsulam (XDE-742)	33	3.85355801757193	3.6	0.5858619019289214	1.3196264841556398	0.347963179076972	0.59	0.36	0.06	COc1cc(OC)n2nc(NS(=O)(=O)c3c(C(F)(F)F)ccnc3OC)nc2n1	COc1cc(OC)n2nc(NS(=O)(=O)c3c(C(F)(F)F)ccnc3OC)nc2n1	COc1cc(OC)n2nc(NS(=O)(=O)c3c(C(F)(F)F)ccnc3OC)nc2n1	Pyroxsulam	https://envipath.org/package/5882df9c-dae1-4d80-a40e-db4724271456/compound/5fb6d716-af9f-46bc-82e7-5a3c865fe9fb/structure/90a56f52-ae29-4370-913f-3c954c7f21e6	0	0.9868092369633082	0.24096571505030023			1.7141982574219332	0.59	0.06
718	COc1nc2nc(NS(=O)(=O)c3c(C(F)(F)F)ccnc3OC)nn2c(O)c1Cl	6-Cl-7-OH-XDE-742	14	19.697132886916187	19.0	1.2944030148920285	1.1461280356782382	0.3996301483925256	1.3	0.42	0.12	COc1nc2nc(NS(=O)(=O)c3c(C(F)(F)F)ccnc3OC)nn2c(O)c1Cl	COc1nc2nc(NS(=O)(=O)c3c(C(F)(F)F)ccnc3OC)nn2c(O)c1Cl	COc1nc2nc(NS(=O)(=O)c3c(C(F)(F)F)ccnc3OC)nn2c(O)c1Cl	Pyroxsulam	https://envipath.org/package/5882df9c-dae1-4d80-a40e-db4724271456/compound/c41ec850-1145-4c9f-84ff-2938871a0d5b/structure/b16792a1-cf92-4083-b9e7-c43a6158c21a	2	0.8667320749781436	0.21222092730865125			0.0	1.3	0.12
719	COc1nccc(C(F)(F)F)c1S(=O)(=O)Nc1nc2nc(O)cc(OC)n2n1	5-OH-XDE-742	6	3.5073586673925825	3.4	0.5449801797123199	0.24073409377673016	0.09874188252506445	0.54	0.3	0.13	COc1nccc(C(F)(F)F)c1S(=O)(=O)Nc1nc2nc(O)cc(OC)n2n1	COc1nccc(C(F)(F)F)c1S(=O)(=O)Nc1nc2nc(O)cc(OC)n2n1	COc1nccc(C(F)(F)F)c1S(=O)(=O)Nc1nc2nc(O)cc(OC)n2n1	Pyroxsulam	https://envipath.org/package/5882df9c-dae1-4d80-a40e-db4724271456/compound/2da8961f-691a-48a9-9bc3-f1e1ba63c913/structure/5264f5fa-2b47-4035-a4f5-27e1d253dce7	1	0.16996731711975957	0.08259111921249157			0.0	0.54	0.13
720	COc1nccc(C(F)(F)F)c1S(=O)(=O)Nc1nc2nc(O)cc(O)n2n1	5,7-di-OH-XDE-742	4	0.3821053787608377	0.405	-0.41781684886037435	0.40170015754534427	0.15174469737377472	-0.4	0.34	0.19	COc1nccc(C(F)(F)F)c1S(=O)(=O)Nc1nc2nc(O)cc(O)n2n1	COc1nccc(C(F)(F)F)c1S(=O)(=O)Nc1nc2nc(O)cc(O)n2n1	COc1nccc(C(F)(F)F)c1S(=O)(=O)Nc1nc2nc(O)cc(O)n2n1	Pyroxsulam	https://envipath.org/package/5882df9c-dae1-4d80-a40e-db4724271456/compound/57a716d9-5fe0-41af-a7ed-4a444f9f1c42/structure/756a8fd8-a2f6-4c0b-927f-b70a87b0578c	2	0.6819090848492929	0.2463279605193396			0.0	-0.4	0.19
721	COc1nccc(C(F)(F)F)c1S(N)(=O)=O	pyridine sulfonamide	8	110.045253058994	111.7	2.041571313452307	0.48429983934678567	0.17485279618122063	2.04	0.3	0.11	COc1nccc(C(F)(F)F)c1S(N)(=O)=O	COc1nccc(C(F)(F)F)c1S(N)(=O)=O	COc1nccc(C(F)(F)F)c1S(N)(=O)=O	Pyroxsulam	https://envipath.org/package/5882df9c-dae1-4d80-a40e-db4724271456/compound/9fe2253a-4d32-46d9-b43d-155ab12b120a/structure/82dac085-b349-4932-8206-a8b4ce19c63d	4	0.6684870978560469	0.25382966638235543			0.0	2.04	0.11
722	COc1nccc(C(F)(F)F)c1S(=O)(=O)O	PSA	1	40.70000000000001	40.7	1.6095944092252201	0.0	0.0	1.63	0.46	0.56	COc1nccc(C(F)(F)F)c1S(=O)(=O)O	COc1nccc(C(F)(F)F)c1S(=O)(=O)O	COc1nccc(C(F)(F)F)c1S(=O)(=O)O	Pyroxsulam	https://envipath.org/package/5882df9c-dae1-4d80-a40e-db4724271456/compound/c23d68c3-e012-4f3e-9f4b-d442c31f4425/structure/2d578d70-9005-438e-8e6a-a7bc5882ac04	5	0.0	0.0			0.0	1.63	0.56
723	Cc1cnc2c(C(=O)O)c(Cl)ccc2c1	Quinmerac	27	44.089872547272094	41.0	1.6443388433920645	1.105510184769974	0.2843265287563696	1.64	0.31	0.06	Cc1cnc2c(C(=O)O)c(Cl)ccc2c1	Cc1cnc2c(C(=O)O)c(Cl)ccc2c1	Cc1cnc2c(C(=O)O)c(Cl)ccc2c1	Quinmerac	https://envipath.org/package/5882df9c-dae1-4d80-a40e-db4724271456/compound/9d516225-6aed-4147-8274-486374ce8fa3/structure/c010165c-3f4c-4fc9-8ed9-625e1624cba6	0	0.5583141388507042	0.13379076844022594			5.138680342782076	1.64	0.06
724	O=C(O)c1cnc2c(C(=O)O)c(Cl)ccc2c1	BH 518-2	18	54.31112382423525	45.5	1.7348887894546474	1.4748710192092516	0.41266809351133793	1.74	0.43	0.1	O=C(O)c1cnc2c(C(=O)O)c(Cl)ccc2c1	O=C(O)c1cnc2c(C(=O)O)c(Cl)ccc2c1	O=C(O)c1cnc2c(C(=O)O)c(Cl)ccc2c1	Quinmerac	https://envipath.org/package/5882df9c-dae1-4d80-a40e-db4724271456/compound/35fb0e6c-4cce-4a9e-9dfb-f0d4e07c90f7/structure/3d336e27-fd42-417c-a535-ec99252ac38c	2	0.5840471822645077	0.14751559291022845			4.15739709641549	1.74	0.1
725	Cc1cc2ccc(Cl)c(C(=O)O)c2nc1O	BH 518-5	9	209.59822837580532	204.0	2.321387607463104	0.5362427068383191	0.1722343414919292	2.32	0.3	0.11	Cc1cc2ccc(Cl)c(C(=O)O)c2nc1O	Cc1cc2ccc(Cl)c(C(=O)O)c2nc1O	Cc1cc2ccc(Cl)c(C(=O)O)c2nc1O	Quinmerac	https://envipath.org/package/5882df9c-dae1-4d80-a40e-db4724271456/compound/fbafd354-7a7b-4d2a-996f-73b2bcc88635/structure/bd03c2b7-f056-4af4-8723-f7c5ca583e09	1	0.4830458915396479				3.3333333333333335	2.32	0.11
726	NC1=C(Cl)C(=O)c2ccccc2C1=O	Quinoclamine	5	34.397925025982715	35.0	1.5365322455673114	0.49831055378960043	0.16464982913995035	1.53	0.33	0.16	NC1=C(Cl)C(=O)c2ccccc2C1=O	NC1=C(Cl)C(=O)c2ccccc2C1=O	NC1=C(Cl)C(=O)c2ccccc2C1=O	Quinoclamine	https://envipath.org/package/5882df9c-dae1-4d80-a40e-db4724271456/compound/ad3dfdac-925a-4fb3-9263-35db0d050f76/structure/e4361c93-0fb8-4eb0-8236-510bab7cefa5	0	0.9393614852653902	0.2408108779731694			4.0	1.53	0.16
727	CCOC(=O)C(C)Oc1ccc(Oc2cnc3cc(Cl)ccc3n2)cc1	Quizalofop-p-ethyl	9	0.4447858305795485	0.33	-0.35184905640606007	0.5642714304385626	0.18256405475246104	-0.35	0.29	0.1	CCOC(=O)C(C)Oc1ccc(Oc2cnc3cc(Cl)ccc3n2)cc1	CCOC(=O)C(C)Oc1ccc(Oc2cnc3cc(Cl)ccc3n2)cc1	CCOC(=O)C(C)Oc1ccc(Oc2cnc3cc(Cl)ccc3n2)cc1	Quizalofop-P-ethyl	https://envipath.org/package/5882df9c-dae1-4d80-a40e-db4724271456/compound/43c016d3-4e2c-4ed7-95f6-fb55168b872d/structure/94c096ec-92b1-499e-a87d-e45747162554	0	0.3823255674241169	0.16229109860145713			4.714045207910317	-0.35	0.1
728	O=c1[nH]c2ccc(Cl)cc2nc1O	3-OH-CQO	4	59.580559708046245	54.25	1.7751045787208208	0.38535088136401696	0.14240183693984	1.78	0.33	0.18	O=c1[nH]c2ccc(Cl)cc2nc1O	O=c1[nH]c2ccc(Cl)cc2nc1O	O=c1[nH]c2ccc(Cl)cc2nc1O	Quizalofop-P-ethyl	https://envipath.org/package/5882df9c-dae1-4d80-a40e-db4724271456/compound/f3acd585-f567-4582-aa6c-546d9712bf8c/structure/d071b379-2a7b-440d-a417-b1666aa3cf76	2	0.5787918451395115	0.13093084600858976			0.0	1.78	0.18
729	O=C(O)C1CCCO1	THFAC	3	2.5067113536372307	2.44	0.3991043280787916	0.19493108207121979	0.08001022373266889	0.41	0.36	0.23	O=C(O)C1CCCO1	O=C(O)C1CCCO1	O=C(O)C1CCCO1	Quizalofop-P-tefuryl	https://envipath.org/package/5882df9c-dae1-4d80-a40e-db4724271456/compound/b4a13761-23e6-4f6f-a545-e5ff1b935368/structure/3f6d778b-bfe6-4154-bfcb-d5c0b81daa3b	2	0.5765606839025897	0.17239799495330635			0.0	0.41	0.23
730	CC(Oc1ccc(Oc2cnc3cc(Cl)ccc3n2)cc1)C(=O)OCC1CCCO1	Quizalofop-P-tefuryl	14	1.1587725405435767	1.0	0.06399819516850459	0.8959747323590646	0.2307487742171951	-1.03	0.84	0.61	CC(Oc1ccc(Oc2cnc3cc(Cl)ccc3n2)cc1)C(=O)OCC1CCCO1	CC(Oc1ccc(Oc2cnc3cc(Cl)ccc3n2)cc1)C(=O)OCC1CCCO1	CC(Oc1ccc(Oc2cnc3cc(Cl)ccc3n2)cc1)C(=O)OCC1CCCO1	Quizalofop-P-tefuryl	https://envipath.org/package/5882df9c-dae1-4d80-a40e-db4724271456/compound/de51003e-805c-4906-b693-884433138f17/structure/09e4560d-6fc6-451a-85c3-1716555c1ddc	0	0.9470569342625045	0.22188023022880107			4.417613170304638	-1.03	0.61
731	OCC1CCCO1	THFA	3	1.0	1.0	0.0	0.0	0.0	-1.2	0.44	0.95	OCC1CCCO1	OCC1CCCO1	OCC1CCCO1	Quizalofop-P-tefuryl	https://envipath.org/package/5882df9c-dae1-4d80-a40e-db4724271456/compound/4998d8a1-5988-4287-80ee-b3c37b61e6f5/structure/07c00e5d-fd6a-4117-aa8e-5f4b558035b5	1	0.5765606839025897	0.17239799495330635			0.0	-1.2	0.95
732	CCCCCCCCCCCCCCCCCC(=O)O	peak 4 (Neudosan)	4	2.721783178539549	2.8	0.4348535256746738	0.049218022670181605	0.021312028978207838	0.45	0.33	0.19	CCCCCCCCCCCCCCCCCC(=O)O	CCCCCCCCCCCCCCCCCC(=O)O	CCCCCCCCCCCCCCCCCC(=O)O	Rapeseed oil	https://envipath.org/package/5882df9c-dae1-4d80-a40e-db4724271456/compound/c0fae385-4844-4700-ba7a-96b6726ed216/structure/11528c06-e8c8-4e9d-8fdb-5cd9154e1004	0	1.1				0.0	0.45	0.19
733	CCS(=O)(=O)c1cccnc1Nc1nc(OC)cc(OC)n1	IN-70942	3	135.85148146828578	116.0	2.1330643787862504	0.32609239956654834	0.1416902508526786	2.14	0.37	0.24	CCS(=O)(=O)c1cccnc1Nc1nc(OC)cc(OC)n1	CCS(=O)(=O)c1cccnc1Nc1nc(OC)cc(OC)n1	CCS(=O)(=O)c1cccnc1Nc1nc(OC)cc(OC)n1	Rimsulfuron	https://envipath.org/package/5882df9c-dae1-4d80-a40e-db4724271456/compound/f542ef25-5ee3-4d84-9708-ba5e355db16d/structure/30714124-b5b0-4dad-88a8-44dd685e33c1	2	1.0964589468932353	0.26774804415802234			0.0	2.14	0.24
734	CCS(=O)(=O)c1cccnc1S(N)(=O)=O	IN-E9260	3	566.3684914962994	744.0	2.753099084459396	0.5849232362692209	0.25306236138596516	2.73	0.41	0.27	CCS(=O)(=O)c1cccnc1S(N)(=O)=O	CCS(=O)(=O)c1cccnc1S(N)(=O)=O	CCS(=O)(=O)c1cccnc1S(N)(=O)=O	Rimsulfuron	https://envipath.org/package/5882df9c-dae1-4d80-a40e-db4724271456/compound/733be12d-9385-4698-9a2e-21fbd52e3f7f/structure/61a4fe83-24da-4a22-922b-6d61c12e3b03	1	1.0964589468932353	0.26774804415802234			0.0	2.73	0.27
735	CCS(=O)(=O)c1cccnc1N(C(N)=O)c1nc(OC)cc(OC)n1	IN-70941	3	203.19720052666656	359.0	2.3079177203235157	1.2090915191586067	0.5236397149875595	2.29	0.57	0.36	CCS(=O)(=O)c1cccnc1N(C(N)=O)c1nc(OC)cc(OC)n1	CCS(=O)(=O)c1cccnc1N(C(N)=O)c1nc(OC)cc(OC)n1	CCS(=O)(=O)c1cccnc1N(C(N)=O)c1nc(OC)cc(OC)n1	Rimsulfuron	https://envipath.org/package/5882df9c-dae1-4d80-a40e-db4724271456/compound/cf2d7142-4eca-4141-bd7e-988011086317/structure/79b8e4b3-cf41-46e5-943d-88dc0bc38ac7	1	1.0964589468932353	0.26774804415802234			0.0	2.29	0.36
736	CCS(=O)(=O)c1cccnc1S(=O)(=O)NC(=O)Nc1nc(OC)cc(OC)n1	Rimsulfuron	7	24.461174906834497	25.0	1.3884773130150911	1.187520720836463	0.3347122449184568	1.37	0.39	0.16	CCS(=O)(=O)c1cccnc1S(=O)(=O)NC(=O)Nc1nc(OC)cc(OC)n1	CCS(=O)(=O)c1cccnc1S(=O)(=O)NC(=O)Nc1nc(OC)cc(OC)n1	CCS(=O)(=O)c1cccnc1S(=O)(=O)NC(=O)Nc1nc(OC)cc(OC)n1	Rimsulfuron	https://envipath.org/package/5882df9c-dae1-4d80-a40e-db4724271456/compound/24ab294d-aabf-4299-93bf-a4141253fb80/structure/0e4cc25a-580a-4d90-8605-37559d5c7aca	0	0.5649634266652913	0.28755143423902274			4.6291004988627575	1.37	0.16
737	CC(C=CC1(O)C(C)=CC(=O)CC1(C)C)=CC(=O)O	Abscisic acid	4	0.9333571419461184	0.89	-0.029952145001791955	0.6989700043360189	0.25012961372779907	-0.02	0.38	0.22	CC(C=CC1(O)C(C)=CC(=O)CC1(C)C)=CC(=O)O	CC(C=CC1(O)C(C)=CC(=O)CC1(C)C)=CC(=O)O	CC(C=CC1(O)C(C)=CC(=O)CC1(C)C)=CC(=O)O	S-Abscisic Acid	https://envipath.org/package/5882df9c-dae1-4d80-a40e-db4724271456/compound/0cdaae61-3959-45c0-b5e2-e8a71807e31d/structure/cc06a3dd-88ba-465c-a826-36a2c91d3eae	0	1.1648497757221745	0.2171452891733896			0.0	-0.02	0.22
738	Cn1cc(C(N)=O)c(C(F)F)n1	CSCC210616	4	2.7945392114635745	3.0	0.4463102077800806	0.38233493534146157	0.1468041565581191	0.45	0.33	0.19	Cn1cc(C(N)=O)c(C(F)F)n1	Cn1cc(C(N)=O)c(C(F)F)n1	Cn1cc(C(N)=O)c(C(F)F)n1	Sedaxane	https://envipath.org/package/5882df9c-dae1-4d80-a40e-db4724271456/compound/7fca27e1-9c62-43ab-8d39-fcfcba42d827/structure/561d3acb-39cd-4524-aff8-509d10ae19d2	1	0.48669805834829455	0.14315086076838499			0.0	0.45	0.19
739	Cn1cc(C(=O)Nc2ccccc2C2CC2C2CC2)c(C(F)F)n1	Sedaxane	9	82.77482072986709	77.7	1.9178982488488865	0.4159582088200582	0.13510978743001167	1.92	0.28	0.1	Cn1cc(C(=O)Nc2ccccc2C2CC2C2CC2)c(C(F)F)n1	Cn1cc(C(=O)Nc2ccccc2C2CC2C2CC2)c(C(F)F)n1	Cn1cc(C(=O)Nc2ccccc2C2CC2C2CC2)c(C(F)F)n1	Sedaxane	https://envipath.org/package/5882df9c-dae1-4d80-a40e-db4724271456/compound/1a363656-1f85-4745-a052-d2b79df4268e/structure/bba88f59-1c4a-48f6-a260-85d8d71fb435	0	0.4589305872902974	0.28945146987873555			0.0	1.92	0.1
740	COCCOc1cccc2c1c(=O)c(C(=O)O)nn2-c1ccc(Cl)cc1	Sintofen	10	229.65327162019219	221.0	2.361072636718783	0.6357929632622241	0.18400951005906524	2.35	0.29	0.1	COCCOc1cccc2c1c(=O)c(C(=O)O)nn2-c1ccc(Cl)cc1	COCCOc1cccc2c1c(=O)c(C(=O)O)nn2-c1ccc(Cl)cc1	COCCOc1cccc2c1c(=O)c(C(=O)O)nn2-c1ccc(Cl)cc1	Sintofen	https://envipath.org/package/5882df9c-dae1-4d80-a40e-db4724271456/compound/cae0f4ed-4ab5-41c1-a948-43ebf3ea3d43/structure/7ca91cdf-9a31-45f2-862e-70415b9d4b8a	0	0.6134174761123129	0.29807980758113833			0.0	2.35	0.1
741	[O-][Cl+2]([O-])[O-]	Sodium Chlorate	4	143.38968246082027	177.85000000000002	2.1565179029947	0.8284418377211558	0.31651952835195946	2.15	0.41	0.23	[O-][Cl+2]([O-])[O-]	[O-][Cl+2]([O-])[O-]	[O-][Cl+2]([O-])[O-]	Sodium Chlorate	https://envipath.org/package/5882df9c-dae1-4d80-a40e-db4724271456/compound/0e54a0e2-7356-4ad2-970b-c2a5e39cb031/structure/d5fc9733-f16a-464a-9eba-4ca2b0778f7f	0	0.6015604707757983	0.09843655646580117			0.0	2.15	0.23
743	O=[N+]([O-])c1ccccc1[O-]	o-NP	4	0.7325683002969413	0.7	-0.13515187806019227	0.5740312677277188	0.2091104252377739	-0.1	0.36	0.2	O=[N+]([O-])c1ccccc1[O-]	O=[N+]([O-])c1ccccc1[O-]	O=[N+]([O-])c1ccccc1[O-]	Sodium Nitrocompounds	https://envipath.org/package/5882df9c-dae1-4d80-a40e-db4724271456/compound/52d5482d-f0b8-44cd-a131-f3f45083fdd3/structure/520751a9-04b1-4c2a-91ad-a1c169055949	0	0.5309190145398827	0.10390627808896413			0.0	-0.1	0.2
744	O=[N+]([O-])c1ccc([O-])cc1	p-NP	4	1.082434977848621	1.05	0.034401817626157565	0.5642714304385626	0.21454070591615904	0.03	0.36	0.2	O=[N+]([O-])c1ccc([O-])cc1	O=[N+]([O-])c1ccc([O-])cc1	O=[N+]([O-])c1ccc([O-])cc1	Sodium Nitrocompounds	https://envipath.org/package/5882df9c-dae1-4d80-a40e-db4724271456/compound/f3bf73c0-7123-4445-820c-f2fcc1a13744/structure/ac661ffb-8287-4b51-a1c0-194f726b9cc6	0	0.5309190145398827	0.10390627808896413			0.0	0.03	0.2
745	CCOC1C(OC)C(C)OC(OC2CC3CCC4C5CC(=O)OC(CC)CCCC(OC6CCC(NC)C(C)O6)C(C)C(=O)C5=CC4C3C2)C1OC	N-demethyl-175-J	5	136.6372386981923	156.0	2.1355690767769016	0.93101266872085	0.3365642248642399	2.13	0.42	0.21	CCOC1C(OC)C(C)OC(OC2CC3CCC4C5CC(=O)OC(CC)CCCC(OC6CCC(NC)C(C)O6)C(C)C(=O)C5=CC4C3C2)C1OC	CCOC1C(OC)C(C)OC(OC2CC3CCC4C5CC(=O)OC(CC)CCCC(OC6CCC(NC)C(C)O6)C(C)C(=O)C5=CC4C3C2)C1OC	CCOC1C(OC)C(C)OC(OC2CC3CCC4C5CC(=O)OC(CC)CCCC(OC6CCC(NC)C(C)O6)C(C)C(=O)C5=CC4C3C2)C1OC	Spinetoram	https://envipath.org/package/5882df9c-dae1-4d80-a40e-db4724271456/compound/335d0947-74fc-4ade-92f4-611f1ab9bf4a/structure/de86265e-5fbf-4026-9662-4438947bf7e2	1	0.8114185110040318	0.13445189533786464			2.0	2.13	0.21
746	CCOC1C(OC)C(C)OC(OC2CC3CCC4C5CC(=O)OC(CC)CCCC(OC6CCC(N(C)C)C(C)O6)C(C)C(=O)C5=CC4C3C2)C1OC	Spinetoram	9	18.871371339473093	20.84	1.2758034605001871	1.2421915454855508	0.3707920309289725	1.29	0.41	0.14	CCOC1C(OC)C(C)OC(OC2CC3CCC4C5CC(=O)OC(CC)CCCC(OC6CCC(N(C)C)C(C)O6)C(C)C(=O)C5=CC4C3C2)C1OC	CCOC1C(OC)C(C)OC(OC2CC3CCC4C5CC(=O)OC(CC)CCCC(OC6CCC(N(C)C)C(C)O6)C(C)C(=O)C5=CC4C3C2)C1OC	CCOC1C(OC)C(C)OC(OC2CC3CCC4C5CC(=O)OC(CC)CCCC(OC6CCC(N(C)C)C(C)O6)C(C)C(=O)C5=CC4C3C2)C1OC	Spinetoram	https://envipath.org/package/5882df9c-dae1-4d80-a40e-db4724271456/compound/666423eb-1d82-4aa3-9a1d-87184de82ac9/structure/137dbda6-b5d0-4f94-bcc8-bdd21ad56083	0	0.8043093809268382	0.1670261328072191			4.581228472908512	1.29	0.14
747	CCOC1C(OC)C(C)OC(OC2CC3C(C)=CC4C5CC(=O)OC(CC)CCCC(OC6CCC(N(C)C)C(C)O6)C(C)C(=O)C5=CC4C3C2)C1OC	XDE-175-L	9	11.64874446887561	15.0	1.0662791185274088	1.2013971243204515	0.3224322887847743	1.06	0.37	0.13	CCOC1C(OC)C(C)OC(OC2CC3C(C)=CC4C5CC(=O)OC(CC)CCCC(OC6CCC(N(C)C)C(C)O6)C(C)C(=O)C5=CC4C3C2)C1OC	CCOC1C(OC)C(C)OC(OC2CC3C(C)=CC4C5CC(=O)OC(CC)CCCC(OC6CCC(N(C)C)C(C)O6)C(C)C(=O)C5=CC4C3C2)C1OC	CCOC1C(OC)C(C)OC(OC2CC3C(C)=CC4C5CC(=O)OC(CC)CCCC(OC6CCC(N(C)C)C(C)O6)C(C)C(=O)C5=CC4C3C2)C1OC	Spinetoram	https://envipath.org/package/5882df9c-dae1-4d80-a40e-db4724271456/compound/1d87bb45-e38f-41f5-bea3-51707c6e738a/structure/f0ac328f-cbef-4c99-b94f-4794b842b7fd	0	0.8043093809268382	0.1670261328072191			4.581228472908512	1.06	0.13
748	CCOC1C(OC)C(C)OC(OC2CC3C(C)=CC4C5CC(=O)OC(CC)CCCC(OC6CCC(N(C)C(=O)CCC(=O)O)C(C)O6)C(C)C(=O)C5=CC4C3C2)C1OC	N-succinyl-175-L	1	139.99999999999994	140.0	2.1461280356782377	0.0	0.0	2.12	0.46	0.56	CCOC1C(OC)C(C)OC(OC2CC3C(C)=CC4C5CC(=O)OC(CC)CCCC(OC6CCC(N(C)C(=O)CCC(=O)O)C(C)O6)C(C)C(=O)C5=CC4C3C2)C1OC	CCOC1C(OC)C(C)OC(OC2CC3C(C)=CC4C5CC(=O)OC(CC)CCCC(OC6CCC(N(C)C(=O)CCC(=O)O)C(C)O6)C(C)C(=O)C5=CC4C3C2)C1OC	CCOC1C(OC)C(C)OC(OC2CC3C(C)=CC4C5CC(=O)OC(CC)CCCC(OC6CCC(N(C)C(=O)CCC(=O)O)C(C)O6)C(C)C(=O)C5=CC4C3C2)C1OC	Spinetoram	https://envipath.org/package/5882df9c-dae1-4d80-a40e-db4724271456/compound/6c31b5c2-7d04-47d3-88bc-e11d52e4d3d1/structure/409ce55b-d35f-44aa-a4aa-3f0f87d438dd	2	0.0	0.0			0.0	2.12	0.56
749	CCOC1C(OC)C(C)OC(OC2CC3C(C)=CC4C5CC(=O)OC(CC)CCCC(OC6CCC(NC)C(C)O6)C(C)C(=O)C5=CC4C3C2)C1OC	N-demethyl-175-L	7	39.91748520858524	59.85	1.6011631730352547	1.3612366167313312	0.459708095680464	1.6	0.48	0.2	CCOC1C(OC)C(C)OC(OC2CC3C(C)=CC4C5CC(=O)OC(CC)CCCC(OC6CCC(NC)C(C)O6)C(C)C(=O)C5=CC4C3C2)C1OC	CCOC1C(OC)C(C)OC(OC2CC3C(C)=CC4C5CC(=O)OC(CC)CCCC(OC6CCC(NC)C(C)O6)C(C)C(=O)C5=CC4C3C2)C1OC	CCOC1C(OC)C(C)OC(OC2CC3C(C)=CC4C5CC(=O)OC(CC)CCCC(OC6CCC(NC)C(C)O6)C(C)C(=O)C5=CC4C3C2)C1OC	Spinetoram	https://envipath.org/package/5882df9c-dae1-4d80-a40e-db4724271456/compound/e0035203-0630-485f-bcfc-93e965ef0630/structure/176dae61-f1b7-4421-8413-e4e4c731f67c	1	0.7239348262468531	0.18263802669334078			5.150787536377127	1.6	0.2
750	CCOC1C(OC)C(C)OC(OC2CC3C(C)=CC4C5CC(=O)OC(CC)CCCC(OC6CCC(N=O)C(C)O6)C(C)C(=O)C5=CC4C3C2)C1OC	N-demethyl-N-nitroso-175-L	3	76.43446335837713	85.0	1.8832892207692795	0.23499847398414953	0.10133124872566943	1.88	0.35	0.23	CCOC1C(OC)C(C)OC(OC2CC3C(C)=CC4C5CC(=O)OC(CC)CCCC(OC6CCC(N=O)C(C)O6)C(C)C(=O)C5=CC4C3C2)C1OC	CCOC1C(OC)C(C)OC(OC2CC3C(C)=CC4C5CC(=O)OC(CC)CCCC(OC6CCC(N=O)C(C)O6)C(C)C(=O)C5=CC4C3C2)C1OC	CCOC1C(OC)C(C)OC(OC2CC3C(C)=CC4C5CC(=O)OC(CC)CCCC(OC6CCC(N=O)C(C)O6)C(C)C(=O)C5=CC4C3C2)C1OC	Spinetoram	https://envipath.org/package/5882df9c-dae1-4d80-a40e-db4724271456/compound/837796ad-36e4-4b3b-b875-296e8a89f396/structure/3b5ce519-20d8-48a4-a3c6-581cd7d03b8e	2	0.04714045207910342	0.040440197024745016			4.714045207910316	1.88	0.23
751	CCOC1C(OC)C(C)OC(OC2CC3CCC4C5CC(=O)OC(CC)CCCC(OC6CCC(N=O)C(C)O6)C(C)C(=O)C5=CC4C3C2)C1OC	N-demethyl-N-nitroso-175-J	2	178.98044585931717	197.5	2.252805585620776	0.3918014685686071	0.19590073428430355	2.22	0.43	0.36	CCOC1C(OC)C(C)OC(OC2CC3CCC4C5CC(=O)OC(CC)CCCC(OC6CCC(N=O)C(C)O6)C(C)C(=O)C5=CC4C3C2)C1OC	CCOC1C(OC)C(C)OC(OC2CC3CCC4C5CC(=O)OC(CC)CCCC(OC6CCC(N=O)C(C)O6)C(C)C(=O)C5=CC4C3C2)C1OC	CCOC1C(OC)C(C)OC(OC2CC3CCC4C5CC(=O)OC(CC)CCCC(OC6CCC(N=O)C(C)O6)C(C)C(=O)C5=CC4C3C2)C1OC	Spinetoram	https://envipath.org/package/5882df9c-dae1-4d80-a40e-db4724271456/compound/79f4454c-b7cf-4621-a883-b11a46de7bfa/structure/82ef571e-33b7-4568-af51-8aec71d0ebdf	2	0.050000000000000266	0.042893306323075864			0.0	2.22	0.36
752	CCOC1C(OC)C(C)OC(OC2CC3CCC4C5CC(=O)OC(CC)CCCC(OC6CCC(N(C)C(=O)CCC(=O)O)C(C)O6)C(C)C(=O)C5=CC4C3C2)C1OC	N-succinyl J	1	756.0000000000002	756.0	2.878521795501207	0.0	0.0	2.79	0.48	0.56	CCOC1C(OC)C(C)OC(OC2CC3CCC4C5CC(=O)OC(CC)CCCC(OC6CCC(N(C)C(=O)CCC(=O)O)C(C)O6)C(C)C(=O)C5=CC4C3C2)C1OC	CCOC1C(OC)C(C)OC(OC2CC3CCC4C5CC(=O)OC(CC)CCCC(OC6CCC(N(C)C(=O)CCC(=O)O)C(C)O6)C(C)C(=O)C5=CC4C3C2)C1OC	CCOC1C(OC)C(C)OC(OC2CC3CCC4C5CC(=O)OC(CC)CCCC(OC6CCC(N(C)C(=O)CCC(=O)O)C(C)O6)C(C)C(=O)C5=CC4C3C2)C1OC	Spinetoram	https://envipath.org/package/5882df9c-dae1-4d80-a40e-db4724271456/compound/e1afd70b-6eed-4d1c-832e-5f4e4d063abc/structure/5871d1a5-c15e-4c78-9ad0-6cad8e60ab5c	2	0.0	0.0			0.0	2.79	0.56
753	CCC(C)(C)C(=O)OC1=C(c2cc(Cl)cc(Cl)c2)C(=O)OC12CCCCC2	Spirodiclofen	5	6.399133085029807	7.8	0.8061211424386711	1.0725506671486116	0.39640711900383685	0.8	0.45	0.22	CCC(C)(C)C(=O)OC1=C(c2cc(Cl)cc(Cl)c2)C(=O)OC12CCCCC2	CCC(C)(C)C(=O)OC1=C(c2cc(Cl)cc(Cl)c2)C(=O)OC12CCCCC2	CCC(C)(C)C(=O)OC1=C(c2cc(Cl)cc(Cl)c2)C(=O)OC12CCCCC2	Spirodiclofen	https://envipath.org/package/5882df9c-dae1-4d80-a40e-db4724271456/compound/b0b21be0-5080-4e90-92ad-d076a1f087c5/structure/9bdd3ff1-11a5-4257-bb45-fcb7b2414a5e	0	0.523067873224881				0.0	0.8	0.22
754	O=C1OC2(CCCCC2)C(O)C1(O)c1cc(Cl)cc(Cl)c1	BAJ 2740-dihydroxy	3	8.9883800656434	3.9	0.9536814278906075	1.1104124834117035	0.5208148678813048	0.96	0.57	0.36	O=C1OC2(CCCCC2)C(O)C1(O)c1cc(Cl)cc(Cl)c1	O=C1OC2(CCCCC2)C(O)C1(O)c1cc(Cl)cc(Cl)c1	O=C1OC2(CCCCC2)C(O)C1(O)c1cc(Cl)cc(Cl)c1	Spirodiclofen	https://envipath.org/package/5882df9c-dae1-4d80-a40e-db4724271456/compound/9ed33fb9-83b0-47c3-9be9-a7e8bdf322a3/structure/1388be4f-2a4d-417b-8b9e-c2673b27d951	3	0.20548046676563253				0.0	0.96	0.36
755	O=C1OC2(CCCCC2)C(O)=C1c1cc(Cl)cc(Cl)c1	BAJ 2740-enol	4	3.5364273501814343	2.9	0.5485647406768013	0.712472474739666	0.26652138798828195	0.56	0.38	0.22	O=C1OC2(CCCCC2)C(O)=C1c1cc(Cl)cc(Cl)c1	O=C1OC2(CCCCC2)C(O)=C1c1cc(Cl)cc(Cl)c1	O=C1OC2(CCCCC2)C(O)=C1c1cc(Cl)cc(Cl)c1	Spirodiclofen	https://envipath.org/package/5882df9c-dae1-4d80-a40e-db4724271456/compound/7c94f490-ed9b-4738-8ebf-0980559a7def/structure/55466211-c303-46d3-bc7d-03222aa67341	1	0.5356071321407139				0.0	0.56	0.22
756	O=C(O)c1ccc(Cl)cc1Cl	2,4-dichlorobenzoic acid	4	7.7354559884933085	9.65	0.888485919515609	0.49732464080794947	0.20052373083623237	0.88	0.36	0.2	O=C(O)c1ccc(Cl)cc1Cl	O=C(O)c1ccc(Cl)cc1Cl	O=C(O)c1ccc(Cl)cc1Cl	Spirodiclofen	https://envipath.org/package/5882df9c-dae1-4d80-a40e-db4724271456/compound/79c84ed7-fff5-45cf-bba2-7403eccf4d34/structure/3c1f27f3-691b-421e-9a2e-d3522e796637	3	0.5760859310901456				0.0	0.88	0.2
757	O=C1OC2(CCCCC2)C(=O)C1(O)c1cc(Cl)cc(Cl)c1	BAJ 2740-ketohydroxy	4	4.7990014245440324	6.7	0.6811508788491792	1.6368220975871743	0.6078589892825592	0.7	0.61	0.34	O=C1OC2(CCCCC2)C(=O)C1(O)c1cc(Cl)cc(Cl)c1	O=C1OC2(CCCCC2)C(=O)C1(O)c1cc(Cl)cc(Cl)c1	O=C1OC2(CCCCC2)C(=O)C1(O)c1cc(Cl)cc(Cl)c1	Spirodiclofen	https://envipath.org/package/5882df9c-dae1-4d80-a40e-db4724271456/compound/fd70272b-4cc6-4867-9a89-dae193dba4b2/structure/2efc0448-1d9c-4743-84a1-5a86315ab973	2	0.5356071321407139				0.0	0.7	0.34
758	Cc1cc(C(=O)O)cc(C)c1C1=C(O)C2(CCCC2)OC1=O	M09	6	26.198221202048778	43.65	1.4182718047411094	2.1190228778361115	0.7239919202894415	1.43	0.71	0.33	Cc1cc(C(=O)O)cc(C)c1C1=C(O)C2(CCCC2)OC1=O	Cc1cc(C(=O)O)cc(C)c1C1=C(O)C2(CCCC2)OC1=O	Cc1cc(C(=O)O)cc(C)c1C1=C(O)C2(CCCC2)OC1=O	Spiromesifen	https://envipath.org/package/5882df9c-dae1-4d80-a40e-db4724271456/compound/e0f307ae-0b4f-40ce-bdc8-8bf5e6647b2b/structure/72ae8eed-8d64-4fd9-aad4-fe00b2666ec3	2	0.7065172798075546				0.14142135623730984	1.43	0.33
759	Cc1cc(C)c(C2=C(OC(=O)CC(C)(C)C)C3(CCCC3)OC2=O)c(C)c1	Spiromesifen	6	5.252632057805407	3.65	0.7203769799271523	0.8378796830090751	0.32020244559555217	0.73	0.38	0.17	Cc1cc(C)c(C2=C(OC(=O)CC(C)(C)C)C3(CCCC3)OC2=O)c(C)c1	Cc1cc(C)c(C2=C(OC(=O)CC(C)(C)C)C3(CCCC3)OC2=O)c(C)c1	Cc1cc(C)c(C2=C(OC(=O)CC(C)(C)C)C3(CCCC3)OC2=O)c(C)c1	Spiromesifen	https://envipath.org/package/5882df9c-dae1-4d80-a40e-db4724271456/compound/0a9587f4-8d12-4b75-96a8-a22cc53ffd8a/structure/e88e5814-8b9e-47c5-9c6d-a82e989ebae0	0	0.7065172798075546				0.14142135623730984	0.73	0.17
760	Cc1cc(C)c(C2=C(O)C3(CCCC3)OC2=O)c(C)c1	M01 (Spiromesifen-enol)	6	21.850743770417857	13.45	1.3394662243678002	1.060096621752043	0.38664074617966215	1.34	0.44	0.19	Cc1cc(C)c(C2=C(O)C3(CCCC3)OC2=O)c(C)c1	Cc1cc(C)c(C2=C(O)C3(CCCC3)OC2=O)c(C)c1	Cc1cc(C)c(C2=C(O)C3(CCCC3)OC2=O)c(C)c1	Spiromesifen	https://envipath.org/package/5882df9c-dae1-4d80-a40e-db4724271456/compound/cf517e01-a166-431d-80f4-5ce652b0c3b7/structure/b3bcdfad-6559-4b04-ae09-4c28e30ae172	1	0.7065172798075546				0.14142135623730984	1.34	0.19
761	COC1CCC2(CC1)NC(=O)C(O)(c1cc(C)ccc1C)C2=O	Spirotetramat Ketohydroxy	8	4.812899567294399	4.65	0.6824067991747753	1.046625212091902	0.37162574391998077	0.69	0.42	0.16	COC1CCC2(CC1)NC(=O)C(O)(c1cc(C)ccc1C)C2=O	COC1CCC2(CC1)NC(=O)C(O)(c1cc(C)ccc1C)C2=O	COC1CCC2(CC1)NC(=O)C(O)(c1cc(C)ccc1C)C2=O	Spirotetramat	https://envipath.org/package/5882df9c-dae1-4d80-a40e-db4724271456/compound/0c5af541-9ea9-43ab-8727-0c371863974b/structure/7d33d3af-69d6-4df3-92e4-1282f9ec35c8	2	0.49686517285879467	0.14548088693392333			0.0	0.69	0.16
762	CCOC(=O)OC1=C(c2cc(C)ccc2C)C(=O)NC12CCC(OC)CC2	Spirotetramat	6	0.38387640157142333	0.2795	-0.415808584893065	1.4233445884461324	0.47392583943038286	-0.42	0.55	0.26	CCOC(=O)OC1=C(c2cc(C)ccc2C)C(=O)NC12CCC(OC)CC2	CCOC(=O)OC1=C(c2cc(C)ccc2C)C(=O)NC12CCC(OC)CC2	CCOC(=O)OC1=C(c2cc(C)ccc2C)C(=O)NC12CCC(OC)CC2	Spirotetramat	https://envipath.org/package/5882df9c-dae1-4d80-a40e-db4724271456/compound/c3c052a7-9b0c-4a4d-ba1c-8faa3c739e7c/structure/e0bbb39c-9ac8-469e-8611-f081465401f2	0	0.5587684871413402	0.1693083667086545			0.0	-0.42	0.26
763	COC1CCC2(CC1)NC(=O)C(c1cc(C)ccc1C)=C2O	Spirotetramat Enol	8	0.04229485053762258	0.035	-1.3737125054200234	0.9030899869919435	0.37106536240353105	-1.31	0.45	0.3	COC1CCC2(CC1)NC(=O)C(c1cc(C)ccc1C)=C2O	COC1CCC2(CC1)NC(=O)C(c1cc(C)ccc1C)=C2O	COC1CCC2(CC1)NC(=O)C(c1cc(C)ccc1C)=C2O	Spirotetramat	https://envipath.org/package/5882df9c-dae1-4d80-a40e-db4724271456/compound/764ca72a-6805-4468-9e6b-21d541818332/structure/ffa2029f-0886-4aee-8a6d-023d2116551b	1	0.4968651728587946	0.14548088693392333			0.0	-1.31	0.3
764	COC1CCC(NC(=O)C(O)c2cc(C)ccc2C)(C(=O)O)CC1	Spirotetramat-MA-amide	8	1.3382740327720315	1.4500000000000002	0.12654505120104056	1.255272505103306	0.4507287454794717	0.14	0.49	0.18	COC1CCC(NC(=O)C(O)c2cc(C)ccc2C)(C(=O)O)CC1	COC1CCC(NC(=O)C(O)c2cc(C)ccc2C)(C(=O)O)CC1	COC1CCC(NC(=O)C(O)c2cc(C)ccc2C)(C(=O)O)CC1	Spirotetramat	https://envipath.org/package/5882df9c-dae1-4d80-a40e-db4724271456/compound/74c3ca00-1a5e-4f18-93a8-b12a2fd5593a/structure/ae9e6cd6-9413-4b7f-88ab-adf564566774	3	0.4968651728587946	0.14548088693392333			0.0	0.14	0.18
765	CCCN(CC)CC1COC2(CCC(C(C)(C)C)CC2)O1	Spiroxamine	12	74.43818464412387	63.85	1.871795773262422	0.5801100111243995	0.1984006049040601	1.87	0.28	0.09	CCCN(CC)CC1COC2(CCC(C(C)(C)C)CC2)O1	CCCN(CC)CC1COC2(CCC(C(C)(C)C)CC2)O1	CCCN(CC)CC1COC2(CCC(C(C)(C)C)CC2)O1	Spiroxamine	https://envipath.org/package/5882df9c-dae1-4d80-a40e-db4724271456/compound/b9e233a8-9d74-451e-841c-ade64e8c611c/structure/36dd9f5f-8fc3-4c16-914d-323ef4bd510e	0	0.6999999999999998				4.714045207910317	1.87	0.09
766	CS(=O)(=O)c1ccc(C(=O)C2C(=O)CCCC2=O)c(Cl)c1	Sulcotrione	12	24.49119433262865	21.9	1.3890099643579832	1.5685188430894117	0.41232111841368857	1.39	0.43	0.13	CS(=O)(=O)c1ccc(C(=O)C2C(=O)CCCC2=O)c(Cl)c1	CS(=O)(=O)c1ccc(C(=O)C2C(=O)CCCC2=O)c(Cl)c1	CS(=O)(=O)c1ccc(C(=O)C2C(=O)CCCC2=O)c(Cl)c1	Sulcotrione	https://envipath.org/package/5882df9c-dae1-4d80-a40e-db4724271456/compound/02dc246f-b37e-4606-a7ff-b38eb960a35e/structure/e870791c-463c-4ca2-8ab0-6edd1c6436b8	0	1.0045383129688097				5.222329678670935	1.39	0.13
767	CS(=O)(=O)c1ccc(C(=O)O)c(Cl)c1	ICIA0051-CMBA	6	23.93202679556125	31.05	1.3789794804293216	0.6781501603984453	0.25641400374292506	1.37	0.36	0.16	CS(=O)(=O)c1ccc(C(=O)O)c(Cl)c1	CS(=O)(=O)c1ccc(C(=O)O)c(Cl)c1	CS(=O)(=O)c1ccc(C(=O)O)c(Cl)c1	Sulcotrione	https://envipath.org/package/5882df9c-dae1-4d80-a40e-db4724271456/compound/8f83cec0-4049-4aef-9c2d-39cd2e40feb6/structure/5b29fb6b-3242-43a7-b0ea-e110300d072b	1	1.1006311320732702				0.0	1.37	0.16
768	CCS(=O)(=O)c1nc2ccccn2c1S(N)(=O)=O	Sulfonamide	7	39.02852420173862	39.2	1.5913821294734334	1.4737920357954428	0.48899588788365145	1.6	0.51	0.21	CCS(=O)(=O)c1nc2ccccn2c1S(N)(=O)=O	CCS(=O)(=O)c1nc2ccccn2c1S(N)(=O)=O	CCS(=O)(=O)c1nc2ccccn2c1S(N)(=O)=O	Sulfosulfuron	https://envipath.org/package/5882df9c-dae1-4d80-a40e-db4724271456/compound/ca5248a9-1430-463e-9be4-72ef8419ea3e/structure/3606b22f-1cc3-4e0a-aed8-fb5f04f0070d	1	0.6534023981265688	0.08525418250123422			0.0	1.6	0.21
769	CCS(=O)(=O)c1nc2ccccn2c1S(=O)(=O)NC(=O)Nc1nc(OC)cc(OC)n1	Sulfosulfuron	15	55.72137317879255	33.58	1.7460218104910485	1.3997284579334557	0.42515522960272417	1.74	0.44	0.12	CCS(=O)(=O)c1nc2ccccn2c1S(=O)(=O)NC(=O)Nc1nc(OC)cc(OC)n1	CCS(=O)(=O)c1nc2ccccn2c1S(=O)(=O)NC(=O)Nc1nc(OC)cc(OC)n1	CCS(=O)(=O)c1nc2ccccn2c1S(=O)(=O)NC(=O)Nc1nc(OC)cc(OC)n1	Sulfosulfuron	https://envipath.org/package/5882df9c-dae1-4d80-a40e-db4724271456/compound/5ce2f002-9d11-4f5a-8b66-86ae0229c3e6/structure/d8494b9e-8703-457e-a866-c2c8e1b457f1	0	0.8647157529115181	0.13856154585838615			3.5901098714230026	1.74	0.12
770	CCS(=O)(=O)c1nc2ccccn2c1S(=O)(=O)NC(=O)Nc1nc(O)cc(OC)n1	Desmethyl sulfosulfuron	7	33.1819655350825	34.31	1.5209021079016534	1.228038324434054	0.4723618100461178	1.52	0.5	0.21	CCS(=O)(=O)c1nc2ccccn2c1S(=O)(=O)NC(=O)Nc1nc(O)cc(OC)n1	CCS(=O)(=O)c1nc2ccccn2c1S(=O)(=O)NC(=O)Nc1nc(O)cc(OC)n1	CCS(=O)(=O)c1nc2ccccn2c1S(=O)(=O)NC(=O)Nc1nc(O)cc(OC)n1	Sulfosulfuron	https://envipath.org/package/5882df9c-dae1-4d80-a40e-db4724271456/compound/068d9683-b354-48c7-ae46-1841ed212bcb/structure/d6c32496-69ca-423e-9ed4-7d3d89e7c37c	1	0.6534023981265688	0.08525418250123422			0.0	1.52	0.21
771	CCS(=O)(=O)c1nc2ccccn2c1S(=O)(=O)NC(N)=O	Sulfonylurea	3	73.76539548089963	84.88	1.8678526751535387	0.27785557853667386	0.12134620985550375	1.85	0.37	0.24	CCS(=O)(=O)c1nc2ccccn2c1S(=O)(=O)NC(N)=O	CCS(=O)(=O)c1nc2ccccn2c1S(=O)(=O)NC(N)=O	CCS(=O)(=O)c1nc2ccccn2c1S(=O)(=O)NC(N)=O	Sulfosulfuron	https://envipath.org/package/5882df9c-dae1-4d80-a40e-db4724271456/compound/049ae09d-fd88-4605-8d58-3312648ce649/structure/ef90c1df-1e56-415d-b153-128f3c17eb81	3	0.5906681715556452	0.09915113007473458			0.0	1.85	0.24
772	CCS(=O)(=O)c1nc2ccccn2c1S(=O)(=O)NC(=O)NC(N)=O	Sulfonylbiuret	3	85.87615183946173	83.17	1.9338725752107504	0.32520377061667105	0.13312751556037322	1.94	0.36	0.23	CCS(=O)(=O)c1nc2ccccn2c1S(=O)(=O)NC(=O)NC(N)=O	CCS(=O)(=O)c1nc2ccccn2c1S(=O)(=O)NC(=O)NC(N)=O	CCS(=O)(=O)c1nc2ccccn2c1S(=O)(=O)NC(=O)NC(N)=O	Sulfosulfuron	https://envipath.org/package/5882df9c-dae1-4d80-a40e-db4724271456/compound/1405097f-99a9-4c56-a518-48420150fc73/structure/2f6fe881-c638-4e00-bc1d-2916e996191d	2	0.5906681715556452	0.09915113007473458			0.0	1.94	0.23
773	CC(c1ccc(C(F)(F)F)nc1)S(C)(=O)=NC#N	Sulfoxaflor	5	0.08705493932730224	0.082	-1.060206582826541	0.8021894912510825	0.3005169517832314	-1.12	0.48	0.33	CC(c1ccc(C(F)(F)F)nc1)S(C)(=O)=NC#N	CC(c1ccc(C(F)(F)F)nc1)S(C)(=O)=NC#N	CC(c1ccc(C(F)(F)F)nc1)S(C)(=O)=NC#N	Sulfoxaflor	https://envipath.org/package/5882df9c-dae1-4d80-a40e-db4724271456/compound/9aa7d01e-7a90-40cf-a330-d4749398100f/structure/14e4314e-2e12-4200-b2a4-84ac09d6cf7a	0	0.4923413450036467	0.3175616306267677			4.0	-1.12	0.33
774	CC(c1ccc(C(F)(F)F)nc1)S(C)(=N)=O	X11579457	4	113.27855403536049	108.56	2.054147696750426	0.7637383358686138	0.2828826971491727	2.06	0.38	0.22	CC(c1ccc(C(F)(F)F)nc1)S(C)(=N)=O	CC(c1ccc(C(F)(F)F)nc1)S(C)(=N)=O	CC(c1ccc(C(F)(F)F)nc1)S(C)(=N)=O	Sulfoxaflor	https://envipath.org/package/5882df9c-dae1-4d80-a40e-db4724271456/compound/df3ef17c-3db7-44f5-b7d5-3d225b8da757/structure/9303636c-dbf5-40b8-a5af-ca480352635e	2	0.544862367942584	0.30231063147177556			0.0	2.06	0.22
775	CC(c1ccc(C(F)(F)F)nc1)S(C)(=O)=NC(N)=O	X11719474	5	213.77330751684104	274.27	2.329953476729411	0.6413798465398717	0.2233606292245312	2.32	0.35	0.17	CC(c1ccc(C(F)(F)F)nc1)S(C)(=O)=NC(N)=O	CC(c1ccc(C(F)(F)F)nc1)S(C)(=O)=NC(N)=O	CC(c1ccc(C(F)(F)F)nc1)S(C)(=O)=NC(N)=O	Sulfoxaflor	https://envipath.org/package/5882df9c-dae1-4d80-a40e-db4724271456/compound/d78b0011-f20a-472e-9b9a-ef6614f0fa5a/structure/2f0c34eb-75d8-4f9d-8226-ebe94100978f	1	0.4923413450036467	0.3175616306267677			4.0	2.32	0.17
776	CC(c1ccc(C(F)(F)F)nc1)S(C)(=O)=O	X11519540	4	62.50316478187123	414.46	1.7959020079441659	3.4337956333416257	1.3929404513606543	1.77	1.24	0.66	CC(c1ccc(C(F)(F)F)nc1)S(C)(=O)=O	CC(c1ccc(C(F)(F)F)nc1)S(C)(=O)=O	CC(c1ccc(C(F)(F)F)nc1)S(C)(=O)=O	Sulfoxaflor	https://envipath.org/package/5882df9c-dae1-4d80-a40e-db4724271456/compound/d9a60bbd-d2b4-470b-b2da-b1c165f4597d/structure/3796fcd3-1b5b-4439-ad02-b1632b450bb3	2	0.5448623679425841	0.30231063147177556			0.0	1.77	0.66
777	CC(C)C(Nc1ccc(C(F)(F)F)cc1Cl)C(=O)O	Anilino acid	5	0.9767870445992106	1.0	-0.010200109194609404	1.278753600952829	0.4506812857447625	0.0	0.49	0.24	CC(C)C(Nc1ccc(C(F)(F)F)cc1Cl)C(=O)O	CC(C)C(Nc1ccc(C(F)(F)F)cc1Cl)C(=O)O	CC(C)C(Nc1ccc(C(F)(F)F)cc1Cl)C(=O)O	Tau-fluvalinate	https://envipath.org/package/5882df9c-dae1-4d80-a40e-db4724271456/compound/9ac369a0-f832-4707-b7db-1a166500277c/structure/737b0ae8-9239-49b9-9629-b38f0539c8e9	1	0.4147288270665543	0.24376175559656219			2.0	0.0	0.24
778	CC(C)C(Nc1ccc(C(F)(F)F)cc1Cl)C(=O)OC(C#N)c1cccc(Oc2ccccc2)c1	Tau-fluvalinate	9	34.23254038240058	32.3	1.5344391291443256	1.039007756145011	0.3292640677249225	1.54	0.37	0.13	CC(C)C(Nc1ccc(C(F)(F)F)cc1Cl)C(=O)OC(C#N)c1cccc(Oc2ccccc2)c1	CC(C)C(Nc1ccc(C(F)(F)F)cc1Cl)C(=O)OC(C#N)c1cccc(Oc2ccccc2)c1	CC(C)C(Nc1ccc(C(F)(F)F)cc1Cl)C(=O)OC(C#N)c1cccc(Oc2ccccc2)c1	Tau-fluvalinate	https://envipath.org/package/5882df9c-dae1-4d80-a40e-db4724271456/compound/b59c736e-1174-43ef-8020-e4a878227268/structure/585042d4-22d9-42c7-b263-9f6f1dbec6d2	0	0.6182412330330469	0.13567103658058813			4.08248290463863	1.54	0.13
779	Nc1ccc(C(F)(F)F)cc1Cl	Haloaniline	4	78.4525991532002	73.0	1.8946073364404008	0.5275738664887173	0.1899881261551832	1.9	0.36	0.2	Nc1ccc(C(F)(F)F)cc1Cl	Nc1ccc(C(F)(F)F)cc1Cl	Nc1ccc(C(F)(F)F)cc1Cl	Tau-fluvalinate	https://envipath.org/package/5882df9c-dae1-4d80-a40e-db4724271456/compound/9a2a8af2-31bb-4392-9bb3-6908a41670d8/structure/36cad942-419e-4281-802e-12a0eaf1d1c7	2	0.43229041164476445	0.13539363616268474			0.0	1.9	0.2
780	CC(C)(C)C(O)(CCc1ccc(Cl)cc1)Cn1cncn1	Tebuconazole	2	365.0	365.0	2.5622928644564746	0.0	0.0	3.72	0.47	1.03	CC(C)(C)C(O)(CCc1ccc(Cl)cc1)Cn1cncn1	CC(C)(C)C(O)(CCc1ccc(Cl)cc1)Cn1cncn1	CC(C)(C)C(O)(CCc1ccc(Cl)cc1)Cn1cncn1	Tebuconazole	https://envipath.org/package/5882df9c-dae1-4d80-a40e-db4724271456/compound/7eba7941-5d5d-4188-b652-b73aa50c5dec/structure/f8005cda-abaa-482c-8f71-8a952c7028ee	0	0.0				0.0	3.72	1.03
781	CCc1ccc(C(=O)NN(C(=O)c2cc(C)cc(C)c2)C(C)(C)C)cc1	Tebufenozide	10	83.28785837398506	37.55	1.9205816949780907	1.4641623703083184	0.6065726498109172	1.92	0.63	0.22	CCc1ccc(C(=O)NN(C(=O)c2cc(C)cc(C)c2)C(C)(C)C)cc1	CCc1ccc(C(=O)NN(C(=O)c2cc(C)cc(C)c2)C(C)(C)C)cc1	CCc1ccc(C(=O)NN(C(=O)c2cc(C)cc(C)c2)C(C)(C)C)cc1	Tebufenozide	https://envipath.org/package/5882df9c-dae1-4d80-a40e-db4724271456/compound/025bea4d-f3d5-4ddf-8ec7-b22e11566bea/structure/2e22f26b-556c-48b3-84fd-fc5bbf0bf71e	0	0.9654346171543673	0.2612475082904771			2.449489742783178	1.92	0.22
782	Cc1cc(C)cc(C(=O)N(NC(=O)c2ccc(CC(=O)O)cc2)C(C)(C)C)c1	RH-2703	4	3.374639266804732	3.645	0.5282273555939491	0.3397223955516254	0.14965059730130287	0.55	0.34	0.19	Cc1cc(C)cc(C(=O)N(NC(=O)c2ccc(CC(=O)O)cc2)C(C)(C)C)c1	Cc1cc(C)cc(C(=O)N(NC(=O)c2ccc(CC(=O)O)cc2)C(C)(C)C)c1	Cc1cc(C)cc(C(=O)N(NC(=O)c2ccc(CC(=O)O)cc2)C(C)(C)C)c1	Tebufenozide	https://envipath.org/package/5882df9c-dae1-4d80-a40e-db4724271456/compound/3c030ade-f251-4307-a109-4b17476016ab/structure/d2a364ba-be4a-46f8-9950-366b1c87c857	1	0.3682390527904397	0.17999533742854626			0.0	0.55	0.19
783	CC(=O)c1ccc(C(=O)NN(C(=O)c2cc(C)cc(C)c2)C(C)(C)C)cc1	RH-6595	4	9.959514220681012	12.100000000000001	0.9982381560519437	0.5286694241612331	0.20576234158052853	1.01	0.37	0.21	CC(=O)c1ccc(C(=O)NN(C(=O)c2cc(C)cc(C)c2)C(C)(C)C)cc1	CC(=O)c1ccc(C(=O)NN(C(=O)c2cc(C)cc(C)c2)C(C)(C)C)cc1	CC(=O)c1ccc(C(=O)NN(C(=O)c2cc(C)cc(C)c2)C(C)(C)C)cc1	Tebufenozide	https://envipath.org/package/5882df9c-dae1-4d80-a40e-db4724271456/compound/1fcd24b1-344b-4266-b1fb-c8a072c01f86/structure/846a9d10-700f-4b78-b2ca-432bee38bd65	1	0.3682390527904397	0.17999533742854626			0.0	1.01	0.21
784	Cc1cc(C)cc(C(=O)N(NC(=O)c2ccc(C(=O)O)cc2)C(C)(C)C)c1	RH-2651	4	6.269886702518961	6.16	0.7972596931568103	0.2315851425760026	0.09407817948994007	0.78	0.33	0.18	Cc1cc(C)cc(C(=O)N(NC(=O)c2ccc(C(=O)O)cc2)C(C)(C)C)c1	Cc1cc(C)cc(C(=O)N(NC(=O)c2ccc(C(=O)O)cc2)C(C)(C)C)c1	Cc1cc(C)cc(C(=O)N(NC(=O)c2ccc(C(=O)O)cc2)C(C)(C)C)c1	Tebufenozide	https://envipath.org/package/5882df9c-dae1-4d80-a40e-db4724271456/compound/75f8878d-9c9a-44fe-b069-21ba577b090c/structure/ee01d069-bbe3-4547-8c34-e285dc26c698	2	0.36823905279043967	0.17999533742854626			0.0	0.78	0.18
785	CCc1nn(C)c(C(N)=O)c1Cl	CL 810,729	3	0.6412929590589993	0.54	-0.19294352830139555	0.40187030230047005	0.17234814644827867	-0.16	0.38	0.26	CCc1nn(C)c(C(N)=O)c1Cl	CCc1nn(C)c(C(N)=O)c1Cl	CCc1nn(C)c(C(N)=O)c1Cl	Tebufenpyrad	https://envipath.org/package/5882df9c-dae1-4d80-a40e-db4724271456/compound/d351fa85-bd2c-4c0f-ae5d-cf8220b15328/structure/73665652-ee56-44f3-8d7a-a5f3f33cb620	1	0.8134289561274956	0.14970372157111553			0.0	-0.16	0.26
786	CCc1nn(C)c(C(=O)NCc2ccc(C(C)(C)C(=O)O)cc2)c1Cl	CL 810,721	3	20.132621960255776	22.1	1.3039003386600645	0.9022909168826106	0.36946982039472903	1.31	0.47	0.32	CCc1nn(C)c(C(=O)NCc2ccc(C(C)(C)C(=O)O)cc2)c1Cl	CCc1nn(C)c(C(=O)NCc2ccc(C(C)(C)C(=O)O)cc2)c1Cl	CCc1nn(C)c(C(=O)NCc2ccc(C(C)(C)C(=O)O)cc2)c1Cl	Tebufenpyrad	https://envipath.org/package/5882df9c-dae1-4d80-a40e-db4724271456/compound/ee6fdc14-d8d1-4760-9b5a-e16e7f9a1931/structure/eb875676-9ec6-46df-b43f-d84be89d6138	1	0.5099019513592786	0.21959454954275515			0.0	1.31	0.32
787	CCc1nn(C)c(C(=O)NCc2ccc(C(C)(C)C)cc2)c1Cl	Tebufenpyrad	6	60.04683667629477	65.2	1.7784901333006913	0.8120366263167524	0.2656610866457535	1.77	0.36	0.16	CCc1nn(C)c(C(=O)NCc2ccc(C(C)(C)C)cc2)c1Cl	CCc1nn(C)c(C(=O)NCc2ccc(C(C)(C)C)cc2)c1Cl	CCc1nn(C)c(C(=O)NCc2ccc(C(C)(C)C)cc2)c1Cl	Tebufenpyrad	https://envipath.org/package/5882df9c-dae1-4d80-a40e-db4724271456/compound/7adb0e53-1cb4-4b7b-8245-dde3e05290d5/structure/f196710f-1ed2-46c3-9025-a1a86e198b8c	0	0.928110386155057	0.187925650063943			5.0	1.77	0.16
788	CCc1nn(C)c(C(=O)O)c1Cl	CL 810,728	3	6.871301089044093	8.22	0.8370389790234433	0.6449027428814201	0.26897131198656227	0.84	0.42	0.28	CCc1nn(C)c(C(=O)O)c1Cl	CCc1nn(C)c(C(=O)O)c1Cl	CCc1nn(C)c(C(=O)O)c1Cl	Tebufenpyrad	https://envipath.org/package/5882df9c-dae1-4d80-a40e-db4724271456/compound/65558041-017c-4d2c-a116-7619cbce6e3a/structure/98c72f2d-b961-4884-a797-ac1da2c5530e	1	0.8134289561274956	0.14970372157111553			0.0	0.84	0.28
789	Nc1cc(Cl)c(F)c(Cl)c1F	3,5-dichloro-2,4-difluoroaniline	1	221.4	221.4	2.345177616542704	0.0	0.0	2.34	0.47	0.55	Nc1cc(Cl)c(F)c(Cl)c1F	Nc1cc(Cl)c(F)c(Cl)c1F	Nc1cc(Cl)c(F)c(Cl)c1F	Teflubenzuron	https://envipath.org/package/5882df9c-dae1-4d80-a40e-db4724271456/compound/be39d84e-a1c8-4f66-9ab2-021124e5d07c/structure/20f8610b-7ea1-4135-ac76-02c88a659eba	1	0.0	0.0			0.0	2.34	0.55
790	O=C(NC(=O)c1c(F)cccc1F)Nc1cc(Cl)c(F)c(Cl)c1F	Teflubenzuron	6	100.39923917974883	130.5	2.001730421760308	0.7750448667053049	0.26263863516486585	2.01	0.35	0.16	O=C(NC(=O)c1c(F)cccc1F)Nc1cc(Cl)c(F)c(Cl)c1F	O=C(NC(=O)c1c(F)cccc1F)Nc1cc(Cl)c(F)c(Cl)c1F	O=C(NC(=O)c1c(F)cccc1F)Nc1cc(Cl)c(F)c(Cl)c1F	Teflubenzuron	https://envipath.org/package/5882df9c-dae1-4d80-a40e-db4724271456/compound/ced5635a-efee-4395-8d35-d0ec21631540/structure/615227a3-1909-41c9-a2cf-448364717985	0	0.9451631252505216	0.24561000173169978			4.123105625617661	2.01	0.16
791	NC(=O)Nc1cc(Cl)c(F)c(Cl)c1F	3,5-dichloro-2,4-difluorophenylurea	1	44.70000000000001	44.7	1.6503075231319366	0.0	0.0	1.66	0.49	0.6	NC(=O)Nc1cc(Cl)c(F)c(Cl)c1F	NC(=O)Nc1cc(Cl)c(F)c(Cl)c1F	NC(=O)Nc1cc(Cl)c(F)c(Cl)c1F	Teflubenzuron	https://envipath.org/package/5882df9c-dae1-4d80-a40e-db4724271456/compound/7846ad2f-4fe5-45e6-ab58-c433eab920ee/structure/83267ceb-ec74-4964-8941-ef09585f271b	1	0.0	0.0			0.0	1.66	0.6
792	Cc1c(F)c(F)c(COC(=O)C2C(C=C(Cl)C(F)(F)F)C2(C)C)c(F)c1F	Tefluthrin (rac)	10	28.34791897566697	29.55	1.452521182786	1.4267782282790669	0.3655019134328926	1.44	0.4	0.13	Cc1c(F)c(F)c(COC(=O)C2C(C=C(Cl)C(F)(F)F)C2(C)C)c(F)c1F	Cc1c(F)c(F)c(COC(=O)C2C(C=C(Cl)C(F)(F)F)C2(C)C)c(F)c1F	Cc1c(F)c(F)c(COC(=O)C2C(C=C(Cl)C(F)(F)F)C2(C)C)c(F)c1F	Tefluthrin	https://envipath.org/package/5882df9c-dae1-4d80-a40e-db4724271456/compound/1b3213f2-3099-44d4-adee-f2fd2fb8ec2e/structure/757755b7-705b-4ef4-9caf-611daf79a809	0	0.7032069396699667	0.18106449649068895			5.678908345800274	1.44	0.13
793	CS(=O)(=O)c1ccc(C(=O)C2C(=O)CCCC2=O)c(Cl)c1COCC(F)(F)F	Tembotrione	9	12.395469923974773	14.2	1.0932629959300262	1.0135565106553068	0.3838678103233988	1.1	0.42	0.15	CS(=O)(=O)c1ccc(C(=O)C2C(=O)CCCC2=O)c(Cl)c1COCC(F)(F)F	CS(=O)(=O)c1ccc(C(=O)C2C(=O)CCCC2=O)c(Cl)c1COCC(F)(F)F	CS(=O)(=O)c1ccc(C(=O)C2C(=O)CCCC2=O)c(Cl)c1COCC(F)(F)F	Tembotrione	https://envipath.org/package/5882df9c-dae1-4d80-a40e-db4724271456/compound/ff308ac7-8e55-4774-a07c-82feb88bcf59/structure/021bca88-c15f-4088-be22-e990277e0e0b	0	0.7969076034240492	0.2084073453055634			4.374448818895451	1.1	0.15
794	CS(=O)(=O)c1ccc2c(=O)c3c(oc2c1COCC(F)(F)F)CCCC3=O	M3 AE0941989	3	1.1351874686296863	1.08	0.05506758828537893	0.08940041122931089	0.03957650823108109	0.09	0.35	0.24	CS(=O)(=O)c1ccc2c(=O)c3c(oc2c1COCC(F)(F)F)CCCC3=O	CS(=O)(=O)c1ccc2c(=O)c3c(oc2c1COCC(F)(F)F)CCCC3=O	CS(=O)(=O)c1ccc2c(=O)c3c(oc2c1COCC(F)(F)F)CCCC3=O	Tembotrione	https://envipath.org/package/5882df9c-dae1-4d80-a40e-db4724271456/compound/d83eff54-04f5-4419-8c32-a4e0d45c5c01/structure/85d466a8-a149-4d56-9bd3-aee7f923419f	1	0.1699673171197596	0.138673466436958			0.0	0.09	0.24
795	CS(=O)(=O)c1ccc(C(=O)O)c(Cl)c1CO	M2 AE1392936	3	10.832231104163405	11.3	1.034717917053056	0.3126118682137964	0.12828192061531263	1.02	0.35	0.23	CS(=O)(=O)c1ccc(C(=O)O)c(Cl)c1CO	CS(=O)(=O)c1ccc(C(=O)O)c(Cl)c1CO	CS(=O)(=O)c1ccc(C(=O)O)c(Cl)c1CO	Tembotrione	https://envipath.org/package/5882df9c-dae1-4d80-a40e-db4724271456/compound/61f98bbd-7ebe-4d85-a6e8-b25ca138923f/structure/37bd31f0-9172-468b-8316-f3e58f9bf416	2	0.18856180831641287	0.138673466436958			0.0	1.02	0.23
796	CC(C)(C)Nc1nc(N)nc(O)n1	MT14	4	115.46129007678853	102.35	2.0624364056665137	0.8765036243385473	0.3347522878309973	2.05	0.42	0.23	CC(C)(C)Nc1nc(N)nc(O)n1	CC(C)(C)Nc1nc(N)nc(O)n1	CC(C)(C)Nc1nc(N)nc(O)n1	Terbuthylazine	https://envipath.org/package/5882df9c-dae1-4d80-a40e-db4724271456/compound/20b85b48-c9f9-498f-8f06-397604e8f05e/structure/8bed5249-690d-415b-a84d-1fb8c7639843	2	1.065363787633126	0.16099625210510862			0.0	2.05	0.23
797	CC(C)(C)Nc1nc(N)nc(Cl)n1	MT1, GS 26379	19	60.435194046057745	61.8	1.7812899208843143	0.7158493657987939	0.18602604375338835	1.78	0.26	0.06	CC(C)(C)Nc1nc(N)nc(Cl)n1	CC(C)(C)Nc1nc(N)nc(Cl)n1	CC(C)(C)Nc1nc(N)nc(Cl)n1	Terbuthylazine	https://envipath.org/package/5882df9c-dae1-4d80-a40e-db4724271456/compound/062f3252-4799-496d-9458-0ddcda923bbd/structure/293e7717-a78d-4dde-980e-be3e5ddaf0cf	1	0.7663186813132249	0.17646274161735723			0.0	1.78	0.06
798	CCNc1nc(Cl)nc(NC(C)(C)C)n1	Terbuthylazine	22	109.62157295029955	111.0	2.0398960294341775	0.8915985495447132	0.20625566918961566	2.04	0.27	0.06	CCNc1nc(Cl)nc(NC(C)(C)C)n1	CCNc1nc(Cl)nc(NC(C)(C)C)n1	CCNc1nc(Cl)nc(NC(C)(C)C)n1	Terbuthylazine	https://envipath.org/package/5882df9c-dae1-4d80-a40e-db4724271456/compound/c7c42b56-8ed7-48eb-affc-7949209834fb/structure/ebe0c3f5-a7a2-4861-ae38-82c2d547f939	0	0.6397263425781604	0.15401370620032392			2.8747978728803454	2.04	0.06
799	CCNc1nc(O)nc(NC(C)(C)C)n1	MT13, GS 23158	6	472.8703757894445	471.5	2.6747421073455864	0.6840296545430822	0.27379467637103555	2.77	0.47	0.24	CCNc1nc(O)nc(NC(C)(C)C)n1	CCNc1nc(O)nc(NC(C)(C)C)n1	CCNc1nc(O)nc(NC(C)(C)C)n1	Terbuthylazine	https://envipath.org/package/5882df9c-dae1-4d80-a40e-db4724271456/compound/770696f8-5a52-4a23-a3da-bdfa2b62c421/structure/0ae9a249-62fc-406f-8163-a6e00cf78bb1	1	1.2093386622447826	0.2581939674798499			0.0	2.77	0.24
800	FC(F)C(F)(F)OCC(Cn1cncn1)c1ccc(Cl)cc1Cl	Tetraconazole	5	9999.000000000002	9999.0	3.9999565683801928	0.0	4.440892098500626e-16	4.37	0.46	0.95	FC(F)C(F)(F)OCC(Cn1cncn1)c1ccc(Cl)cc1Cl	FC(F)C(F)(F)OCC(Cn1cncn1)c1ccc(Cl)cc1Cl	FC(F)C(F)(F)OCC(Cn1cncn1)c1ccc(Cl)cc1Cl	Tetraconazole	https://envipath.org/package/5882df9c-dae1-4d80-a40e-db4724271456/compound/ccbf1083-d2d3-4616-a997-60949d7d1205/structure/9812c7b4-6047-41d7-b83d-559b7b5c0900	0	0.5238320341483519	0.3265113208363975			2.449489742783178	4.37	0.95
801	OCC(Cn1cncn1)c1ccc(Cl)cc1Cl	M14360-alcohol	3	0.30968403463691013	0.33	-0.5090811835609292	0.3521825181113624	0.14509594445060064	-0.47	0.37	0.25	OCC(Cn1cncn1)c1ccc(Cl)cc1Cl	OCC(Cn1cncn1)c1ccc(Cl)cc1Cl	OCC(Cn1cncn1)c1ccc(Cl)cc1Cl	Tetraconazole	https://envipath.org/package/5882df9c-dae1-4d80-a40e-db4724271456/compound/8dc6fe33-4373-4998-9a74-a3d9c8440327/structure/00aac3c5-d8cc-4100-a27b-e53a7f626ece	2	0.3771236166328253	0.16141959976097256			0.0	-0.47	0.25
802	c1ccc2[nH]c(-c3cscn3)nc2c1	Thiabendazole	8	55.515835034881846	71.05000000000001	1.7444168765891246	1.1871920418485982	0.36904490687485153	1.74	0.41	0.15	c1ccc2[nH]c(-c3cscn3)nc2c1	c1ccc2[nH]c(-c3cscn3)nc2c1	c1ccc2[nH]c(-c3cscn3)nc2c1	Thiabendazole	https://envipath.org/package/5882df9c-dae1-4d80-a40e-db4724271456/compound/9b9fcb01-b9bf-4973-994b-9ee5a92d0959/structure/87061be9-e720-4445-b0fb-97240ac311af	0	0.5688585061331156	0.10276158483743845			3.307189138830738	1.74	0.15
803	COC(=O)c1csc(C)c1S(=O)(=O)NC(=O)n1nc(OC)n(C)c1=O	Thiencarbazone-methyl	10	14.702422131658412	15.6	1.1673888879291596	1.2344223661301859	0.3926723267838728	1.17	0.42	0.14	COC(=O)c1csc(C)c1S(=O)(=O)NC(=O)n1nc(OC)n(C)c1=O	COC(=O)c1csc(C)c1S(=O)(=O)NC(=O)n1nc(OC)n(C)c1=O	COC(=O)c1csc(C)c1S(=O)(=O)NC(=O)n1nc(OC)n(C)c1=O	Thiencarbazone-methyl	https://envipath.org/package/5882df9c-dae1-4d80-a40e-db4724271456/compound/af42b8b2-3690-4f30-b0e9-91125c3338ee/structure/2f224c04-4036-4b1e-9dc4-6b57e70b8137	0	0.9099450532861861	0.31328216241411966			2.0	1.17	0.14
804	COc1nn(C(N)=O)c(=O)n1C	Triazolinone-carboxamide	3	20.05807702306099	20.7	1.3022892946712037	0.48474065158985447	0.19813085438482336	1.32	0.38	0.25	COc1nn(C(N)=O)c(=O)n1C	COc1nn(C(N)=O)c(=O)n1C	COc1nn(C(N)=O)c(=O)n1C	Thiencarbazone-methyl	https://envipath.org/package/5882df9c-dae1-4d80-a40e-db4724271456/compound/fbc9f519-9703-4f02-a4f1-9faaba471db2/structure/42f1ec73-6aad-45aa-be6e-94608146acfd	1	0.6377042156569666				0.0	1.32	0.25
805	COc1nn(C(=O)NS(=O)(=O)c2c(C(=O)O)csc2C)c(=O)n1C	BYH 18636-carboxylic acid	10	276.4213819895443	433.8	2.4415716339297635	0.9667590668613211	0.36922557100884135	2.44	0.41	0.14	COc1nn(C(=O)NS(=O)(=O)c2c(C(=O)O)csc2C)c(=O)n1C	COc1nn(C(=O)NS(=O)(=O)c2c(C(=O)O)csc2C)c(=O)n1C	COc1nn(C(=O)NS(=O)(=O)c2c(C(=O)O)csc2C)c(=O)n1C	Thiencarbazone-methyl	https://envipath.org/package/5882df9c-dae1-4d80-a40e-db4724271456/compound/85462b64-e997-49d8-a419-5df3e851e86b/structure/6cdcd22b-0b5c-4b77-841f-8a751ab092c2	1	0.9099450532861861	0.31328216241411966			2.0	2.44	0.14
806	COC(=O)c1csc(C)c1S(N)(=O)=O	BYH 18636-sulfonamide	5	6.239890643354012	7.4	0.7951769785599758	1.6736641390712488	0.5709073385921802	0.8	0.6	0.28	COC(=O)c1csc(C)c1S(N)(=O)=O	COC(=O)c1csc(C)c1S(N)(=O)=O	COC(=O)c1csc(C)c1S(N)(=O)=O	Thiencarbazone-methyl	https://envipath.org/package/5882df9c-dae1-4d80-a40e-db4724271456/compound/9287a19e-0cc1-489e-88b2-45b37b4f3922/structure/b0abaebf-68c6-45c5-bef1-fbaa0b2781c6	1	0.9099450532861861	0.31328216241411966			2.0	0.8	0.28
807	Cc1scc(C(=O)O)c1S(N)(=O)=O	Sulfonamide-carboxylic acid	5	4.302936520322305	4.7	0.6337649391392388	1.762123804949493	0.5631125792098983	0.65	0.57	0.27	Cc1scc(C(=O)O)c1S(N)(=O)=O	Cc1scc(C(=O)O)c1S(N)(=O)=O	Cc1scc(C(=O)O)c1S(N)(=O)=O	Thiencarbazone-methyl	https://envipath.org/package/5882df9c-dae1-4d80-a40e-db4724271456/compound/f9c6212a-d417-4c0b-82a0-6b798384a5c9/structure/d31d11f3-8a43-4ca6-9643-5546e6b0e1da	2	0.9099450532861861	0.31328216241411966			2.0	0.65	0.27
808	COc1n[nH]c(=O)n1C	MMT	4	11.937299174276315	17.15	1.0769060783520321	0.7823883033268983	0.3188490205001123	1.09	0.42	0.24	COc1n[nH]c(=O)n1C	COc1n[nH]c(=O)n1C	COc1n[nH]c(=O)n1C	Thiencarbazone-methyl	https://envipath.org/package/5882df9c-dae1-4d80-a40e-db4724271456/compound/b7c03685-2b64-42fd-8545-d2fd66372aa7/structure/9b92222a-40a8-4201-b239-9e303c4bc759	1	0.48476798574163305	0.2504413546006109			0.0	1.09	0.24
809	COC(=O)c1sccc1S(=O)(=O)NC(=O)Nc1nc(C)nc(OC)n1	Thifensulfuron-methyl	2	4.0	4.0	0.6020599913279624	0.0	0.0	0.62	0.4	0.34	COC(=O)c1sccc1S(=O)(=O)NC(=O)Nc1nc(C)nc(OC)n1	COC(=O)c1sccc1S(=O)(=O)NC(=O)Nc1nc(C)nc(OC)n1	COC(=O)c1sccc1S(=O)(=O)NC(=O)Nc1nc(C)nc(OC)n1	Thifensulfuron-methyl	https://envipath.org/package/5882df9c-dae1-4d80-a40e-db4724271456/compound/b96e6d83-9522-48ee-aeec-96c3a15e2721/structure/3748ab72-cec9-462c-b974-8e3b8bee07ec	0	0.10000000000000009	0.06800208137923003			0.0	0.62	0.34
810	CCN(CC)C(=O)SCc1ccc(Cl)cc1	Thiobencarb	5	98.1181176510493	72.1	1.9917492078832693	0.849799514690637	0.3087495929849961	2.0	0.39	0.19	CCN(CC)C(=O)SCc1ccc(Cl)cc1	CCN(CC)C(=O)SCc1ccc(Cl)cc1	CCN(CC)C(=O)SCc1ccc(Cl)cc1	Thiobencarb	https://envipath.org/package/5882df9c-dae1-4d80-a40e-db4724271456/compound/1990fcbf-dedc-452a-bdbf-d12a02141bc7/structure/69960d72-7319-4a5a-aef7-ebd93eadc969	0	0.7194442299441981	0.2243921115972966			4.454211490264017	2.0	0.19
811	Nc1nc2ccccc2[nH]1	2-AB (2-Amine-1H-benzimidazole)	4	11.779607882254693	12.5	1.0711308339648875	0.6449399878093537	0.2306387230708716	1.07	0.37	0.21	Nc1nc2ccccc2[nH]1	Nc1nc2ccccc2[nH]1	Nc1nc2ccccc2[nH]1	Thiophanate-methyl	https://envipath.org/package/5882df9c-dae1-4d80-a40e-db4724271456/compound/53b22ee2-a22f-49c9-ab8a-679005eddd38/structure/8c41c22c-2ea3-4709-94da-e90c0f37d21e	2	0.6759252917297888	0.24504342193906048			0.3897114317029968	1.07	0.21
812	COC(=O)NC(=O)Nc1cccc2sc(NC(=O)OC)nc12	CM-0237 (M2)	2	63.421210962894726	66.5	1.8022345301773839	0.26956315457486024	0.13478157728743012	1.77	0.41	0.34	COC(=O)NC(=O)Nc1cccc2sc(NC(=O)OC)nc12	COC(=O)NC(=O)Nc1cccc2sc(NC(=O)OC)nc12	COC(=O)NC(=O)Nc1cccc2sc(NC(=O)OC)nc12	Thiophanate-methyl	https://envipath.org/package/5882df9c-dae1-4d80-a40e-db4724271456/compound/0dd44ad5-1b04-4e3a-96b9-7a006f90788b/structure/fae5e454-4264-4c87-b828-898c4e1146ec	1	0.5	0.2793542852665829			0.0	1.77	0.34
813	COC(=O)NC(=S)Nc1ccccc1NC(=S)NC(=O)OC	Thiophanate-methyl	5	0.6816752865952325	0.59	-0.1664224505957524	1.045757490560675	0.3510382064066425	-0.14	0.43	0.22	COC(=O)NC(=S)Nc1ccccc1NC(=S)NC(=O)OC	COC(=O)NC(=S)Nc1ccccc1NC(=S)NC(=O)OC	COC(=O)NC(=S)Nc1ccccc1NC(=S)NC(=O)OC	Thiophanate-methyl	https://envipath.org/package/5882df9c-dae1-4d80-a40e-db4724271456/compound/e5b2f7a8-f0f6-4c19-b1c9-dae5ff269ffc/structure/83e76bba-3861-4f5c-94db-cf352a828365	0	0.6228964600958975	0.21996895443679215			3.9255063367672713	-0.14	0.22
814	COP(=S)(OC)Oc1c(Cl)cc(C)cc1Cl	Tolclofos-methyl	8	19.45781625560741	20.0	1.2890940979386925	0.4771212547196624	0.14515691929057298	1.29	0.29	0.11	COP(=S)(OC)Oc1c(Cl)cc(C)cc1Cl	COP(=S)(OC)Oc1c(Cl)cc(C)cc1Cl	COP(=S)(OC)Oc1c(Cl)cc(C)cc1Cl	Tolclofos-methyl	https://envipath.org/package/5882df9c-dae1-4d80-a40e-db4724271456/compound/ef3315c8-1547-49c4-a7d5-bafd19c0e15a/structure/07bd3095-0687-427e-8a66-ecf65c532044	0	0.9536115561380325	0.14463877803357642			4.635124054434789	1.29	0.11
815	COP(O)(=S)Oc1c(Cl)cc(C)cc1Cl	DM-TM	3	0.17716759849657207	0.67	-0.7516157016410332	1.919078092376074	0.8835571742543552	-0.45	0.59	0.43	COP(O)(=S)Oc1c(Cl)cc(C)cc1Cl	COP(O)(=S)Oc1c(Cl)cc(C)cc1Cl	COP(O)(=S)Oc1c(Cl)cc(C)cc1Cl	Tolclofos-methyl	https://envipath.org/package/5882df9c-dae1-4d80-a40e-db4724271456/compound/c1d2d7ac-c155-4255-913d-082667dcf250/structure/afa8d42f-0f36-440f-a970-adc8f022e784	1	1.1469767022723503	0.29826419994135556			0.0	-0.45	0.43
816	Cc1ccc(NS(=O)(=O)N(C)C)cc1	DMST (II)	4	2.3872578227466987	2.55	0.37789932514398733	0.7144821705142664	0.29412376395374756	0.4	0.41	0.23	Cc1ccc(NS(=O)(=O)N(C)C)cc1	Cc1ccc(NS(=O)(=O)N(C)C)cc1	Cc1ccc(NS(=O)(=O)N(C)C)cc1	Tolylfluanid	https://envipath.org/package/5882df9c-dae1-4d80-a40e-db4724271456/compound/f848a0c8-a710-4784-8c81-f26994ce5847/structure/5f13731b-23cd-4de8-81ae-90b10dd78fd2	1	0.6139014578904338				0.0	0.4	0.23
817	Cc1ccc(N(SC(F)(Cl)Cl)S(=O)(=O)N(C)C)cc1	Tolylfluanid	6	1.3474063739818698	1.65	0.12949859747606748	0.7958800173440752	0.2671198687042713	0.11	0.38	0.2	Cc1ccc(N(SC(F)(Cl)Cl)S(=O)(=O)N(C)C)cc1	Cc1ccc(N(SC(F)(Cl)Cl)S(=O)(=O)N(C)C)cc1	Cc1ccc(N(SC(F)(Cl)Cl)S(=O)(=O)N(C)C)cc1	Tolylfluanid	https://envipath.org/package/5882df9c-dae1-4d80-a40e-db4724271456/compound/2133844d-b174-4690-90c9-efeab2d65725/structure/d4c1b2ec-47f1-4463-ae12-57508a4a4121	0	0.5047001309908907				0.0	0.11	0.2
818	Cc1c(C(=O)c2cnn(C)c2O)ccc(S(C)(=O)=O)c1C1=NOCC1	Topramezone (BAS 670 H)	12	206.49818098284183	207.0	2.3149162303624258	0.6923159811074957	0.19343340151682384	2.31	0.28	0.09	Cc1c(C(=O)c2cnn(C)c2O)ccc(S(C)(=O)=O)c1C1=NOCC1	Cc1c(C(=O)c2cnn(C)c2O)ccc(S(C)(=O)=O)c1C1=NOCC1	Cc1c(C(=O)c2cnn(C)c2O)ccc(S(C)(=O)=O)c1C1=NOCC1	Topramezone (BAS 670 H)	https://envipath.org/package/5882df9c-dae1-4d80-a40e-db4724271456/compound/e9cd22a4-e2b8-42c1-bb80-af57a0a45adc/structure/04dbe33b-d927-4285-9551-b1aeac063c9b	0	0.8825468196582484	0.2954731976142604			4.08248290463863	2.31	0.09
819	Cc1c(C(=O)c2cnn(C)c2O)ccc(S(C)(=O)=O)c1C#N	M670H01	2	231.18607224484788	324.0	2.363961666559015	0.7543798645855402	0.3771899322927701	2.33	0.5	0.41	Cc1c(C(=O)c2cnn(C)c2O)ccc(S(C)(=O)=O)c1C#N	Cc1c(C(=O)c2cnn(C)c2O)ccc(S(C)(=O)=O)c1C#N	Cc1c(C(=O)c2cnn(C)c2O)ccc(S(C)(=O)=O)c1C#N	Topramezone (BAS 670 H)	https://envipath.org/package/5882df9c-dae1-4d80-a40e-db4724271456/compound/d847029a-bbd9-4b80-b952-211a0f5eba77/structure/c51c79ff-c651-4601-aca9-01c66db6ab0f	1	0.19999999999999973	0.05877000726763432			0.0	2.33	0.41
820	CCON=C(CC)C1C(=O)CC(c2c(C)cc(C)cc2C)CC1=O	Tralkoxydim	10	4.898933550852741	4.5	0.6901015487248141	1.4499690086760475	0.40470213549883877	0.7	0.43	0.14	CCON=C(CC)C1C(=O)CC(c2c(C)cc(C)cc2C)CC1=O	CCON=C(CC)C1C(=O)CC(c2c(C)cc(C)cc2C)CC1=O	CCON=C(CC)C1C(=O)CC(c2c(C)cc(C)cc2C)CC1=O	Tralkoxydim	https://envipath.org/package/5882df9c-dae1-4d80-a40e-db4724271456/compound/d3a47f89-b89b-496f-8c11-9be57102439f/structure/fa09ab15-a2ae-420e-994b-414cc1192648	0	0.6003332407921456	0.18971896675306388			4.58257569495584	0.7	0.14
821	Cc1cc(C)c(C(CC(=O)O)CC(=O)O)c(C)c1	R173642	6	37.492300007218645	39.15	1.573942083521152	1.307796508233985	0.4941769201035153	1.57	0.53	0.23	Cc1cc(C)c(C(CC(=O)O)CC(=O)O)c(C)c1	Cc1cc(C)c(C(CC(=O)O)CC(=O)O)c(C)c1	Cc1cc(C)c(C(CC(=O)O)CC(=O)O)c(C)c1	Tralkoxydim	https://envipath.org/package/5882df9c-dae1-4d80-a40e-db4724271456/compound/abefa088-c9f6-4e47-a76e-f8bf0e40eefc/structure/babcd4bd-2c22-405d-8d1a-929fb1165559	1	0.6211548384528077	0.21704760286695224			5.0	1.57	0.23
822	CCON=C(CC)C1C(=O)CC(c2c(C)cc(C(=O)O)cc2C)CC1=O	R223068	8	9.148947347315959	9.65	0.9613711282138921	1.390935107103379	0.3957488811120665	0.97	0.43	0.16	CCON=C(CC)C1C(=O)CC(c2c(C)cc(C(=O)O)cc2C)CC1=O	CCON=C(CC)C1C(=O)CC(c2c(C)cc(C(=O)O)cc2C)CC1=O	CCON=C(CC)C1C(=O)CC(c2c(C)cc(C(=O)O)cc2C)CC1=O	Tralkoxydim	https://envipath.org/package/5882df9c-dae1-4d80-a40e-db4724271456/compound/156f0e83-69eb-4e2e-8765-71f7ba18c726/structure/b4a6f8f5-cc8a-43bf-a543-4b359227fe77	1	0.5775757526073962	0.21038495836727167			4.841229182759271	0.97	0.16
823	CCc1nc2c(o1)CC(c1c(C)cc(C)cc1C)CC2=O	R163434	5	15.465010574195844	19.2	1.1893502212880072	1.231512066295736	0.4226044268160987	1.2	0.47	0.23	CCc1nc2c(o1)CC(c1c(C)cc(C)cc1C)CC2=O	CCc1nc2c(o1)CC(c1c(C)cc(C)cc1C)CC2=O	CCc1nc2c(o1)CC(c1c(C)cc(C)cc1C)CC2=O	Tralkoxydim	https://envipath.org/package/5882df9c-dae1-4d80-a40e-db4724271456/compound/876096cd-cda7-4ceb-9379-87740b1ee944/structure/f2b3e43c-7002-433c-9f75-a708ff50e6c1	1	0.48	0.20906364600481153			0.0	1.2	0.23
824	O=S(=O)(O)CC(Cl)=C(Cl)Cl	TCPSA	3	17.789776564168193	15.6	1.250170493471323	0.6489018631808575	0.26796651858290066	1.24	0.41	0.26	O=S(=O)(O)CC(Cl)=C(Cl)Cl	O=S(=O)(O)CC(Cl)=C(Cl)Cl	O=S(=O)(O)CC(Cl)=C(Cl)Cl	Tri-allate	https://envipath.org/package/5882df9c-dae1-4d80-a40e-db4724271456/compound/23432482-55d2-4356-a398-b06389c19722/structure/d852cb1e-2ecd-4995-a618-0e3f41085cc5	1	0.8498365855987975	0.1566622242136671			0.0	1.24	0.26
825	CC(C)N(C(=O)SCC(Cl)=C(Cl)Cl)C(C)C	Tri-allate	5	54.28494344188556	50.0	1.734679389683641	0.43820318868929276	0.14604639275611528	1.73	0.32	0.15	CC(C)N(C(=O)SCC(Cl)=C(Cl)Cl)C(C)C	CC(C)N(C(=O)SCC(Cl)=C(Cl)Cl)C(C)C	CC(C)N(C(=O)SCC(Cl)=C(Cl)Cl)C(C)C	Tri-allate	https://envipath.org/package/5882df9c-dae1-4d80-a40e-db4724271456/compound/1e570a2c-42b0-4a14-bd61-1821053c5e9f/structure/32b39b92-1197-4ea9-94f7-1ec6189bba91	0	0.5621387729022077	0.023372686306057325			4.0	1.73	0.15
826	CC(C)(C)C(O)C(Oc1ccc(Cl)cc1)n1cncn1	Triadimenol	4	187.99036093495184	199.5	2.2741355817100564	0.9899803395012374	0.3523535175618767	2.27	0.43	0.23	CC(C)(C)C(O)C(Oc1ccc(Cl)cc1)n1cncn1	CC(C)(C)C(O)C(Oc1ccc(Cl)cc1)n1cncn1	CC(C)(C)C(O)C(Oc1ccc(Cl)cc1)n1cncn1	Triadimenol	https://envipath.org/package/5882df9c-dae1-4d80-a40e-db4724271456/compound/ffec5efc-e2f2-4d67-a669-d126cd88a640/structure/eeecbf2c-f8d8-41f3-ae3b-2c4a8dad0d74	0	0.3897114317029975	0.04041635660376955			0.0	2.27	0.23
827	COc1nc(C)nc(NC(=O)NS(=O)(=O)O)n1	SYN546832	3	37.21005432164809	24.4	1.570660304033219	0.7010833636494178	0.3141873344490196	1.57	0.43	0.29	COc1nc(C)nc(NC(=O)NS(=O)(=O)O)n1	COc1nc(C)nc(NC(=O)NS(=O)(=O)O)n1	COc1nc(C)nc(NC(=O)NS(=O)(=O)O)n1	Triasulfuron	https://envipath.org/package/5882df9c-dae1-4d80-a40e-db4724271456/compound/74a5fcd5-f2a4-425b-9e46-a3c0bc5fe40a/structure/6c1d84a5-f911-41b5-adc6-00ef9771aec4	1	0.4988876515698589	0.19479537188244112			0.0	1.57	0.29
828	COc1nc(C)nc(NC(=O)NS(=O)(=O)c2ccccc2OCCCl)n1	Triasulfuron	9	49.57441458403748	60.6	1.6952575943967898	0.6343945089192053	0.24276595799681783	1.7	0.32	0.11	COc1nc(C)nc(NC(=O)NS(=O)(=O)c2ccccc2OCCCl)n1	COc1nc(C)nc(NC(=O)NS(=O)(=O)c2ccccc2OCCCl)n1	COc1nc(C)nc(NC(=O)NS(=O)(=O)c2ccccc2OCCCl)n1	Triasulfuron	https://envipath.org/package/5882df9c-dae1-4d80-a40e-db4724271456/compound/661caf6e-0774-4170-a9e7-3882ed9d32bf/structure/69f5576b-06ae-46fd-8fcd-a95de462f4bf	0	1.1441747254983112	0.10932606402430461			0.0	1.7	0.11
829	N=C(NC(N)=O)NC(=O)NS(=O)(=O)c1ccccc1OCCCl	SYN546702	9	88.17094015926804	101.5	1.9453254716622461	0.8071385306944256	0.266071930971879	1.94	0.33	0.12	N=C(NC(N)=O)NC(=O)NS(=O)(=O)c1ccccc1OCCCl	N=C(NC(N)=O)NC(=O)NS(=O)(=O)c1ccccc1OCCCl	N=C(NC(N)=O)NC(=O)NS(=O)(=O)c1ccccc1OCCCl	Triasulfuron	https://envipath.org/package/5882df9c-dae1-4d80-a40e-db4724271456/compound/a75265df-e3a0-4cf8-b2e0-214bbc381008/structure/740609dc-ae3b-44bd-bd62-9882254a699f	2	0.9201449161228175	0.13780855053626836			0.0	1.94	0.12
830	Cc1nc(O)nc(NC(=O)NS(=O)(=O)c2ccccc2OCCCl)n1	CGA 195660	6	13.412903342902343	14.25	1.1275227949526088	0.7909884750888158	0.3021765257509389	1.14	0.38	0.17	Cc1nc(O)nc(NC(=O)NS(=O)(=O)c2ccccc2OCCCl)n1	Cc1nc(O)nc(NC(=O)NS(=O)(=O)c2ccccc2OCCCl)n1	Cc1nc(O)nc(NC(=O)NS(=O)(=O)c2ccccc2OCCCl)n1	Triasulfuron	https://envipath.org/package/5882df9c-dae1-4d80-a40e-db4724271456/compound/d7bb49c2-e116-4701-9d0c-19b951a1326a/structure/b1e7f1ff-9dd3-4602-8b6c-96ff9e8a6684	1	1.0561986345169905	0.09626889338728141			0.0	1.14	0.17
831	[O-][n+]1nc(-n2ccnc2)nc2ccc(Cl)cc21	Triazoxide	4	249.31987485700566	258.5	2.39675690023133	0.1259814609553147	0.04723185268370354	2.4	0.33	0.18	[O-][n+]1nc(-n2ccnc2)nc2ccc(Cl)cc21	[O-][n+]1nc(-n2ccnc2)nc2ccc(Cl)cc21	[O-][n+]1nc(-n2ccnc2)nc2ccc(Cl)cc21	Triazoxide	https://envipath.org/package/5882df9c-dae1-4d80-a40e-db4724271456/compound/96e6afe1-7047-4c95-93cf-45dbbada2be5/structure/ba32e646-a118-4e64-9cb6-ede026f6bbfd	0	0.6647367900154164	0.1695645185911938			0.0	2.4	0.18
832	Clc1ccc2nc(-n3ccnc3)nnc2c1	Triazoxide desoxy	4	9.813597586329326	8.3	0.9918282454505039	0.803573330388712	0.302522798761667	1.0	0.4	0.23	Clc1ccc2nc(-n3ccnc3)nnc2c1	Clc1ccc2nc(-n3ccnc3)nnc2c1	Clc1ccc2nc(-n3ccnc3)nnc2c1	Triazoxide	https://envipath.org/package/5882df9c-dae1-4d80-a40e-db4724271456/compound/8c0d2657-96e6-4b67-8385-998adfcc0cc9/structure/58351071-ef56-4105-bb89-09cc464412ad	1	0.6647367900154164	0.1695645185911938			0.0	1.0	0.23
833	CNc1nc(C)nc(OC)n1	IN-L5296 Triazine Amine	4	247.0053371791736	231.5	2.3927063373990247	0.7600110248591303	0.2706629276704725	2.39	0.39	0.22	CNc1nc(C)nc(OC)n1	CNc1nc(C)nc(OC)n1	CNc1nc(C)nc(OC)n1	Tribenuron-methyl	https://envipath.org/package/5882df9c-dae1-4d80-a40e-db4724271456/compound/d093d46d-d36c-4214-9df6-9a2f410139f7/structure/49b538e5-55fa-4871-9d80-64a7fcef3d34	1	0.46029881598804906	0.04982087824943825			0.0	2.39	0.22
834	COC(=O)c1ccccc1S(=O)(=O)NC(=O)N(C)c1nc(C)nc(OC)n1	Tribenuron-methyl	14	9.389240655808335	10.0	0.9726304706125223	1.1856365769619117	0.333029729030536	0.97	0.36	0.1	COC(=O)c1ccccc1S(=O)(=O)NC(=O)N(C)c1nc(C)nc(OC)n1	COC(=O)c1ccccc1S(=O)(=O)NC(=O)N(C)c1nc(C)nc(OC)n1	COC(=O)c1ccccc1S(=O)(=O)NC(=O)N(C)c1nc(C)nc(OC)n1	Tribenuron-methyl	https://envipath.org/package/5882df9c-dae1-4d80-a40e-db4724271456/compound/1c15c524-6ab3-4889-81e9-33c8910d798a/structure/c61f429b-c9b2-48a3-89f1-a5dcd75dfcbf	0	1.2420358534376092	0.19979685026894356			4.487637339278753	0.97	0.1
835	COP(=O)(OC)C(O)C(Cl)(Cl)Cl	Trichlorfon	6	8.526915792434437	10.6	0.9307919741288806	1.2928355170487096	0.4260936500261773	0.93	0.48	0.22	COP(=O)(OC)C(O)C(Cl)(Cl)Cl	COP(=O)(OC)C(O)C(Cl)(Cl)Cl	COP(=O)(OC)C(O)C(Cl)(Cl)Cl	Trichlorfon	https://envipath.org/package/5882df9c-dae1-4d80-a40e-db4724271456/compound/8bd9f35f-3d30-4589-9e14-698965d73b11/structure/32491cfe-0630-4215-927e-c1af53b006f3	0	0.6182412330330468				1.8856180831641267	0.93	0.22
836	O=C(O)COc1nc(Cl)c(Cl)cc1Cl	Triclopyr	4	27.252679805267892	33.5	1.4354092136738743	0.6020599913279625	0.2782263752978166	1.44	0.38	0.21	O=C(O)COc1nc(Cl)c(Cl)cc1Cl	O=C(O)COc1nc(Cl)c(Cl)cc1Cl	O=C(O)COc1nc(Cl)c(Cl)cc1Cl	Triclopyr	https://envipath.org/package/5882df9c-dae1-4d80-a40e-db4724271456/compound/8aa1fe13-2c4a-4e35-b6a7-ea7b1e939300/structure/e820634f-e3fc-4ebf-9995-42153c9733e5	1	1.3160072188251857	0.17177639215076643			0.0	1.44	0.21
837	O=c1[nH]c(Cl)c(Cl)cc1Cl	TCP	8	39.662514810613295	43.5	1.5983802472809596	1.3404441148401185	0.46049570450973265	1.61	0.49	0.18	O=c1[nH]c(Cl)c(Cl)cc1Cl	O=c1[nH]c(Cl)c(Cl)cc1Cl	O=c1[nH]c(Cl)c(Cl)cc1Cl	Triclopyr	https://envipath.org/package/5882df9c-dae1-4d80-a40e-db4724271456/compound/83bbe3e7-1ae9-4cb3-924d-0079817bde74/structure/fab6551f-27ec-4585-8ae6-9d5139a7e44a	2	0.9886859966642595	0.25813289347644996			3.307189138830738	1.61	0.18
838	CCCCOCCOC(=O)COc1nc(Cl)c(Cl)cc1Cl	Triclopyr BEE	4	3.0000000000000004	3.0	0.4771212547196625	0.0	0.0	-1.03	0.46	1.06	CCCCOCCOC(=O)COc1nc(Cl)c(Cl)cc1Cl	CCCCOCCOC(=O)COc1nc(Cl)c(Cl)cc1Cl	CCCCOCCOC(=O)COc1nc(Cl)c(Cl)cc1Cl	Triclopyr	https://envipath.org/package/5882df9c-dae1-4d80-a40e-db4724271456/compound/9ee7810d-f638-4f3f-aeed-cdb4db282490/structure/11759d5b-4ec4-401f-af8d-36b05eb3f2d6	0	1.3160072188251857	0.17177639215076643			0.0	-1.03	1.06
839	Cc1cccc(S(C)(=O)=O)c1-n1cnnc1	Metabolite D	3	298.0756830728319	244.0	2.474326547860729	0.42919770240247956	0.18568999631758512	2.47	0.39	0.26	Cc1cccc(S(C)(=O)=O)c1-n1cnnc1	Cc1cccc(S(C)(=O)=O)c1-n1cnnc1	Cc1cccc(S(C)(=O)=O)c1-n1cnnc1	Tricyclazole	https://envipath.org/package/5882df9c-dae1-4d80-a40e-db4724271456/compound/9e045bc3-7afb-4422-9ffa-3bec0e778f3d/structure/528d75c9-dc8c-4ddf-8331-551f5fa74db5	1	0.7071067811865476	0.17929775033184722			0.0	2.47	0.26
840	Cc1cccc2sc3nncn3c12	Tricyclazole	9	271.12522629384506	313.0	2.4331699275049687	1.1618840979367122	0.3337277408995329	2.43	0.38	0.14	Cc1cccc2sc3nncn3c12	Cc1cccc2sc3nncn3c12	Cc1cccc2sc3nncn3c12	Tricyclazole	https://envipath.org/package/5882df9c-dae1-4d80-a40e-db4724271456/compound/d48a638a-fc8c-4914-8fa5-ec1bf782603d/structure/6dc4f651-d558-4bb6-8dea-505f3f1f6b0f	0	0.8175543172954289	0.26231433568948204			0.0	2.43	0.14
841	CON=C(C(=O)O)c1ccccc1CON=C(C(=O)O)c1cccc(C(F)(F)F)c1	NOA 413163	15	59.440492149968875	53.6	1.7740823965992703	0.9994867506017928	0.2695920644494501	1.77	0.31	0.08	CON=C(C(=O)O)c1ccccc1CON=C(C(=O)O)c1cccc(C(F)(F)F)c1	CON=C(C(=O)O)c1ccccc1CON=C(C(=O)O)c1cccc(C(F)(F)F)c1	CON=C(C(=O)O)c1ccccc1CON=C(C(=O)O)c1cccc(C(F)(F)F)c1	Trifloxystrobin	https://envipath.org/package/5882df9c-dae1-4d80-a40e-db4724271456/compound/e697cb00-3d3d-41f3-b10e-66b75972ffff/structure/44a07c39-7844-4df1-88e8-3b332a2c7740	3	0.9171453295719036	0.16825366483462365			0.04422166387140596	1.77	0.08
842	CON=C(C(=O)OC)c1ccccc1CON=C(C)c1cccc(C(F)(F)F)c1	Trifloxystrobin	22	0.34792860914631757	0.405	-0.45850985902609165	1.8603380065709936	0.4277079335287523	-0.46	0.46	0.1	CON=C(C(=O)OC)c1ccccc1CON=C(C)c1cccc(C(F)(F)F)c1	CON=C(C(=O)OC)c1ccccc1CON=C(C)c1cccc(C(F)(F)F)c1	CON=C(C(=O)OC)c1ccccc1CON=C(C)c1cccc(C(F)(F)F)c1	Trifloxystrobin	https://envipath.org/package/5882df9c-dae1-4d80-a40e-db4724271456/compound/14b0afd6-5b95-4527-a8a7-43f82e771883/structure/02e2a7d8-f3ff-45e7-a59b-c9cfa24dcfd9	0	0.9443455033789625	0.13869623149818752			2.386307358643759	-0.46	0.1
843	CC(=NOCc1ccccc1C#N)c1cccc(C(F)(F)F)c1	CGA 357276	8	40.264226050989336	42.3	1.604919355607385	0.6165937240427137	0.2293782832838	1.6	0.32	0.12	CC(=NOCc1ccccc1C#N)c1cccc(C(F)(F)F)c1	CC(=NOCc1ccccc1C#N)c1cccc(C(F)(F)F)c1	CC(=NOCc1ccccc1C#N)c1cccc(C(F)(F)F)c1	Trifloxystrobin	https://envipath.org/package/5882df9c-dae1-4d80-a40e-db4724271456/compound/aae72803-fffb-4c04-89a2-14f7cdafa5ca/structure/43bfc8ab-9965-4d04-bbb5-d24994c8c5fb	2	0.8261355820929155	0.1322469895370735			0.3000000000000007	1.6	0.12
844	CON=C(C(=O)O)c1ccccc1CON=C(C)c1cccc(C(F)(F)F)c1	CGA 373466	22	125.55245903629765	105.80000000000001	2.0988252231057833	1.3827476117033475	0.38782974329503006	2.1	0.4	0.09	CON=C(C(=O)O)c1ccccc1CON=C(C)c1cccc(C(F)(F)F)c1	CON=C(C(=O)O)c1ccccc1CON=C(C)c1cccc(C(F)(F)F)c1	CON=C(C(=O)O)c1ccccc1CON=C(C)c1cccc(C(F)(F)F)c1	Trifloxystrobin	https://envipath.org/package/5882df9c-dae1-4d80-a40e-db4724271456/compound/5c90340f-601b-497b-9e81-fd2eeffe60e7/structure/52e343b5-7347-4345-8c08-1a47cd9b5961	2	0.9443455033789627	0.13869623149818752			2.386307358643759	2.1	0.09
845	CCCOCC(=Nc1ccc(Cl)cc1C(F)(F)F)n1ccnc1	Triflumizole (NF-114)	4	18.89310922720066	20.0	1.276303435375484	0.4771212547196624	0.20264099486249718	1.27	0.35	0.2	CCCOCC(=Nc1ccc(Cl)cc1C(F)(F)F)n1ccnc1	CCCOCC(=Nc1ccc(Cl)cc1C(F)(F)F)n1ccnc1	CCCOCC(=Nc1ccc(Cl)cc1C(F)(F)F)n1ccnc1	Triflumizole (NF-114)	https://envipath.org/package/5882df9c-dae1-4d80-a40e-db4724271456/compound/18a108e5-da78-4d20-942f-2f9d365fb692/structure/50bc18cd-6951-4a65-984d-8b3cbaf0f131	0	0.9000000000000004	0.004825692838090423				1.27	0.2
846	Nc1ccc(Cl)cc1C(F)(F)F	FA1-1	6	9.436576316906669	8.65	0.9748144565468835	0.22184874961635637	0.09047919867436166	0.97	0.3	0.13	Nc1ccc(Cl)cc1C(F)(F)F	Nc1ccc(Cl)cc1C(F)(F)F	Nc1ccc(Cl)cc1C(F)(F)F	Triflumizole (NF-114)	https://envipath.org/package/5882df9c-dae1-4d80-a40e-db4724271456/compound/173fc506-bed9-43d3-bbe5-0b4b299143c9/structure/573f0268-370a-4358-8171-78e92181634e	2	0.8839620404117415	0.005296650269656887				0.97	0.13
847	O=C(NC(=O)c1ccccc1Cl)Nc1ccc(OC(F)(F)F)cc1	Triflumuron	7	8.022512902337713	7.3	0.9043104242293137	1.4855544222565253	0.44515511863183155	0.91	0.47	0.19	O=C(NC(=O)c1ccccc1Cl)Nc1ccc(OC(F)(F)F)cc1	O=C(NC(=O)c1ccccc1Cl)Nc1ccc(OC(F)(F)F)cc1	O=C(NC(=O)c1ccccc1Cl)Nc1ccc(OC(F)(F)F)cc1	Triflumuron	https://envipath.org/package/5882df9c-dae1-4d80-a40e-db4724271456/compound/13ac270f-4142-4f6d-b8c2-60b96229ce9c/structure/e03b3555-a34a-4c7a-b0b3-6d04580095d0	0	0.7342912729083655	0.1667446062083046			1.049781318335648	0.91	0.19
848	O=C(O)c1ccccc1Cl	M02 2-chlorobenzoic acid	5	1.5241585201856658	1.2	0.18303013817267352	0.8450980400142568	0.3371312646129314	0.2	0.41	0.2	O=C(O)c1ccccc1Cl	O=C(O)c1ccccc1Cl	O=C(O)c1ccccc1Cl	Triflumuron	https://envipath.org/package/5882df9c-dae1-4d80-a40e-db4724271456/compound/84c96310-72a4-4746-a431-70f5c6084530/structure/91ca651f-adfd-4d9f-bb15-b011c96c21a3	1	0.282842712474619	0.15662538251267463			0.0	0.2	0.2
849	NC(=O)Nc1ccc(OC(F)(F)F)cc1	M08 4-trifluoromethoxyphenyl urea	4	1.8663872083412534	1.74	0.2710017492716342	0.6603406019798879	0.23738408343588938	0.28	0.38	0.21	NC(=O)Nc1ccc(OC(F)(F)F)cc1	NC(=O)Nc1ccc(OC(F)(F)F)cc1	NC(=O)Nc1ccc(OC(F)(F)F)cc1	Triflumuron	https://envipath.org/package/5882df9c-dae1-4d80-a40e-db4724271456/compound/bc6337b7-09b3-4c8a-b209-f5b056fbe866/structure/0a43680f-fb61-4b4e-bac4-e824a5c854c6	1	0.48989794855663565	0.1872218602853597			1.299038105676658	0.28	0.21
850	CCCN(CCC)c1c([N+](=O)[O-])cc(C(F)(F)F)cc1[N+](=O)[O-]	Trifluralin	5	184.86827385823665	189.0	2.2668623861698336	0.4796100551233571	0.1635845865051225	2.26	0.32	0.16	CCCN(CCC)c1c([N+](=O)[O-])cc(C(F)(F)F)cc1[N+](=O)[O-]	CCCN(CCC)c1c([N+](=O)[O-])cc(C(F)(F)F)cc1[N+](=O)[O-]	CCCN(CCC)c1c([N+](=O)[O-])cc(C(F)(F)F)cc1[N+](=O)[O-]	Trifluralin	https://envipath.org/package/5882df9c-dae1-4d80-a40e-db4724271456/compound/bf5d9a2c-f619-4de5-8e94-a72b3defe205/structure/e737fcfc-abd2-4cf4-bf21-38360afe5bf5	0	0.7730459236035074	0.28108754274093556			0.0	2.26	0.16
851	CNc1nc(N)nc(OCC(F)(F)F)n1	IN-E7710 (N-desmethyl triazine amine)	8	109.8517736365514	117.0	2.040807073312503	0.970036776622557	0.3017664707918506	2.04	0.36	0.14	CNc1nc(N)nc(OCC(F)(F)F)n1	CNc1nc(N)nc(OCC(F)(F)F)n1	CNc1nc(N)nc(OCC(F)(F)F)n1	Triflusulfuron-methyl	https://envipath.org/package/5882df9c-dae1-4d80-a40e-db4724271456/compound/e1dc9fb3-7876-4091-af1e-7ab8da16bef7/structure/6501208f-b8e3-48e2-9240-645d9a446ada	2	0.8930285549745876	0.24321101662412417			0.0	2.04	0.14
852	COC(=O)c1cccc(C)c1S(=O)(=O)NC(=O)Nc1nc(OCC(F)(F)F)nc(N(C)C)n1	Triflusulfuron-methyl	9	7.600606099815757	6.3	0.880848225874199	0.5365584425715301	0.18450930332346846	0.88	0.29	0.1	COC(=O)c1cccc(C)c1S(=O)(=O)NC(=O)Nc1nc(OCC(F)(F)F)nc(N(C)C)n1	COC(=O)c1cccc(C)c1S(=O)(=O)NC(=O)Nc1nc(OCC(F)(F)F)nc(N(C)C)n1	COC(=O)c1cccc(C)c1S(=O)(=O)NC(=O)Nc1nc(OCC(F)(F)F)nc(N(C)C)n1	Triflusulfuron-methyl	https://envipath.org/package/5882df9c-dae1-4d80-a40e-db4724271456/compound/0bdc7528-f43f-48d3-bfac-63e1a952e070/structure/d6f30cd3-7d4e-40be-83d7-0afe432459f5	0	0.865383665716478	0.11724548282770385			4.08248290463863	0.88	0.1
853	CN(C)c1nc(N)nc(OCC(F)(F)F)n1	IN-D8526 (triazine amine)	5	77.62499217757845	74.0	1.8900015694199386	0.6455256851090527	0.28245589640318197	1.89	0.38	0.19	CN(C)c1nc(N)nc(OCC(F)(F)F)n1	CN(C)c1nc(N)nc(OCC(F)(F)F)n1	CN(C)c1nc(N)nc(OCC(F)(F)F)n1	Triflusulfuron-methyl	https://envipath.org/package/5882df9c-dae1-4d80-a40e-db4724271456/compound/e6bb37cc-a0dc-46b5-adf2-fb9ff84fba6f/structure/c6e20332-6752-4b5a-ad13-fa01f36c5a76	1	0.9728309205612247	0.22279755180769112			2.449489742783178	1.89	0.19
854	Cc1cccc2c1S(=O)(=O)NC2=O	IN-W6725 (methyl saccharin)	10	88.05146228106813	94.5	1.9447365727431094	1.4913616938342729	0.4240494743372601	1.95	0.46	0.15	Cc1cccc2c1S(=O)(=O)NC2=O	Cc1cccc2c1S(=O)(=O)NC2=O	Cc1cccc2c1S(=O)(=O)NC2=O	Triflusulfuron-methyl	https://envipath.org/package/5882df9c-dae1-4d80-a40e-db4724271456/compound/2dc049eb-3d9d-4647-9e79-550b1425dfa6/structure/0dfaaee6-3e2d-46e7-b004-3fba288ebb7d	1	0.8845337754998391	0.21816512211134595			2.0	1.95	0.15
855	Nc1nc(N)nc(OCC(F)(F)F)n1	IN-M7222 (N,N-bis-desmethyl triazine amine)	8	214.7505284936373	212.0	2.331934241288323	0.78265175161032	0.22328577911216602	2.33	0.32	0.12	Nc1nc(N)nc(OCC(F)(F)F)n1	Nc1nc(N)nc(OCC(F)(F)F)n1	Nc1nc(N)nc(OCC(F)(F)F)n1	Triflusulfuron-methyl	https://envipath.org/package/5882df9c-dae1-4d80-a40e-db4724271456/compound/6d811846-1b00-4b25-8a14-9a33f8982255/structure/1d60e2af-2261-4a3a-86ed-c87681d600aa	3	0.8930285549745876	0.24321101662412417			0.0	2.33	0.12
856	CCOC(=O)C1CC(=O)C(=C(O)C2CC2)C(=O)C1	Trinexapac-ethyl	11	0.12086086961441712	0.1375	-0.9177142852540026	1.0280287236002437	0.28489827966143494	-0.91	0.34	0.12	CCOC(=O)C1CC(=O)C(=C(O)C2CC2)C(=O)C1	CCOC(=O)C1CC(=O)C(=C(O)C2CC2)C(=O)C1	CCOC(=O)C1CC(=O)C(=C(O)C2CC2)C(=O)C1	Trinexapac-ethyl	https://envipath.org/package/5882df9c-dae1-4d80-a40e-db4724271456/compound/03fee84b-3625-466b-8487-f194543af0ed/structure/5cb84af3-e46c-4ad7-91b9-d00dbb6260f7	0	0.5474790711372752	0.04756687749112665			4.165977904505309	-0.91	0.12
857	O=C1CC(C(=O)O)CC(=O)C1=C(O)C1CC1	Trinexapac-acid	10	10.465567516927967	9.55	1.019762783824961	1.0253058652647704	0.3246938286928489	1.02	0.36	0.12	O=C1CC(C(=O)O)CC(=O)C1=C(O)C1CC1	O=C1CC(C(=O)O)CC(=O)C1=C(O)C1CC1	O=C1CC(C(=O)O)CC(=O)C1=C(O)C1CC1	Trinexapac-ethyl	https://envipath.org/package/5882df9c-dae1-4d80-a40e-db4724271456/compound/6cbaedab-122c-4c42-99c7-7aab418fa970/structure/b4a4e2e4-5062-4cdb-a4c4-622c06c7d02f	1	0.5800377142910624	0.04484648217846054			4.153311931459037	1.02	0.12
858	CC1(C)CCC(=Cc2ccc(Cl)cc2)C1(O)Cn1cncn1	Triticonazole RPA 400727	12	344.47328909273824	334.0	2.5371555517897293	0.8355812462604062	0.2756965725042373	2.53	0.33	0.1	CC1(C)CCC(=Cc2ccc(Cl)cc2)C1(O)Cn1cncn1	CC1(C)CCC(=Cc2ccc(Cl)cc2)C1(O)Cn1cncn1	CC1(C)CCC(=Cc2ccc(Cl)cc2)C1(O)Cn1cncn1	Triticonazole (RPA 400727)	https://envipath.org/package/5882df9c-dae1-4d80-a40e-db4724271456/compound/59b2607a-2cd6-4813-83e9-8dda5788b96b/structure/d65295be-13a1-40f8-a04b-f2aff99086f8	0	0.171294094079938	0.46958300972967004			6.855654600401044	2.53	0.1
859	CC1(C)CC(O)C(=Cc2ccc(Cl)cc2)C1(O)Cn1cncn1	Metabolite 3 (RPA 406341)	6	74.79852331977706	109.1	1.8738930240622853	1.552304364526532	0.5316566361175207	1.86	0.55	0.24	CC1(C)CC(O)C(=Cc2ccc(Cl)cc2)C1(O)Cn1cncn1	CC1(C)CC(O)C(=Cc2ccc(Cl)cc2)C1(O)Cn1cncn1	CC1(C)CC(O)C(=Cc2ccc(Cl)cc2)C1(O)Cn1cncn1	Triticonazole (RPA 400727)	https://envipath.org/package/5882df9c-dae1-4d80-a40e-db4724271456/compound/89c86c39-e031-4b01-8c4c-1a39223de66e/structure/c39da210-bb1d-4af5-8ee4-01a7c9374210	1	0.8539125638299665	0.3585650422187608			0.0	1.86	0.24
860	CC1(C)CCC(=Cc2ccc(Cl)c(O)c2)C1(O)Cn1cncn1	Metabolite 6 (RPA 407922; MWT 349)	3	4.4909447535211315	4.8	0.6523377125135061	0.1393684520309414	0.06045632951403795	0.68	0.35	0.23	CC1(C)CCC(=Cc2ccc(Cl)c(O)c2)C1(O)Cn1cncn1	CC1(C)CCC(=Cc2ccc(Cl)c(O)c2)C1(O)Cn1cncn1	CC1(C)CCC(=Cc2ccc(Cl)c(O)c2)C1(O)Cn1cncn1	Triticonazole (RPA 400727)	https://envipath.org/package/5882df9c-dae1-4d80-a40e-db4724271456/compound/7b4dc6e9-f767-4e50-957e-ebd664bd55e1/structure/c610695a-776d-4a4a-89c4-3956fec9884f	1	0.49665548085837813	0.3766570306233816			0.0	0.68	0.23
861	CC1(C)C[C](O)C(=Cc2ccc(Cl)cc2)C1(O)Cn1cncn1	Metabolite 1 (RPA 404766)	3	31.05367046726637	31.0	1.4921129400832553	0.3405385369476548	0.13902529042062162	1.5	0.36	0.24	CC1(C)C[C](O)C(=Cc2ccc(Cl)cc2)C1(O)Cn1cncn1	CC1(C)C[C](O)C(=Cc2ccc(Cl)cc2)C1(O)Cn1cncn1	CC1(C)C[C](O)C(=Cc2ccc(Cl)cc2)C1(O)Cn1cncn1	Triticonazole (RPA 400727)	https://envipath.org/package/5882df9c-dae1-4d80-a40e-db4724271456/compound/dedf9193-ffcb-4d62-b1ff-5fd17902c099/structure/6dd7bae9-c7a6-4a3a-b6dc-dbad469c2547	1	1.0077477638553984	0.10372150787967559			0.0	1.5	0.24
862	CC(C)OC(=O)NC(C(=O)NC(CC(=O)O)c1ccc(Cl)cc1)C(C)C	S2 (IR5885-acid)	4	0.5615461766641983	0.585	-0.2506145253403913	0.4499690086760476	0.1747907081011174	-0.24	0.35	0.2	CC(C)OC(=O)NC(C(=O)NC(CC(=O)O)c1ccc(Cl)cc1)C(C)C	CC(C)OC(=O)NC(C(=O)NC(CC(=O)O)c1ccc(Cl)cc1)C(C)C	CC(C)OC(=O)NC(C(=O)NC(CC(=O)O)c1ccc(Cl)cc1)C(C)C	Valifenalate (IR5885)	https://envipath.org/package/5882df9c-dae1-4d80-a40e-db4724271456/compound/e7ab9431-e22b-4557-9ec7-f90b17c2ec81/structure/714a95e8-7872-441f-98cf-d0b075e2d640	1	0.6357672530100934	0.15711116757858157			0.0	-0.24	0.2
863	COC(=O)CC(NC(=O)C(NC(=O)OC(C)C)C(C)C)c1ccc(Cl)cc1	Valifenalate (IR5885)	4	0.1296148139681572	0.14	-0.8873453591370686	0.9542425094393248	0.3390321725339556	-0.82	0.41	0.25	COC(=O)CC(NC(=O)C(NC(=O)OC(C)C)C(C)C)c1ccc(Cl)cc1	COC(=O)CC(NC(=O)C(NC(=O)OC(C)C)C(C)C)c1ccc(Cl)cc1	COC(=O)CC(NC(=O)C(NC(=O)OC(C)C)C(C)C)c1ccc(Cl)cc1	Valifenalate (IR5885)	https://envipath.org/package/5882df9c-dae1-4d80-a40e-db4724271456/compound/2afa7b20-d674-4259-84c7-e6aa824ea690/structure/0d510670-eb3d-4033-847e-9cd2d255b55f	0	0.6357672530100934	0.15711116757858154			0.0	-0.82	0.25
864	O=C(O)c1ccc(Cl)cc1	S3 (4-chlorobenzoic acid)	3	2.4249707723122	2.3	0.3847065085052822	0.1903316981702915	0.07938326177085069	0.39	0.35	0.23	O=C(O)c1ccc(Cl)cc1	O=C(O)c1ccc(Cl)cc1	O=C(O)c1ccc(Cl)cc1	Valifenalate (IR5885)	https://envipath.org/package/5882df9c-dae1-4d80-a40e-db4724271456/compound/bc3bbff7-8f3b-41c2-8c14-185f5293072a/structure/edc40797-2e05-46d6-b10d-018f809dce89	2	0.7193206671730088	0.1386196648457455			0.0	0.39	0.23
865	COc1ccnc(C(=O)NCC(=O)O)c1O	X763024	4	11.48551543706934	13.15	1.0601504898620855	0.5698753079565612	0.23548547516953203	1.07	0.37	0.21	COc1ccnc(C(=O)NCC(=O)O)c1O	COc1ccnc(C(=O)NCC(=O)O)c1O	COc1ccnc(C(=O)NCC(=O)O)c1O	XDE-777	https://envipath.org/package/5882df9c-dae1-4d80-a40e-db4724271456/compound/3b559e16-30d7-43f3-871d-9bffc2d5a283/structure/0e11b707-6924-4ff4-8b96-28cc614edabf	3	0.6576473218982952	0.1432510040421259			0.0	1.07	0.21
866	COc1ccnc(C(N)=O)c1O	X12313581	4	11.767265678723692	9.55	1.0706755589692463	0.42535833936519096	0.17686857969692393	1.08	0.35	0.19	COc1ccnc(C(N)=O)c1O	COc1ccnc(C(N)=O)c1O	COc1ccnc(C(N)=O)c1O	XDE-777	https://envipath.org/package/5882df9c-dae1-4d80-a40e-db4724271456/compound/4b4c6f35-c9ea-4012-8e87-49a8a05b8ea7/structure/5dc975b2-8c1c-4297-96f3-7715607ec6ab	4	0.9861541461658012	0.1432510040421259			0.0	1.08	0.19
867	COc1ccnc(C(=O)NC(CO)C(=O)O)c1O	X12264475	4	1.1833034565996419	1.325	0.07309613315426369	0.49267310242581946	0.20840602990389898	0.09	0.36	0.2	COc1ccnc(C(=O)NC(CO)C(=O)O)c1O	COc1ccnc(C(=O)NC(CO)C(=O)O)c1O	COc1ccnc(C(=O)NC(CO)C(=O)O)c1O	XDE-777	https://envipath.org/package/5882df9c-dae1-4d80-a40e-db4724271456/compound/6390d9ad-2871-4a81-a982-5cbec0f2e19d/structure/6b58bd19-c8b8-4aa3-8455-ff06369bdf3f	2	0.7595228765481656	0.1432510040421259			0.0	0.09	0.2
868	CC1OC(=O)C(Cc2ccccc2)C1O	X11963422	4	0.5748514876358642	0.7649999999999999	-0.24044434040782034	1.619788758288394	0.6913143472740384	-0.17	0.69	0.38	CC1OC(=O)C(Cc2ccccc2)C1O	CC1OC(=O)C(Cc2ccccc2)C1O	CC1OC(=O)C(Cc2ccccc2)C1O	XDE-777	https://envipath.org/package/5882df9c-dae1-4d80-a40e-db4724271456/compound/85838dde-0b0b-4db1-b361-cf17110bf73b/structure/c13df6f3-bf1d-45eb-bba9-2fb176a30242	3	1.0547511554864493	0.15535086763369366			0.0	-0.17	0.38
869	COc1ccnc(C(=O)O)c1O	X696476	4	999.9999999999998	1000.0	3.0	0.0	0.0	4.29	0.46	0.95	COc1ccnc(C(=O)O)c1O	COc1ccnc(C(=O)O)c1O	COc1ccnc(C(=O)O)c1O	XDE-777	https://envipath.org/package/5882df9c-dae1-4d80-a40e-db4724271456/compound/e14efb46-3e84-453f-a96f-a0090b6441be/structure/50923e56-61ce-4793-866a-18e4c28800bb	5	0.7628073151196176	0.1432510040421259			0.0	4.29	0.95
870	COc1ccnc(C(=O)NC2COC(=O)C(Cc3ccccc3)C(OC(=O)C(C)C)C(C)OC2=O)c1OCOC(=O)C(C)C	XDE-777	8	1.2641197524107652	1.2999999999999998	0.10178821741765887	0.3756636139608853	0.1353466183378506	0.1	0.28	0.11	COc1ccnc(C(=O)NC2COC(=O)C(Cc3ccccc3)C(OC(=O)C(C)C)C(C)OC2=O)c1OCOC(=O)C(C)C	COc1ccnc(C(=O)NC2COC(=O)C(Cc3ccccc3)C(OC(=O)C(C)C)C(C)OC2=O)c1OCOC(=O)C(C)C	COc1ccnc(C(=O)NC2COC(=O)C(Cc3ccccc3)C(OC(=O)C(C)C)C(C)OC2=O)c1OCOC(=O)C(C)C	XDE-777	https://envipath.org/package/5882df9c-dae1-4d80-a40e-db4724271456/compound/9032f739-201a-46f1-b1e5-c6c449b9a0fe/structure/d2121446-1c53-4149-8506-c3e4dd41a826	0	0.9178779875342911	0.1432510040421259			0.0	0.1	0.11
871	COc1ccnc(C(=O)NC2COC(=O)C(Cc3ccccc3)C(OC(=O)C(C)C)C(C)OC2=O)c1O	X642188	8	3.90246283982405	3.6950000000000003	0.5913387762991704	0.545944049349031	0.2209203452441084	0.61	0.32	0.12	COc1ccnc(C(=O)NC2COC(=O)C(Cc3ccccc3)C(OC(=O)C(C)C)C(C)OC2=O)c1O	COc1ccnc(C(=O)NC2COC(=O)C(Cc3ccccc3)C(OC(=O)C(C)C)C(C)OC2=O)c1O	COc1ccnc(C(=O)NC2COC(=O)C(Cc3ccccc3)C(OC(=O)C(C)C)C(C)OC2=O)c1O	XDE-777	https://envipath.org/package/5882df9c-dae1-4d80-a40e-db4724271456/compound/e41749fe-7415-4338-b8bc-9c9d37db78c5/structure/268e0eaf-bdaf-4ee0-835b-d35e76bfd80d	1	0.9178779875342911	0.1432510040421259			0.0	0.61	0.12
872	COc1ccnc(C(=O)NC2COC(=O)C(Cc3ccccc3)C(O)C(C)OC2=O)c1O	X696872	8	9.410946161892245	10.0	0.9736332889141671	0.44339788246891254	0.20404209977942409	0.98	0.31	0.11	COc1ccnc(C(=O)NC2COC(=O)C(Cc3ccccc3)C(O)C(C)OC2=O)c1O	COc1ccnc(C(=O)NC2COC(=O)C(Cc3ccccc3)C(O)C(C)OC2=O)c1O	COc1ccnc(C(=O)NC2COC(=O)C(Cc3ccccc3)C(O)C(C)OC2=O)c1O	XDE-777	https://envipath.org/package/5882df9c-dae1-4d80-a40e-db4724271456/compound/5b8082fc-8ab5-4083-a4a6-a42437189bf2/structure/6ce78042-5283-49d9-ad62-d0f23d8f7ae8	2	0.9178779875342911	0.1432510040421259			0.0	0.98	0.11
